catalogue_ticker,company_name,catalogue_country,catalogue_exchange_hint,catalogue_is_us_listed,resolution_status,resolution_note,exchange_code,mic,symbol,symbol_format,security_kind,listing_country,currency,figi,share_class_figi,isin,is_primary,is_us,confidence,source
000089,Shenzhen Airport Co Ltd,CN,SZSE,false,resolved,,C2,XSHE,000089,numeric_suffixed,ordinary,CN,CNY,BBG00F1364N8,BBG001SFKW64,,true,false,0.95,openfigi
000333,Midea Group Co Ltd,CN,SZSE,false,resolved,,C2,XSHE,000333,numeric_suffixed,ordinary,CN,CNY,BBG00DY63KP5,BBG001SN4SP3,,true,false,0.95,openfigi
000333,Midea Group Co Ltd,CN,SZSE,false,resolved,,US,OOTC,MGCLY,us,adr,US,USD,BBG01QJV8NJ3,BBG01QJV8SN7,,false,true,0.75,finnhub_directory
000333,Midea Group Co Ltd,CN,SZSE,false,resolved,,US,OOTC,MGCOF,us,ordinary,US,USD,BBG01QKKY989,BBG01PNK2PQ7,,false,true,0.75,finnhub_directory
000568,Luzhou Lao Jiao Co Ltd,CN,SZSE,false,resolved,,C2,XSHE,000568,numeric_suffixed,ordinary,CN,CNY,BBG00F136BD3,BBG001SJWJ99,,true,false,0.95,openfigi
0A0L,Sectra AB,GB,LSE,false,resolved,resolved without an exchange filter to LO,LO,,0A0L,unknown,ordinary,,,BBG00NXB92H6,BBG001S95M67,,true,false,0.8,openfigi
0A0L,Sectra AB,GB,LSE,false,resolved,resolved without an exchange filter to LO,US,OOTC,STKTF,us,ordinary,US,USD,BBG01NMV07M5,BBG001S95M67,,false,true,0.8,finnhub_directory
0A0L,Sectra AB,GB,LSE,false,resolved,resolved without an exchange filter to LO,US,OOTC,SCTAY,us,adr,US,USD,BBG01P4VQ6Q0,BBG01P4VQ7K4,,false,true,0.75,finnhub_directory
0A0X,Fox Corporation,GB,LSE,false,resolved,,LN,XLON,0A0X,numeric_suffixed,ordinary,GB,GBP,BBG00SYG7D63,BBG00JHNJX06,,true,false,0.95,openfigi
0A0X,Fox Corporation,GB,LSE,false,resolved,,US,XNAS,FOXA,us,ordinary,US,USD,BBG00JHNJW99,BBG00JHNJX06,,false,true,0.9,finnhub_directory
0A0X,Fox Corporation,GB,LSE,false,resolved,,US,XNAS,FOX,us,ordinary,US,USD,BBG00JHNKJY8,BBG00JHNKKR3,,false,true,0.75,finnhub_directory
0A1U,Uber Technologies Inc,GB,LSE,false,resolved,,LN,XLON,0A1U,numeric_suffixed,ordinary,GB,GBP,BBG00P5M96M3,BBG002B04MW4,,true,false,0.95,openfigi
0A1U,Uber Technologies Inc,GB,LSE,false,resolved,,US,XNYS,UBER,us,ordinary,US,USD,BBG002B04MT8,BBG002B04MW4,,false,true,0.9,finnhub_directory
0A4L,Bloom Energy Corporation,GB,LSE,false,resolved,,LN,XLON,0A4L,numeric_suffixed,ordinary,GB,GBP,BBG00X9DNFK8,BBG001T53509,,true,false,0.95,openfigi
0A4L,Bloom Energy Corporation,GB,LSE,false,resolved,,US,XNYS,BE,us,ordinary,US,USD,BBG000N7KBZ3,BBG001T53509,,false,true,0.9,finnhub_directory
0A4M,"DexCom, Inc.",GB,LSE,false,resolved,,LN,XLON,0A4M,numeric_suffixed,ordinary,GB,GBP,BBG00X9DNB45,BBG001SKZG99,,true,false,0.95,openfigi
0A4M,"DexCom, Inc.",GB,LSE,false,resolved,,US,XNAS,DXCM,us,ordinary,US,USD,BBG000QTF8K1,BBG001SKZG99,,false,true,0.9,finnhub_directory
0A4W,ACADIA Pharmaceuticals Inc.,GB,LSE,false,resolved,,LN,XLON,0A4W,numeric_suffixed,ordinary,GB,GBP,BBG00XCCRSH8,BBG001SB06N3,,true,false,0.95,openfigi
0A4W,ACADIA Pharmaceuticals Inc.,GB,LSE,false,resolved,,US,XNAS,ACAD,us,ordinary,US,USD,BBG000BHG9K0,BBG001SB06N3,,false,true,0.9,finnhub_directory
0A6D,"Jack Henry & Associates, Inc.",GB,LSE,false,resolved,,LN,XLON,0A6D,numeric_suffixed,ordinary,GB,GBP,BBG00ZF223Z4,BBG001S5SHB5,,true,false,0.95,openfigi
0A6D,"Jack Henry & Associates, Inc.",GB,LSE,false,resolved,,US,XNAS,JKHY,us,ordinary,US,USD,BBG000BMH2Q7,BBG001S5SHB5,,false,true,0.9,finnhub_directory
0A77,The Cigna Group,GB,LSE,false,resolved,,LN,XLON,0A77,numeric_suffixed,ordinary,GB,GBP,BBG00Z72S6B4,BBG00KXRCDQ9,,true,false,0.95,openfigi
0A77,The Cigna Group,GB,LSE,false,resolved,,US,XNYS,CI,us,ordinary,US,USD,BBG00KXRCDP0,BBG00KXRCDQ9,,false,true,0.9,finnhub_directory
0A79,Carvana Co.,GB,LSE,false,resolved,,LN,XLON,0A79,numeric_suffixed,ordinary,GB,GBP,BBG00Z72R466,BBG00GCTWF71,,true,false,0.95,openfigi
0A79,Carvana Co.,GB,LSE,false,resolved,,US,XNYS,CVNA,us,ordinary,US,USD,BBG00GCTWDJ3,BBG00GCTWF71,,false,true,0.9,finnhub_directory
0A7R,Palantir Technologies Inc.,GB,LSE,false,resolved,,LN,XLON,0A7R,numeric_suffixed,ordinary,GB,GBP,BBG00ZHRVBY8,BBG001T53796,,true,false,0.95,openfigi
0A7R,Palantir Technologies Inc.,GB,LSE,false,resolved,,US,XNAS,PLTR,us,ordinary,US,USD,BBG000N7QR55,BBG001T53796,,false,true,0.9,finnhub_directory
0A8N,"Commvault Systems, Inc.",GB,LSE,false,resolved,,LN,XLON,0A8N,numeric_suffixed,ordinary,GB,GBP,BBG0101PXX11,BBG001S7R751,,true,false,0.95,openfigi
0A8N,"Commvault Systems, Inc.",GB,LSE,false,resolved,,US,XNAS,CVLT,us,ordinary,US,USD,BBG000BG88X9,BBG001S7R751,,false,true,0.9,finnhub_directory
0A8O,Vistra Corp.,GB,LSE,false,resolved,,LN,XLON,0A8O,numeric_suffixed,ordinary,GB,GBP,BBG0101PXZ16,BBG00DXDL6R0,,true,false,0.95,openfigi
0A8O,Vistra Corp.,GB,LSE,false,resolved,,US,XNYS,VST,us,ordinary,US,USD,BBG00DXDL6Q1,BBG00DXDL6R0,,false,true,0.9,finnhub_directory
0A8O,Vistra Corp.,GB,LSE,false,resolved,,US,XNYS,VST.WSA,us,other,US,USD,,,,false,true,0.75,finnhub_directory
0A99,"Magnite, Inc.",GB,LSE,false,resolved,,LN,XLON,0A99,numeric_suffixed,ordinary,GB,GBP,BBG01137M057,BBG001T5LB97,,true,false,0.95,openfigi
0A99,"Magnite, Inc.",GB,LSE,false,resolved,,US,XNAS,MGNI,us,ordinary,US,USD,BBG000PBDRC0,BBG001T5LB97,,false,true,0.9,finnhub_directory
0ACC,Accelleron Industries Ltd,GB,LSE,false,resolved,resolved without an exchange filter to LO,LO,,0ACC,unknown,ordinary,,,BBG01C32KY34,BBG018XV6BC2,,true,false,0.8,openfigi
0ACC,Accelleron Industries Ltd,GB,LSE,false,resolved,resolved without an exchange filter to LO,US,OOTC,ACLIF,us,ordinary,US,USD,BBG019Z20WD1,BBG018XV6BC2,,false,true,0.8,finnhub_directory
0ACC,Accelleron Industries Ltd,GB,LSE,false,resolved,resolved without an exchange filter to LO,US,OOTC,ACLLY,us,adr,US,USD,BBG019PK8Q74,BBG019PK8R45,,false,true,0.75,finnhub_directory
0ACE,PTC Inc,GB,LSE,false,resolved,,LN,XLON,0ACE,numeric_suffixed,ordinary,GB,GBP,BBG01GQY0QW7,BBG001S6DNK6,,true,false,0.95,openfigi
0ACE,PTC Inc,GB,LSE,false,resolved,,US,XNAS,PTC,us,ordinary,US,USD,BBG000C2VBB0,BBG001S6DNK6,,false,true,0.9,finnhub_directory
0ACI,"Copart, Inc.",GB,LSE,false,resolved,,LN,XLON,0ACI,numeric_suffixed,ordinary,GB,GBP,BBG01GXLLF30,BBG001S7MTB1,,true,false,0.95,openfigi
0ACI,"Copart, Inc.",GB,LSE,false,resolved,,US,XNAS,CPRT,us,ordinary,US,USD,BBG000BM9RH1,BBG001S7MTB1,,false,true,0.9,finnhub_directory
0AD5,Gen Digital Inc.,GB,LSE,false,resolved,,LN,XLON,0AD5,numeric_suffixed,ordinary,GB,GBP,BBG01S7PMN09,BBG001S5QG38,,true,false,0.95,openfigi
0AD5,Gen Digital Inc.,GB,LSE,false,resolved,,US,XNAS,GEN,us,ordinary,US,USD,BBG000BH2JM1,BBG001S5QG38,,false,true,0.9,finnhub_directory
0AD8,"Corpay, Inc.",GB,LSE,false,resolved,,LN,XLON,0AD8,numeric_suffixed,ordinary,GB,GBP,BBG00JVRNLX6,BBG001SHC7K8,,true,false,0.95,openfigi
0AD8,"Corpay, Inc.",GB,LSE,false,resolved,,US,XNYS,CPAY,us,ordinary,US,USD,BBG000GPXKX9,BBG001SHC7K8,,false,true,0.9,finnhub_directory
0ADB,FactSet Research Systems Inc.,GB,LSE,false,resolved,,LN,XLON,0ADB,numeric_suffixed,ordinary,GB,GBP,BBG01S3LZCJ2,BBG001S5XRL6,,true,false,0.95,openfigi
0ADB,FactSet Research Systems Inc.,GB,LSE,false,resolved,,US,XNYS,FDS,us,ordinary,US,USD,BBG000BDJL83,BBG001S5XRL6,,false,true,0.9,finnhub_directory
0ADC,"Monolithic Power Systems, Inc.",GB,LSE,false,resolved,,LN,XLON,0ADC,numeric_suffixed,ordinary,GB,GBP,BBG01S3LYY96,BBG001SDRGP6,,true,false,0.95,openfigi
0ADC,"Monolithic Power Systems, Inc.",GB,LSE,false,resolved,,US,XNAS,MPWR,us,ordinary,US,USD,BBG000C30L48,BBG001SDRGP6,,false,true,0.9,finnhub_directory
0ADH,"Lamb Weston Holdings, Inc.",GB,LSE,false,resolved,,LN,XLON,0ADH,numeric_suffixed,ordinary,GB,GBP,BBG01S4RF435,BBG003CVMLR1,,true,false,0.95,openfigi
0ADH,"Lamb Weston Holdings, Inc.",GB,LSE,false,resolved,,US,XNYS,LW,us,ordinary,US,USD,BBG003CVMLQ2,BBG003CVMLR1,,false,true,0.9,finnhub_directory
0ADK,Deckers Outdoor Corporation,GB,LSE,false,resolved,,LN,XLON,0ADK,numeric_suffixed,ordinary,GB,GBP,BBG01S54GF57,BBG001S7GXB9,,true,false,0.95,openfigi
0ADK,Deckers Outdoor Corporation,GB,LSE,false,resolved,,US,XNYS,DECK,us,ordinary,US,USD,BBG000BKXYX5,BBG001S7GXB9,,false,true,0.9,finnhub_directory
0ADR,Insulet Corporation,GB,LSE,false,resolved,,LN,XLON,0ADR,numeric_suffixed,ordinary,GB,GBP,BBG01S673FR9,BBG001SRF439,,true,false,0.95,openfigi
0ADR,Insulet Corporation,GB,LSE,false,resolved,,US,XNAS,PODD,us,ordinary,US,USD,BBG000R7XX87,BBG001SRF439,,false,true,0.9,finnhub_directory
0AHJ,Hudbay Minerals Inc.,GB,LSE,false,resolved,,LN,XLON,0AHJ,numeric_suffixed,ordinary,GB,GBP,BBG00JVRM2K3,BBG001SL27N7,,true,false,0.95,openfigi
0AHJ,Hudbay Minerals Inc.,GB,LSE,false,resolved,,US,XNYS,HBM,us,ordinary,US,USD,BBG000PM99H6,BBG001SL27N7,,false,true,0.9,finnhub_directory
0AI4,Carlsberg,GB,LSE,false,resolved,resolved without an exchange filter to LO,LO,,0AI4,unknown,ordinary,,,BBG000KNYT41,BBG001S97P77,,true,false,0.8,openfigi
0AI4,Carlsberg,GB,LSE,false,resolved,resolved without an exchange filter to LO,US,OOTC,CABJF,us,ordinary,US,USD,BBG000BWLNF6,BBG001S97P77,,false,true,0.8,finnhub_directory
0AI4,Carlsberg,GB,LSE,false,resolved,resolved without an exchange filter to LO,US,OOTC,CABHF,us,ordinary,US,USD,BBG000BTL8M8,BBG001S97624,,false,true,0.75,finnhub_directory
0AI4,Carlsberg,GB,LSE,false,resolved,resolved without an exchange filter to LO,US,OOTC,CABGY,us,adr,US,USD,BBG000NRMQN7,BBG001T6W3R1,,false,true,0.75,finnhub_directory
0E5M,De Longhi SpA,GB,LSE,false,resolved,resolved without an exchange filter to LO,LO,,0E5M,unknown,ordinary,,,BBG007R9H863,BBG001SDSWY0,,true,false,0.8,openfigi
0E5M,De Longhi SpA,GB,LSE,false,resolved,resolved without an exchange filter to LO,US,OOTC,DELHF,us,ordinary,US,USD,BBG000C7X2H1,BBG001SDSWY0,,false,true,0.8,finnhub_directory
0E64,DO & CO AG,GB,LSE,false,resolved,resolved without an exchange filter to LO,LO,,0E64,unknown,ordinary,,,BBG00JR1HG57,BBG001SBXDP0,,true,false,0.8,openfigi
0EEE,CTS Eventim AG Co KGaA,GB,LSE,false,resolved,resolved without an exchange filter to LO,LO,,0EEE,unknown,ordinary,,,BBG007R9H890,BBG001SDRLL9,,true,false,0.8,openfigi
0EEE,CTS Eventim AG Co KGaA,GB,LSE,false,resolved,resolved without an exchange filter to LO,US,OOTC,CEVMF,us,ordinary,US,USD,BBG000BS8060,BBG001SDRLL9,,false,true,0.8,finnhub_directory
0EEE,CTS Eventim AG Co KGaA,GB,LSE,false,resolved,resolved without an exchange filter to LO,US,OOTC,CEVMY,us,adr,US,USD,BBG002RRS425,BBG002RRS5M0,,false,true,0.75,finnhub_directory
0EKE,Lisi SA,GB,LSE,false,resolved,resolved without an exchange filter to LO,LO,,0EKE,unknown,ordinary,,,BBG00JVX9G42,BBG001S6KFV3,,true,false,0.8,openfigi
0EKE,Lisi SA,GB,LSE,false,resolved,resolved without an exchange filter to LO,US,OOTC,LSIIF,us,ordinary,US,USD,BBG000QJPS55,BBG001S6KFV3,,false,true,0.8,finnhub_directory
0EPW,Hochtief AG,GB,LSE,false,resolved,resolved without an exchange filter to LO,LO,,0EPW,unknown,ordinary,,,BBG000R2G542,BBG001S68MQ8,,true,false,0.8,openfigi
0EPW,Hochtief AG,GB,LSE,false,resolved,resolved without an exchange filter to LO,US,OOTC,HOCFF,us,ordinary,US,USD,BBG000C14F32,BBG001S68MQ8,,false,true,0.8,finnhub_directory
0EV1,Carnival Corp,GB,LSE,false,resolved,,LN,XLON,0EV1,numeric_suffixed,ordinary,GB,GBP,BBG00JRY9K82,BBG001S5PL01,,true,false,0.95,openfigi
0EV1,Carnival Corp,GB,LSE,false,resolved,,US,XNYS,CCL,us,ordinary,US,USD,BBG000BF6LY3,BBG001S5PL01,,false,true,0.9,finnhub_directory
0EXG,Jeronimo Martins SGPS,GB,LSE,false,resolved,resolved without an exchange filter to LO,LO,,0EXG,unknown,ordinary,,,BBG000DR0RY8,BBG001S773N2,,true,false,0.8,openfigi
0EXG,Jeronimo Martins SGPS,GB,LSE,false,resolved,resolved without an exchange filter to LO,US,OOTC,JRONF,us,ordinary,US,USD,BBG000C1DPW8,BBG001S773N2,,false,true,0.8,finnhub_directory
0EXG,Jeronimo Martins SGPS,GB,LSE,false,resolved,resolved without an exchange filter to LO,US,OOTC,JRONY,us,adr,US,USD,BBG000DGRB41,BBG001T3STR6,,false,true,0.75,finnhub_directory
0EYJ,Københavns Lufthavne A/S,GB,LSE,false,resolved,"likely renamed: catalogue says ""Københavns Lufthavne A/S"", venue says ""KOBENHAVNS LUFTHAVNE""",LN,XLON,0EYJ,numeric_suffixed,ordinary,GB,GBP,BBG00JHVT5J8,BBG001S9LTL7,,true,false,0.6,openfigi
0EYJ,Københavns Lufthavne A/S,GB,LSE,false,resolved,"likely renamed: catalogue says ""Københavns Lufthavne A/S"", venue says ""KOBENHAVNS LUFTHAVNE""",US,OOTC,CPNHF,us,ordinary,US,USD,BBG000BXHZR9,BBG001S9LTL7,,false,true,0.6,finnhub_directory
0FIN,Orkla L,GB,LSE,false,resolved,resolved without an exchange filter to LO,LO,,0FIN,unknown,ordinary,,,BBG000KP3H37,BBG001S6MCX6,,true,false,0.8,openfigi
0FIN,Orkla L,GB,LSE,false,resolved,resolved without an exchange filter to LO,US,OOTC,ORKLF,us,ordinary,US,USD,BBG000BX73D6,BBG001S6MCX6,,false,true,0.8,finnhub_directory
0FIN,Orkla L,GB,LSE,false,resolved,resolved without an exchange filter to LO,US,OOTC,ORKLY,us,adr,US,USD,BBG000BN2RR5,BBG001SBVXF9,,false,true,0.75,finnhub_directory
0FQI,Publicis Groupe L,GB,LSE,false,resolved,resolved without an exchange filter to LO,LO,,0FQI,unknown,ordinary,,,BBG000R2J8M3,BBG001S698L3,,true,false,0.8,openfigi
0FQI,Publicis Groupe L,GB,LSE,false,resolved,resolved without an exchange filter to LO,US,OOTC,PGPEF,us,ordinary,US,USD,BBG000BM1B11,BBG001S698L3,,false,true,0.8,finnhub_directory
0FQI,Publicis Groupe L,GB,LSE,false,resolved,resolved without an exchange filter to LO,US,OOTC,PUBGY,us,adr,US,USD,BBG000BHKCT9,BBG001S7DRX1,,false,true,0.75,finnhub_directory
0FRJ,Rational,GB,LSE,false,resolved,resolved without an exchange filter to LO,LO,,0FRJ,unknown,ordinary,,,BBG0073821Y1,BBG001SD7H76,,true,false,0.8,openfigi
0FRJ,Rational,GB,LSE,false,resolved,resolved without an exchange filter to LO,US,OOTC,RTLLF,us,ordinary,US,USD,BBG000FL4QJ4,BBG001SD7H76,,false,true,0.8,finnhub_directory
0GQE,Clas Ohlson AB,GB,LSE,false,resolved,resolved without an exchange filter to LO,LO,,0GQE,unknown,ordinary,,,BBG00G4X81B4,BBG001SD9712,,true,false,0.8,openfigi
0GWL,Saab,GB,LSE,false,resolved,resolved without an exchange filter to LO,LO,,0GWL,unknown,ordinary,,,BBG007R9HN15,BBG001S97QM8,,true,false,0.8,openfigi
0GWL,Saab,GB,LSE,false,resolved,resolved without an exchange filter to LO,US,OOTC,SAABF,us,ordinary,US,USD,BBG000G4R8Y9,BBG001S97QM8,,false,true,0.8,finnhub_directory
0H0G,Sweco AB,GB,LSE,false,resolved,resolved without an exchange filter to LO,LO,,0H0G,unknown,ordinary,,,BBG00G4X99C5,BBG001SBW4K6,,true,false,0.8,openfigi
0H3T,Deutsche Boerse,GB,LSE,false,resolved,resolved without an exchange filter to LO,LO,,0H3T,unknown,ordinary,,,BBG000QT6Z67,BBG001S99KC0,,true,false,0.8,openfigi
0H3T,Deutsche Boerse,GB,LSE,false,resolved,resolved without an exchange filter to LO,US,OOTC,DBOEF,us,ordinary,US,USD,BBG000GNH0N7,BBG001S99KC0,,false,true,0.8,finnhub_directory
0H9N,AECOM,GB,LSE,false,resolved,,LN,XLON,0H9N,numeric_suffixed,ordinary,GB,GBP,BBG00JRY9L17,BBG001SKTTF1,,true,false,0.95,openfigi
0H9N,AECOM,GB,LSE,false,resolved,,US,XNYS,ACM,us,ordinary,US,USD,BBG000F61RJ8,BBG001SKTTF1,,false,true,0.9,finnhub_directory
0HA9,Indra Sistemas L,GB,LSE,false,resolved,resolved without an exchange filter to LO,LO,,0HA9,unknown,ordinary,,,BBG000DQYV65,BBG001S8FQ87,,true,false,0.8,openfigi
0HA9,Indra Sistemas L,GB,LSE,false,resolved,resolved without an exchange filter to LO,US,OOTC,ISMAF,us,ordinary,US,USD,BBG000BVH660,BBG001S8FQ87,,false,true,0.8,finnhub_directory
0HAC,ACS Actividades Constr y Srvcs,GB,LSE,false,unresolved,no identifier matched this ticker and name,,,,,,,,,,,,,,
0HAG,Sampo,GB,LSE,false,resolved,resolved without an exchange filter to LO,LO,,0HAG,unknown,ordinary,,,BBG000DR07J9,BBG001S7XYB8,,true,false,0.8,openfigi
0HAG,Sampo,GB,LSE,false,resolved,resolved without an exchange filter to LO,US,OOTC,SAXPF,us,ordinary,US,USD,BBG000C0YBQ5,BBG001S7XYB8,,false,true,0.8,finnhub_directory
0HB2,Lagardere SCA,GB,LSE,false,resolved,resolved without an exchange filter to LO,LO,,0HB2,unknown,ordinary,,,BBG000R2J4N1,BBG001S68Z61,,true,false,0.8,openfigi
0HB2,Lagardere SCA,GB,LSE,false,resolved,resolved without an exchange filter to LO,US,OOTC,LGDDF,us,ordinary,US,USD,BBG000BZ3YY4,BBG001S68Z61,,false,true,0.8,finnhub_directory
0HCZ,The Allstate Corporation,GB,LSE,false,resolved,,LN,XLON,0HCZ,numeric_suffixed,ordinary,GB,GBP,BBG00JRY9NJ4,BBG001S9BM06,,true,false,0.95,openfigi
0HCZ,The Allstate Corporation,GB,LSE,false,resolved,,US,XNYS,ALL,us,ordinary,US,USD,BBG000BVMGF2,BBG001S9BM06,,false,true,0.9,finnhub_directory
0HD2,"Alnylam Pharmaceuticals, Inc.",GB,LSE,false,resolved,,LN,XLON,0HD2,numeric_suffixed,ordinary,GB,GBP,BBG00JVRN4W5,BBG001S7FTC8,,true,false,0.95,openfigi
0HD2,"Alnylam Pharmaceuticals, Inc.",GB,LSE,false,resolved,,US,XNAS,ALNY,us,ordinary,US,USD,BBG000BFGNJ5,BBG001S7FTC8,,false,true,0.9,finnhub_directory
0HD6,Alphabet Inc,GB,LSE,false,resolved,,LN,XLON,0HD6,numeric_suffixed,ordinary,GB,GBP,BBG00JPR1WQ1,BBG009S3NB21,,true,false,0.95,openfigi
0HD6,Alphabet Inc,GB,LSE,false,resolved,,US,XNAS,GOOG,us,ordinary,US,USD,BBG009S3NB30,BBG009S3NB21,,false,true,0.9,finnhub_directory
0HD6,Alphabet Inc,GB,LSE,false,resolved,,US,XNAS,GOOGL,us,ordinary,US,USD,BBG009S39JX6,BBG009S39JY5,,false,true,0.75,finnhub_directory
0HF3,"Cencora, Inc.",GB,LSE,false,resolved,,LN,XLON,0HF3,numeric_suffixed,ordinary,GB,GBP,BBG00JRY9PD5,BBG001S8X7P0,,true,false,0.95,openfigi
0HF3,"Cencora, Inc.",GB,LSE,false,resolved,,US,XNYS,COR,us,ordinary,US,USD,BBG000MDCQC2,BBG001S8X7P0,,false,true,0.9,finnhub_directory
0HF6,"Ameriprise Financial, Inc.",GB,LSE,false,resolved,,LN,XLON,0HF6,numeric_suffixed,ordinary,GB,GBP,BBG00JRY9PJ9,BBG001SK6096,,true,false,0.95,openfigi
0HF6,"Ameriprise Financial, Inc.",GB,LSE,false,resolved,,US,XNYS,AMP,us,ordinary,US,USD,BBG000G3QLY3,BBG001SK6096,,false,true,0.9,finnhub_directory
0HFB,Amphenol Corporation,GB,LSE,false,resolved,,LN,XLON,0HFB,numeric_suffixed,ordinary,GB,GBP,BBG00JRY9PT8,BBG001S5NSK6,,true,false,0.95,openfigi
0HFB,Amphenol Corporation,GB,LSE,false,resolved,,US,XNYS,APH,us,ordinary,US,USD,BBG000B9YJ35,BBG001S5NSK6,,false,true,0.9,finnhub_directory
0HGR,"Applied Industrial Technologies, Inc.",GB,LSE,false,resolved,,LN,XLON,0HGR,numeric_suffixed,ordinary,GB,GBP,BBG00JVJSP79,BBG001S5NK14,,true,false,0.95,openfigi
0HGR,"Applied Industrial Technologies, Inc.",GB,LSE,false,resolved,,US,XNYS,AIT,us,ordinary,US,USD,BBG000BBHHP9,BBG001S5NK14,,false,true,0.9,finnhub_directory
0HHO,"Argan, Inc.",GB,LSE,false,resolved,,LN,XLON,0HHO,numeric_suffixed,ordinary,GB,GBP,BBG00JWMZ853,BBG001SJP7D8,,true,false,0.95,openfigi
0HHO,"Argan, Inc.",GB,LSE,false,resolved,,US,XNYS,AGX,us,ordinary,US,USD,BBG000K4J3T0,BBG001SJP7D8,,false,true,0.9,finnhub_directory
0HHO,"Argan, Inc.",GB,LSE,false,resolved,,US,OOTC,ARLLF,us,other,US,USD,BBG00HMJ8FN9,BBG001SNJYP4,,false,true,0.75,finnhub_directory
0HHR,"Arista Networks, Inc.",GB,LSE,false,resolved,,LN,XLON,0HHR,numeric_suffixed,ordinary,GB,GBP,BBG00JRQRR11,BBG001T51KQ0,,true,false,0.95,openfigi
0HHR,"Arista Networks, Inc.",GB,LSE,false,resolved,,US,XNYS,ANET,us,ordinary,US,USD,BBG000N2HDY5,BBG001T51KQ0,,false,true,0.9,finnhub_directory
0HIN,"Assurant, Inc.",GB,LSE,false,resolved,,LN,XLON,0HIN,numeric_suffixed,ordinary,GB,GBP,BBG00JRY9RL2,BBG001SD9DW5,,true,false,0.95,openfigi
0HIN,"Assurant, Inc.",GB,LSE,false,resolved,,US,XNYS,AIZ,us,ordinary,US,USD,BBG000BZX1N5,BBG001SD9DW5,,false,true,0.9,finnhub_directory
0HJF,Autodesk Inc,GB,LSE,false,resolved,,LN,XLON,0HJF,numeric_suffixed,ordinary,GB,GBP,BBG00JRQRRP5,BBG001S5SCD4,,true,false,0.95,openfigi
0HJF,Autodesk Inc,GB,LSE,false,resolved,,US,XNAS,ADSK,us,ordinary,US,USD,BBG000BM7HL0,BBG001S5SCD4,,false,true,0.9,finnhub_directory
0HJH,"Autoliv, Inc.",GB,LSE,false,resolved,,LN,XLON,0HJH,numeric_suffixed,ordinary,GB,GBP,BBG00JVRN7L0,BBG001S9YRV6,,true,false,0.95,openfigi
0HJH,"Autoliv, Inc.",GB,LSE,false,resolved,,US,XNYS,ALV,us,ordinary,US,USD,BBG000BVLRY8,BBG001S9YRV6,,false,true,0.9,finnhub_directory
0HJI,"Automatic Data Processing, Inc.",GB,LSE,false,resolved,,LN,XLON,0HJI,numeric_suffixed,ordinary,GB,GBP,BBG00JVJSPD2,BBG001S82KF6,,true,false,0.95,openfigi
0HJI,"Automatic Data Processing, Inc.",GB,LSE,false,resolved,,US,XNAS,ADP,us,ordinary,US,USD,BBG000JG0547,BBG001S82KF6,,false,true,0.9,finnhub_directory
0HMZ,W. R. Berkley Corporation,GB,LSE,false,resolved,,LN,XLON,0HMZ,numeric_suffixed,ordinary,GB,GBP,BBG00JRY9T47,BBG001S5P463,,true,false,0.95,openfigi
0HMZ,W. R. Berkley Corporation,GB,LSE,false,resolved,,US,XNYS,WRB,us,ordinary,US,USD,BBG000BD1HP2,BBG001S5P463,,false,true,0.9,finnhub_directory
0HOT,Booz Allen Hamilton Holding Corporation,GB,LSE,false,resolved,,LN,XLON,0HOT,numeric_suffixed,ordinary,GB,GBP,BBG00JWMZ1N8,BBG001T91S76,,true,false,0.95,openfigi
0HOT,Booz Allen Hamilton Holding Corporation,GB,LSE,false,resolved,,US,XNYS,BAH,us,ordinary,US,USD,BBG000R2YFG7,BBG001T91S76,,false,true,0.9,finnhub_directory
0HOY,Boston Scientific Corporation,GB,LSE,false,resolved,,LN,XLON,0HOY,numeric_suffixed,ordinary,GB,GBP,BBG00JRY9V97,BBG001S63L94,,true,false,0.95,openfigi
0HOY,Boston Scientific Corporation,GB,LSE,false,resolved,,US,XNYS,BSX,us,ordinary,US,USD,BBG000C0LW92,BBG001S63L94,,false,true,0.9,finnhub_directory
0HP1,"Box, Inc.",GB,LSE,false,resolved,,LN,XLON,0HP1,numeric_suffixed,ordinary,GB,GBP,BBG00JWMZ1T2,BBG001T5R852,,true,false,0.95,openfigi
0HP1,"Box, Inc.",GB,LSE,false,resolved,,US,XNYS,BOX,us,ordinary,US,USD,BBG000PMSK08,BBG001T5R852,,false,true,0.9,finnhub_directory
0HP1,"Box, Inc.",GB,LSE,false,resolved,,US,OOTC,BXCAP,us,other,US,USD,,,,false,true,0.75,finnhub_directory
0HPW,"Broadridge Financial Solutions, Inc.",GB,LSE,false,resolved,"name match 0.94 against ""BROADRIDGE FINANCIAL SOLUTIO""",LN,XLON,0HPW,numeric_suffixed,ordinary,GB,GBP,BBG00JRQRVF7,BBG001SR7MB9,,true,false,0.95,openfigi
0HPW,"Broadridge Financial Solutions, Inc.",GB,LSE,false,resolved,"name match 0.94 against ""BROADRIDGE FINANCIAL SOLUTIO""",US,XNYS,BR,us,ordinary,US,USD,BBG000PPFKQ7,BBG001SR7MB9,,false,true,0.9,finnhub_directory
0HQN,"Cboe Global Markets, Inc.",GB,LSE,false,resolved,,LN,XLON,0HQN,numeric_suffixed,ordinary,GB,GBP,BBG00JRQRVQ5,BBG001T71BP7,,true,false,0.95,openfigi
0HQN,"Cboe Global Markets, Inc.",GB,LSE,false,resolved,,US,BATS,CBOE,us,ordinary,US,USD,BBG000QH56C1,BBG001T71BP7,,false,true,0.9,finnhub_directory
0HR2,CME Group Inc,GB,LSE,false,resolved,,LN,XLON,0HR2,numeric_suffixed,ordinary,GB,GBP,BBG00JVJSPW1,BBG001S86547,,true,false,0.95,openfigi
0HR2,CME Group Inc,GB,LSE,false,resolved,,US,XNAS,CME,us,ordinary,US,USD,BBG000BHLYP4,BBG001S86547,,false,true,0.9,finnhub_directory
0HS2,Cadence Design Systems Inc,GB,LSE,false,resolved,,LN,XLON,0HS2,numeric_suffixed,ordinary,GB,GBP,BBG00JRYCVJ2,BBG001S65YK1,,true,false,0.95,openfigi
0HS2,Cadence Design Systems Inc,GB,LSE,false,resolved,,US,XNAS,CDNS,us,ordinary,US,USD,BBG000C13CD9,BBG001S65YK1,,false,true,0.9,finnhub_directory
0HST,The Campbell's Company,GB,LSE,false,resolved,,LN,XLON,0HST,numeric_suffixed,ordinary,GB,GBP,BBG00JRYCVS2,BBG001S5Q2B0,,true,false,0.95,openfigi
0HST,The Campbell's Company,GB,LSE,false,resolved,,US,XNAS,CPB,us,ordinary,US,USD,BBG000BG4202,BBG001S5Q2B0,,false,true,0.9,finnhub_directory
0HV2,Hermes International L,GB,LSE,false,resolved,resolved without an exchange filter to LO,LO,,0HV2,unknown,ordinary,,,BBG000QV8Q24,BBG001S7CH28,,true,false,0.8,openfigi
0HV2,Hermes International L,GB,LSE,false,resolved,resolved without an exchange filter to LO,US,OOTC,HESAF,us,ordinary,US,USD,BBG000BTJD31,BBG001S7CH28,,false,true,0.8,finnhub_directory
0HV2,Hermes International L,GB,LSE,false,resolved,resolved without an exchange filter to LO,US,OOTC,HESAY,us,adr,US,USD,BBG000PS06W1,BBG001T3TVS9,,false,true,0.75,finnhub_directory
0HXW,"Chipotle Mexican Grill, Inc.",GB,LSE,false,resolved,,LN,XLON,0HXW,numeric_suffixed,ordinary,GB,GBP,BBG00JRYCXG1,BBG001SP50B3,,true,false,0.95,openfigi
0HXW,"Chipotle Mexican Grill, Inc.",GB,LSE,false,resolved,,US,XNYS,CMG,us,ordinary,US,USD,BBG000QX74T1,BBG001SP50B3,,false,true,0.9,finnhub_directory
0HYA,Ciena Corporation,GB,LSE,false,resolved,,LN,XLON,0HYA,numeric_suffixed,ordinary,GB,GBP,BBG00JWMZ3W4,BBG001S61J73,,true,false,0.95,openfigi
0HYA,Ciena Corporation,GB,LSE,false,resolved,,US,XNYS,CIEN,us,ordinary,US,USD,BBG000BP1152,BBG001S61J73,,false,true,0.9,finnhub_directory
0HYE,Cincinnati Financial Corporation,GB,LSE,false,resolved,,LN,XLON,0HYE,numeric_suffixed,ordinary,GB,GBP,BBG00JRYCY88,BBG001S5PTM0,,true,false,0.95,openfigi
0HYE,Cincinnati Financial Corporation,GB,LSE,false,resolved,,US,XNAS,CINF,us,ordinary,US,USD,BBG000BFPK65,BBG001S5PTM0,,false,true,0.9,finnhub_directory
0HYJ,Cintas Corp,GB,LSE,false,resolved,,LN,XLON,0HYJ,numeric_suffixed,ordinary,GB,GBP,BBG00JRYCYD2,BBG001S7CRG1,,true,false,0.95,openfigi
0HYJ,Cintas Corp,GB,LSE,false,resolved,,US,XNAS,CTAS,us,ordinary,US,USD,BBG000H3YXF8,BBG001S7CRG1,,false,true,0.9,finnhub_directory
0I0T,"Coca-Cola Consolidated, Inc.",GB,LSE,false,resolved,,LN,XLON,0I0T,numeric_suffixed,ordinary,GB,GBP,BBG00JRQRWH3,BBG001S5Q0W1,,true,false,0.95,openfigi
0I0T,"Coca-Cola Consolidated, Inc.",GB,LSE,false,resolved,,US,XNAS,COKE,us,ordinary,US,USD,BBG000BG1SX2,BBG001S5Q0W1,,false,true,0.9,finnhub_directory
0I47,Costco Wholesale Corp,GB,LSE,false,resolved,,LN,XLON,0I47,numeric_suffixed,ordinary,GB,GBP,BBG002JKNP54,BBG001S9KRQ7,,true,false,0.95,openfigi
0I47,Costco Wholesale Corp,GB,LSE,false,resolved,,US,XNAS,COST,us,ordinary,US,USD,BBG000F6H8W8,BBG001S9KRQ7,,false,true,0.9,finnhub_directory
0I58,Cummins Inc.,GB,LSE,false,resolved,,LN,XLON,0I58,numeric_suffixed,ordinary,GB,GBP,BBG00JRYD090,BBG001S5Q9M3,,true,false,0.95,openfigi
0I58,Cummins Inc.,GB,LSE,false,resolved,,US,XNYS,CMI,us,ordinary,US,USD,BBG000BGPTV6,BBG001S5Q9M3,,false,true,0.9,finnhub_directory
0I77,"Darden Restaurants, Inc.",GB,LSE,false,resolved,,LN,XLON,0I77,numeric_suffixed,ordinary,GB,GBP,BBG00JRQRYK5,BBG001S5QM08,,true,false,0.95,openfigi
0I77,"Darden Restaurants, Inc.",GB,LSE,false,resolved,,US,XNYS,DRI,us,ordinary,US,USD,BBG000BBNYF6,BBG001S5QM08,,false,true,0.9,finnhub_directory
0I7E,DaVita Inc.,GB,LSE,false,resolved,,LN,XLON,0I7E,numeric_suffixed,ordinary,GB,GBP,BBG00JRYD107,BBG001SB5DZ0,,true,false,0.95,openfigi
0I7E,DaVita Inc.,GB,LSE,false,resolved,,US,XNYS,DVA,us,ordinary,US,USD,BBG000MQ1SN9,BBG001SB5DZ0,,false,true,0.9,finnhub_directory
0IC8,Dollar Tree Inc,GB,LSE,false,resolved,,LN,XLON,0IC8,numeric_suffixed,ordinary,GB,GBP,BBG00JRYD2P8,BBG001S6ZGL6,,true,false,0.95,openfigi
0IC8,Dollar Tree Inc,GB,LSE,false,resolved,,US,XNAS,DLTR,us,ordinary,US,USD,BBG000BSC0K9,BBG001S6ZGL6,,false,true,0.9,finnhub_directory
0IKJ,Wartsila Oyj Abp,GB,LSE,false,resolved,resolved without an exchange filter to LO,LO,,0IKJ,unknown,ordinary,,,BBG000R2GQ19,BBG001S77XL8,,true,false,0.8,openfigi
0IKJ,Wartsila Oyj Abp,GB,LSE,false,resolved,resolved without an exchange filter to LO,US,OOTC,WRTBF,us,ordinary,US,USD,BBG000BXSFC7,BBG001S77XL8,,false,true,0.8,finnhub_directory
0IKJ,Wartsila Oyj Abp,GB,LSE,false,resolved,resolved without an exchange filter to LO,US,OOTC,WRTBY,us,adr,US,USD,BBG000NZVWP4,BBG001T3QY97,,false,true,0.75,finnhub_directory
0IKW,Fastenal Co,GB,LSE,false,resolved,,LN,XLON,0IKW,numeric_suffixed,ordinary,GB,GBP,BBG00JRY8F57,BBG001S5R1F7,,true,false,0.95,openfigi
0IKW,Fastenal Co,GB,LSE,false,resolved,,US,XNAS,FAST,us,ordinary,US,USD,BBG000BJ8YN7,BBG001S5R1F7,,false,true,0.9,finnhub_directory
0IPD,"Five Below, Inc.",GB,LSE,false,resolved,,LN,XLON,0IPD,numeric_suffixed,ordinary,GB,GBP,BBG00JVXCXG8,BBG001TCDMY9,,true,false,0.95,openfigi
0IPD,"Five Below, Inc.",GB,LSE,false,resolved,,US,XNAS,FIVE,us,ordinary,US,USD,BBG001636CR2,BBG001TCDMY9,,false,true,0.9,finnhub_directory
0IQE,Flowserve Corporation,GB,LSE,false,resolved,,LN,XLON,0IQE,numeric_suffixed,ordinary,GB,GBP,BBG00JRY8G91,BBG001SB3F87,,true,false,0.95,openfigi
0IQE,Flowserve Corporation,GB,LSE,false,resolved,,US,XNYS,FLS,us,ordinary,US,USD,BBG000FFH4P5,BBG001SB3F87,,false,true,0.9,finnhub_directory
0IR9,"Fortinet, Inc.",GB,LSE,false,resolved,,LN,XLON,0IR9,numeric_suffixed,ordinary,GB,GBP,BBG00JVXCXS5,BBG001S77BL6,,true,false,0.95,openfigi
0IR9,"Fortinet, Inc.",GB,LSE,false,resolved,,US,XNAS,FTNT,us,ordinary,US,USD,BBG000BCMBG4,BBG001S77BL6,,false,true,0.9,finnhub_directory
0ITV,"Gartner, Inc.",GB,LSE,false,resolved,,LN,XLON,0ITV,numeric_suffixed,ordinary,GB,GBP,BBG00JRY8HK6,BBG001S5SD60,,true,false,0.95,openfigi
0ITV,"Gartner, Inc.",GB,LSE,false,resolved,,US,XNYS,IT,us,ordinary,US,USD,BBG000BB65D0,BBG001S5SD60,,false,true,0.9,finnhub_directory
0IU8,Safran L,GB,LSE,false,resolved,resolved without an exchange filter to LO,LO,,0IU8,unknown,ordinary,,,BBG000R2GT04,BBG001SCDDY0,,true,false,0.8,openfigi
0IU8,Safran L,GB,LSE,false,resolved,resolved without an exchange filter to LO,US,OOTC,SAFRF,us,ordinary,US,USD,BBG000BWVMZ5,BBG001SCDDY0,,false,true,0.8,finnhub_directory
0IU8,Safran L,GB,LSE,false,resolved,resolved without an exchange filter to LO,US,OOTC,SAFRY,us,adr,US,USD,BBG000GX46R2,BBG001SVBFK0,,false,true,0.75,finnhub_directory
0IUC,General Dynamics Corporation,GB,LSE,false,resolved,,LN,XLON,0IUC,numeric_suffixed,ordinary,GB,GBP,BBG00JRY8HP1,BBG001S5RHP1,,true,false,0.95,openfigi
0IUC,General Dynamics Corporation,GB,LSE,false,resolved,,US,XNYS,GD,us,ordinary,US,USD,BBG000BK67C7,BBG001S5RHP1,,false,true,0.9,finnhub_directory
0IUJ,Interparfums SA,GB,LSE,false,resolved,resolved without an exchange filter to LO,LO,,0IUJ,unknown,ordinary,,,BBG00NRVWFL9,BBG001S9M6J9,,true,false,0.8,openfigi
0IUJ,Interparfums SA,GB,LSE,false,resolved,resolved without an exchange filter to LO,US,XNAS,IPAR,us,ordinary,US,USD,BBG000GCSWR5,BBG001SD06N9,,false,true,0.75,finnhub_directory
0IW5,Thales SA,GB,LSE,false,resolved,resolved without an exchange filter to LO,LO,,0IW5,unknown,ordinary,,,BBG000R2HPZ3,BBG001S69MN0,,true,false,0.8,openfigi
0IW5,Thales SA,GB,LSE,false,resolved,resolved without an exchange filter to LO,US,OOTC,THLEF,us,ordinary,US,USD,BBG000BSY221,BBG001S69MN0,,false,true,0.8,finnhub_directory
0IZI,"W.W. Grainger, Inc.",GB,LSE,false,resolved,,LN,XLON,0IZI,numeric_suffixed,ordinary,GB,GBP,BBG00JRY8JG7,BBG001S5RRD2,,true,false,0.95,openfigi
0IZI,"W.W. Grainger, Inc.",GB,LSE,false,resolved,,US,XNYS,GWW,us,ordinary,US,USD,BBG000BKR1D6,BBG001S5RRD2,,false,true,0.9,finnhub_directory
0J1Z,Nos SGPS,GB,LSE,false,resolved,resolved without an exchange filter to LO,LO,,0J1Z,unknown,ordinary,,,BBG000P9HNM9,BBG001S9RJ06,,true,false,0.8,openfigi
0J1Z,Nos SGPS,GB,LSE,false,resolved,resolved without an exchange filter to LO,US,OOTC,ZONNF,us,ordinary,US,USD,BBG002GDDKN5,BBG001S9RJ06,,false,true,0.8,finnhub_directory
0J22,"HCI Group, Inc.",GB,LSE,false,resolved,,LN,XLON,0J22,numeric_suffixed,ordinary,GB,GBP,BBG00JVXD0M2,BBG001T2C2P6,,true,false,0.95,openfigi
0J22,"HCI Group, Inc.",GB,LSE,false,resolved,,US,XNYS,HCI,us,ordinary,US,USD,BBG000F4DVC8,BBG001T2C2P6,,false,true,0.9,finnhub_directory
0J2O,"Halozyme Therapeutics, Inc.",GB,LSE,false,resolved,,LN,XLON,0J2O,numeric_suffixed,ordinary,GB,GBP,BBG00JVRNQ74,BBG001SGX585,,true,false,0.95,openfigi
0J2O,"Halozyme Therapeutics, Inc.",GB,LSE,false,resolved,,US,XNAS,HALO,us,ordinary,US,USD,BBG000CZ8W54,BBG001SGX585,,false,true,0.9,finnhub_directory
0J3H,"The Hartford Insurance Group, Inc.",GB,LSE,false,resolved,,LN,XLON,0J3H,numeric_suffixed,ordinary,GB,GBP,BBG00JRY8KD7,BBG001S8PXF3,,true,false,0.95,openfigi
0J3H,"The Hartford Insurance Group, Inc.",GB,LSE,false,resolved,,US,XNYS,HIG,us,ordinary,US,USD,BBG000G0Z878,BBG001S8PXF3,,false,true,0.9,finnhub_directory
0J46,HEICO Corporation,GB,LSE,false,resolved,,LN,XLON,0J46,numeric_suffixed,ordinary,GB,GBP,BBG00JVRNQM7,BBG001S5RVC4,,true,false,0.95,openfigi
0J46,HEICO Corporation,GB,LSE,false,resolved,,US,XNYS,HEI,us,ordinary,US,USD,BBG000BL16Q7,BBG001S5RVC4,,false,true,0.9,finnhub_directory
0J46,HEICO Corporation,GB,LSE,false,resolved,,US,XNYS,HEI.A,us,ordinary,US,USD,BBG000F0CD91,BBG001S96YM2,,false,true,0.75,finnhub_directory
0J8P,IDEXX Laboratories Inc,GB,LSE,false,resolved,,LN,XLON,0J8P,numeric_suffixed,ordinary,GB,GBP,BBG00JRY8MQ9,BBG001S5S4Y9,,true,false,0.95,openfigi
0J8P,IDEXX Laboratories Inc,GB,LSE,false,resolved,,US,XNAS,IDXX,us,ordinary,US,USD,BBG000BLRT07,BBG001S5S4Y9,,false,true,0.9,finnhub_directory
0J9P,Incyte Corporation,GB,LSE,false,resolved,,LN,XLON,0J9P,numeric_suffixed,ordinary,GB,GBP,BBG00JRY8N23,BBG001S8Q6N2,,true,false,0.95,openfigi
0J9P,Incyte Corporation,GB,LSE,false,resolved,,US,XNAS,INCY,us,ordinary,US,USD,BBG000BNPSQ9,BBG001S8Q6N2,,false,true,0.9,finnhub_directory
0JCT,Intuit Inc.,GB,LSE,false,resolved,,LN,XLON,0JCT,numeric_suffixed,ordinary,GB,GBP,BBG00JRY8NZ7,BBG001S6TWR2,,true,false,0.95,openfigi
0JCT,Intuit Inc.,GB,LSE,false,resolved,,US,XNAS,INTU,us,ordinary,US,USD,BBG000BH5DV1,BBG001S6TWR2,,false,true,0.9,finnhub_directory
0JDO,Iridium Communications Inc.,GB,LSE,false,resolved,,LN,XLON,0JDO,numeric_suffixed,ordinary,GB,GBP,BBG00JVXD3Q2,BBG001T21JT7,,true,false,0.95,openfigi
0JDO,Iridium Communications Inc.,GB,LSE,false,resolved,,US,XNAS,IRDM,us,ordinary,US,USD,BBG000VC0FC1,BBG001T21JT7,,false,true,0.9,finnhub_directory
0JPN,"KBR, Inc.",GB,LSE,false,resolved,,LN,XLON,0JPN,numeric_suffixed,ordinary,GB,GBP,BBG00JVRNY95,BBG001SP11V3,,true,false,0.95,openfigi
0JPN,"KBR, Inc.",GB,LSE,false,resolved,,US,XNYS,KBR,us,ordinary,US,USD,BBG000P28YZ6,BBG001SP11V3,,false,true,0.9,finnhub_directory
0JPO,KLA Corp,GB,LSE,false,resolved,,LN,XLON,0JPO,numeric_suffixed,ordinary,GB,GBP,BBG00JRY8S68,BBG001S5SLM4,,true,false,0.95,openfigi
0JPO,KLA Corp,GB,LSE,false,resolved,,US,XNAS,KLAC,us,ordinary,US,USD,BBG000BMTFR4,BBG001S5SLM4,,false,true,0.9,finnhub_directory
0JT5,Lam Research Corporation,GB,LSE,false,resolved,,LN,XLON,0JT5,numeric_suffixed,ordinary,GB,GBP,BBG00JRY8TQ4,BBG001S5SW40,,true,false,0.95,openfigi
0JT5,Lam Research Corporation,GB,LSE,false,resolved,,US,XNAS,LRCX,us,ordinary,US,USD,BBG000BNFLM9,BBG001S5SW40,,false,true,0.9,finnhub_directory
0JVT,lululemon athletica inc.,GB,LSE,false,resolved,,LN,XLON,0JVT,numeric_suffixed,ordinary,GB,GBP,BBG00JVRDT06,BBG001STBM75,,true,false,0.95,openfigi
0JVT,lululemon athletica inc.,GB,LSE,false,resolved,,US,XNAS,LULU,us,ordinary,US,USD,BBG000R8ZVD1,BBG001STBM75,,false,true,0.9,finnhub_directory
0JXF,Protector Forsikring ASA,GB,LSE,false,resolved,resolved without an exchange filter to LO,LO,,0JXF,unknown,ordinary,,,BBG00GD8LV64,BBG001SR9QP3,,true,false,0.8,openfigi
0JXF,Protector Forsikring ASA,GB,LSE,false,resolved,resolved without an exchange filter to LO,US,OOTC,PSKRF,us,ordinary,US,USD,BBG00HD43Y74,BBG001SR9QP3,,false,true,0.8,finnhub_directory
0JYZ,Loomis,GB,LSE,false,resolved,resolved without an exchange filter to LO,LO,,0JYZ,unknown,ordinary,,,BBG016HSJ503,BBG001SLMK92,,true,false,0.8,openfigi
0JYZ,Loomis,GB,LSE,false,resolved,resolved without an exchange filter to LO,US,OOTC,LOIMF,us,ordinary,US,USD,BBG000VQZFY8,BBG001SLMK92,,false,true,0.8,finnhub_directory
0K0E,"MercadoLibre, Inc.",GB,LSE,false,resolved,,LN,XLON,0K0E,numeric_suffixed,ordinary,GB,GBP,BBG00JRQS5J9,BBG001SM32G3,,true,false,0.95,openfigi
0K0E,"MercadoLibre, Inc.",GB,LSE,false,resolved,,US,XNAS,MELI,us,ordinary,US,USD,BBG000GQPB11,BBG001SM32G3,,false,true,0.9,finnhub_directory
0K34,Monster Beverage Corp,GB,LSE,false,resolved,,LN,XLON,0K34,numeric_suffixed,ordinary,GB,GBP,BBG00JRY9059,BBG008NVB1F7,,true,false,0.95,openfigi
0K34,Monster Beverage Corp,GB,LSE,false,resolved,,US,XNAS,MNST,us,ordinary,US,USD,BBG008NVB1C0,BBG008NVB1F7,,false,true,0.9,finnhub_directory
0K36,Moody's Corporation,GB,LSE,false,resolved,,LN,XLON,0K36,numeric_suffixed,ordinary,GB,GBP,BBG00JRY9095,BBG001S5VP87,,true,false,0.95,openfigi
0K36,Moody's Corporation,GB,LSE,false,resolved,,US,XNYS,MCO,us,ordinary,US,USD,BBG000F86GP6,BBG001S5VP87,,false,true,0.9,finnhub_directory
0K3H,"Motorola Solutions, Inc.",GB,LSE,false,resolved,,LN,XLON,0K3H,numeric_suffixed,ordinary,GB,GBP,BBG00JRY90Q6,BBG001S5T9L1,,true,false,0.95,openfigi
0K3H,"Motorola Solutions, Inc.",GB,LSE,false,resolved,,US,XNYS,MSI,us,ordinary,US,USD,BBG000BP8Z50,BBG001S5T9L1,,false,true,0.9,finnhub_directory
0K4T,Nasdaq Inc,GB,LSE,false,resolved,,LN,XLON,0K4T,numeric_suffixed,ordinary,GB,GBP,BBG00JRY90Z6,BBG001SKTBJ6,,true,false,0.95,openfigi
0K4T,Nasdaq Inc,GB,LSE,false,resolved,,US,XNAS,NDAQ,us,ordinary,US,USD,BBG000F5VVB6,BBG001SKTBJ6,,false,true,0.9,finnhub_directory
0K6R,"Neurocrine Biosciences, Inc.",GB,LSE,false,resolved,,LN,XLON,0K6R,numeric_suffixed,ordinary,GB,GBP,BBG00JVRFVK7,BBG001S8W4X9,,true,false,0.95,openfigi
0K6R,"Neurocrine Biosciences, Inc.",GB,LSE,false,resolved,,US,XNAS,NBIX,us,ordinary,US,USD,BBG000GJS7C1,BBG001S8W4X9,,false,true,0.9,finnhub_directory
0KAN,"Oceaneering International, Inc.",GB,LSE,false,resolved,,LN,XLON,0KAN,numeric_suffixed,ordinary,GB,GBP,BBG00JVXDL55,BBG001S61HT3,,true,false,0.95,openfigi
0KAN,"Oceaneering International, Inc.",GB,LSE,false,resolved,,US,XNYS,OII,us,ordinary,US,USD,BBG000CPBCL8,BBG001S61HT3,,false,true,0.9,finnhub_directory
0KBS,Recordati Industria Chimica e Farmaceutica SpA,GB,LSE,false,resolved,resolved without an exchange filter to LO,LO,,0KBS,unknown,ordinary,,,BBG007R9HCL7,BBG001S699H6,,true,false,0.8,openfigi
0KBS,Recordati Industria Chimica e Farmaceutica SpA,GB,LSE,false,resolved,resolved without an exchange filter to LO,US,OOTC,RCDTF,us,ordinary,US,USD,BBG000BW0RW1,BBG001S699H6,,false,true,0.8,finnhub_directory
0KFZ,Parker-Hannifin Corporation,GB,LSE,false,resolved,,LN,XLON,0KFZ,numeric_suffixed,ordinary,GB,GBP,BBG00JRQS8Z5,BBG001S5V554,,true,false,0.95,openfigi
0KFZ,Parker-Hannifin Corporation,GB,LSE,false,resolved,,US,XNYS,PH,us,ordinary,US,USD,BBG000BR3KL6,BBG001S5V554,,false,true,0.9,finnhub_directory
0KGE,Paychex Inc,GB,LSE,false,resolved,,LN,XLON,0KGE,numeric_suffixed,ordinary,GB,GBP,BBG00JRY97Q1,BBG001S5V135,,true,false,0.95,openfigi
0KGE,Paychex Inc,GB,LSE,false,resolved,,US,XNAS,PAYX,us,ordinary,US,USD,BBG000BQSQ38,BBG001S5V135,,false,true,0.9,finnhub_directory
0KGH,"Paycom Software, Inc.",GB,LSE,false,resolved,,LN,XLON,0KGH,numeric_suffixed,ordinary,GB,GBP,BBG00JVRGVT7,BBG0064N1009,,true,false,0.95,openfigi
0KGH,"Paycom Software, Inc.",GB,LSE,false,resolved,,US,XNYS,PAYC,us,ordinary,US,USD,BBG0064N0ZZ5,BBG0064N1009,,false,true,0.9,finnhub_directory
0KGS,Pegasystems Inc.,GB,LSE,false,resolved,,LN,XLON,0KGS,numeric_suffixed,ordinary,GB,GBP,BBG00JVRGVY1,BBG001S93CK5,,true,false,0.95,openfigi
0KGS,Pegasystems Inc.,GB,LSE,false,resolved,,US,XNAS,PEGA,us,ordinary,US,USD,BBG000H1RYG7,BBG001S93CK5,,false,true,0.9,finnhub_directory
0KOC,The Progressive Corporation,GB,LSE,false,resolved,,LN,XLON,0KOC,numeric_suffixed,ordinary,GB,GBP,BBG00JRY98Y0,BBG001S5V509,,true,false,0.95,openfigi
0KOC,The Progressive Corporation,GB,LSE,false,resolved,,US,XNYS,PGR,us,ordinary,US,USD,BBG000BR37X2,BBG001S5V509,,false,true,0.9,finnhub_directory
0KSR,"Quanta Services, Inc.",GB,LSE,false,resolved,,LN,XLON,0KSR,numeric_suffixed,ordinary,GB,GBP,BBG00JRY9BH2,BBG001S5VH85,,true,false,0.95,openfigi
0KSR,"Quanta Services, Inc.",GB,LSE,false,resolved,,US,XNYS,PWR,us,ordinary,US,USD,BBG000BBL8V7,BBG001S5VH85,,false,true,0.9,finnhub_directory
0KTS,Ralph Lauren Corporation,GB,LSE,false,resolved,,LN,XLON,0KTS,numeric_suffixed,ordinary,GB,GBP,BBG00JRY9BS0,BBG001S9TL45,,true,false,0.95,openfigi
0KTS,Ralph Lauren Corporation,GB,LSE,false,resolved,,US,XNYS,RL,us,ordinary,US,USD,BBG000BS0ZF1,BBG001S9TL45,,false,true,0.9,finnhub_directory
0KV5,Fairfax Financial Holdings Limited,GB,LSE,false,resolved,,LN,XLON,0KV5,numeric_suffixed,ordinary,GB,GBP,BBG00LG7GHD1,BBG001S5YSP9,,true,false,0.95,openfigi
0KV5,Fairfax Financial Holdings Limited,GB,LSE,false,resolved,,US,OOTC,FRFHF,us,ordinary,US,USD,BBG000GTW565,BBG001S5YSP9,,false,true,0.9,finnhub_directory
0KV5,Fairfax Financial Holdings Limited,GB,LSE,false,resolved,,US,OOTC,FRFFF,us,other,US,USD,,,,false,true,0.75,finnhub_directory
0KVV,Airbus Group,GB,LSE,false,resolved,resolved without an exchange filter to LO,LO,,0KVV,unknown,ordinary,,,BBG000P9FJD0,BBG001S8TFZ6,,true,false,0.8,openfigi
0KVV,Airbus Group,GB,LSE,false,resolved,resolved without an exchange filter to LO,US,OOTC,EADSF,us,ordinary,US,USD,BBG000BJJR23,BBG001S8TFZ6,,false,true,0.8,finnhub_directory
0KW1,"Republic Services, Inc.",GB,LSE,false,resolved,,LN,XLON,0KW1,numeric_suffixed,ordinary,GB,GBP,BBG00JRY9D06,BBG001S9DL33,,true,false,0.95,openfigi
0KW1,"Republic Services, Inc.",GB,LSE,false,resolved,,US,XNYS,RSG,us,ordinary,US,USD,BBG000BPXVJ6,BBG001S9DL33,,false,true,0.9,finnhub_directory
0KW4,ResMed Inc.,GB,LSE,false,resolved,,LN,XLON,0KW4,numeric_suffixed,ordinary,GB,GBP,BBG00JRY9D42,BBG001SBGRC2,,true,false,0.95,openfigi
0KW4,ResMed Inc.,GB,LSE,false,resolved,,US,XNYS,RMD,us,ordinary,US,USD,BBG000L4M7F1,BBG001SBGRC2,,false,true,0.9,finnhub_directory
0KXO,Ross Stores Inc,GB,LSE,false,resolved,,LN,XLON,0KXO,numeric_suffixed,ordinary,GB,GBP,BBG00JRY9G90,BBG001S5VRS1,,true,false,0.95,openfigi
0KXO,Ross Stores Inc,GB,LSE,false,resolved,,US,XNAS,ROST,us,ordinary,US,USD,BBG000BSBZH7,BBG001S5VRS1,,false,true,0.9,finnhub_directory
0L8B,Southern Copper Corporation,GB,LSE,false,resolved,,LN,XLON,0L8B,numeric_suffixed,ordinary,GB,GBP,BBG00JVRJVJ5,BBG001S6ZM88,,true,false,0.95,openfigi
0L8B,Southern Copper Corporation,GB,LSE,false,resolved,,US,XNYS,SCCO,us,ordinary,US,USD,BBG000BSHH72,BBG001S6ZM88,,false,true,0.9,finnhub_directory
0LC6,Sysco Corporation,GB,LSE,false,resolved,,LN,XLON,0LC6,numeric_suffixed,ordinary,GB,GBP,BBG00JRYB225,BBG001S5WJS8,,true,false,0.95,openfigi
0LC6,Sysco Corporation,GB,LSE,false,resolved,,US,XNYS,SYY,us,ordinary,US,USD,BBG000BTVJ25,BBG001S5WJS8,,false,true,0.9,finnhub_directory
0LF5,"The Trade Desk, Inc.",GB,LSE,false,resolved,,LN,XLON,0LF5,numeric_suffixed,ordinary,GB,GBP,BBG00JVRMC85,BBG00629NGW8,,true,false,0.95,openfigi
0LF5,"The Trade Desk, Inc.",GB,LSE,false,resolved,,US,XNAS,TTD,us,ordinary,US,USD,BBG00629NGT2,BBG00629NGW8,,false,true,0.9,finnhub_directory
0LI9,Ubiquiti Inc.,GB,LSE,false,resolved,,LN,XLON,0LI9,numeric_suffixed,ordinary,GB,GBP,BBG00JVRMDX5,BBG001T1WDF3,,true,false,0.95,openfigi
0LI9,Ubiquiti Inc.,GB,LSE,false,resolved,,US,XNYS,UI,us,ordinary,US,USD,BBG001R72SR9,BBG001T1WDF3,,false,true,0.9,finnhub_directory
0LIB,"Ulta Beauty, Inc.",GB,LSE,false,resolved,,LN,XLON,0LIB,numeric_suffixed,ordinary,GB,GBP,BBG00JRYBL50,BBG00FWQ4W44,,true,false,0.95,openfigi
0LIB,"Ulta Beauty, Inc.",GB,LSE,false,resolved,,US,XNAS,ULTA,us,ordinary,US,USD,BBG00FWQ4VD6,BBG00FWQ4W44,,false,true,0.9,finnhub_directory
0LIU,"United Airlines Holdings, Inc.",GB,LSE,false,resolved,,LN,XLON,0LIU,numeric_suffixed,ordinary,GB,GBP,BBG00JRYBQ22,BBG001SQ87W0,,true,false,0.95,openfigi
0LIU,"United Airlines Holdings, Inc.",GB,LSE,false,resolved,,US,XNAS,UAL,us,ordinary,US,USD,BBG000M65M61,BBG001SQ87W0,,false,true,0.9,finnhub_directory
0LJL,"Universal Health Services, Inc.",GB,LSE,false,resolved,,LN,XLON,0LJL,numeric_suffixed,ordinary,GB,GBP,BBG00JRYBV21,BBG001S6S976,,true,false,0.95,openfigi
0LJL,"Universal Health Services, Inc.",GB,LSE,false,resolved,,US,XNYS,UHS,us,ordinary,US,USD,BBG000CB8Q50,BBG001S6S976,,false,true,0.9,finnhub_directory
0LK3,"Vail Resorts, Inc.",GB,LSE,false,resolved,,LN,XLON,0LK3,numeric_suffixed,ordinary,GB,GBP,BBG00JVRMFL3,BBG001S5TFD6,,true,false,0.95,openfigi
0LK3,"Vail Resorts, Inc.",GB,LSE,false,resolved,,US,XNYS,MTN,us,ordinary,US,USD,BBG000BCMWM1,BBG001S5TFD6,,false,true,0.9,finnhub_directory
0LN7,Air France KLM L,GB,LSE,false,resolved,resolved without an exchange filter to LO,LO,,0LN7,unknown,ordinary,,,BBG000PPKDL2,BBG001SBRR21,,true,false,0.8,openfigi
0LN7,Air France KLM L,GB,LSE,false,resolved,resolved without an exchange filter to LO,US,OOTC,AFRAF,us,ordinary,US,USD,BBG000NTWP54,BBG001SBRR21,,false,true,0.8,finnhub_directory
0LN7,Air France KLM L,GB,LSE,false,resolved,resolved without an exchange filter to LO,US,OOTC,AFLYY,us,adr,US,USD,BBG000PMHX66,BBG001SL5N13,,false,true,0.75,finnhub_directory
0LP3,Verisk Analytics Inc,GB,LSE,false,resolved,,LN,XLON,0LP3,numeric_suffixed,ordinary,GB,GBP,BBG00JRYC2J6,BBG001SBRX64,,true,false,0.95,openfigi
0LP3,Verisk Analytics Inc,GB,LSE,false,resolved,,US,XNAS,VRSK,us,ordinary,US,USD,BBG000BCZL41,BBG001SBRX64,,false,true,0.9,finnhub_directory
0LTG,"Waste Management, Inc.",GB,LSE,false,resolved,,LN,XLON,0LTG,numeric_suffixed,ordinary,GB,GBP,BBG00JRYCBS6,BBG001S5XH47,,true,false,0.95,openfigi
0LTG,"Waste Management, Inc.",GB,LSE,false,resolved,,US,XNYS,WM,us,ordinary,US,USD,BBG000BWVSR1,BBG001S5XH47,,false,true,0.9,finnhub_directory
0M2O,Orion Oyj,GB,LSE,false,resolved,resolved without an exchange filter to LO,LO,,0M2O,unknown,ordinary,,,BBG000W06Y57,BBG001SK5KV8,,true,false,0.8,openfigi
0M2O,Orion Oyj,GB,LSE,false,resolved,resolved without an exchange filter to LO,US,OOTC,ORINF,us,ordinary,US,USD,BBG000BZR2W0,BBG001SK5KV8,,false,true,0.8,finnhub_directory
0M2O,Orion Oyj,GB,LSE,false,resolved,resolved without an exchange filter to LO,US,OOTC,ORINY,us,adr,US,USD,BBG000WB08P4,BBG001T7T2F8,,false,true,0.75,finnhub_directory
0M2O,Orion Oyj,GB,LSE,false,resolved,resolved without an exchange filter to LO,US,XNYS,ORN,us,ordinary,US,USD,BBG000BG8N39,BBG001S9Z927,,false,true,0.75,finnhub_directory
0M2O,Orion Oyj,GB,LSE,false,resolved,resolved without an exchange filter to LO,US,XNYS,OEC,us,ordinary,US,USD,BBG006MC4LP7,BBG006MC4LQ6,,false,true,0.75,finnhub_directory
0M30,"Yum China Holdings, Inc.",GB,LSE,false,resolved,,LN,XLON,0M30,numeric_suffixed,ordinary,GB,GBP,BBG00JVRN3F6,BBG00B8N0HH0,,true,false,0.95,openfigi
0M30,"Yum China Holdings, Inc.",GB,LSE,false,resolved,,US,XNYS,YUMC,us,ordinary,US,USD,BBG00B8N0HG1,BBG00B8N0HH0,,false,true,0.9,finnhub_directory
0M3Q,Zoetis Inc.,GB,LSE,false,resolved,,LN,XLON,0M3Q,numeric_suffixed,ordinary,GB,GBP,BBG00JRYD7W9,BBG0039320P7,,true,false,0.95,openfigi
0M3Q,Zoetis Inc.,GB,LSE,false,resolved,,US,XNYS,ZTS,us,ordinary,US,USD,BBG0039320N9,BBG0039320P7,,false,true,0.9,finnhub_directory
0M6I,Heijmans NV,GB,LSE,false,resolved,"likely renamed: catalogue says ""Heijmans NV"", venue says ""KONINKLIJKE HEIJMANS N.V""",LN,XLON,0M6I,numeric_suffixed,depositary,GB,GBP,BBG00NRVXGX3,BBG001S7G2Y2,,true,false,0.6,openfigi
0M6S,Allianz L,GB,LSE,false,resolved,resolved without an exchange filter to LO,LO,,0M6S,unknown,ordinary,,,BBG002Q5DFX1,BBG001S5XGR4,,true,false,0.8,openfigi
0M6S,Allianz L,GB,LSE,false,resolved,resolved without an exchange filter to LO,US,OOTC,ALIZF,us,ordinary,US,USD,BBG000F3R2T1,BBG001S5XGR4,,false,true,0.8,finnhub_directory
0MEC,Nordex L,GB,LSE,false,resolved,resolved without an exchange filter to LO,LO,,0MEC,unknown,ordinary,,,BBG007382QW8,BBG001SD31B0,,true,false,0.8,openfigi
0MEC,Nordex L,GB,LSE,false,resolved,resolved without an exchange filter to LO,US,OOTC,NRDXF,us,ordinary,US,USD,BBG000BYKD10,BBG001SD31B0,,false,true,0.8,finnhub_directory
0MEC,Nordex L,GB,LSE,false,resolved,resolved without an exchange filter to LO,US,OOTC,NRXXY,us,adr,US,USD,BBG00B0SFXZ6,BBG00B0SFYP5,,false,true,0.75,finnhub_directory
0MET,Konecranes Abp,GB,LSE,false,resolved,resolved without an exchange filter to LO,LO,,0MET,unknown,ordinary,,,BBG000S9B1N9,BBG001S8V380,,true,false,0.8,openfigi
0MET,Konecranes Abp,GB,LSE,false,resolved,resolved without an exchange filter to LO,US,OOTC,KNCRF,us,ordinary,US,USD,BBG000PHBQK2,BBG001S8V380,,false,true,0.8,finnhub_directory
0MET,Konecranes Abp,GB,LSE,false,resolved,resolved without an exchange filter to LO,US,OOTC,KNCRY,us,adr,US,USD,BBG000RL6F85,BBG001T3QYX0,,false,true,0.75,finnhub_directory
0MGO,Jcdecaux SA,GB,LSE,false,resolved,resolved without an exchange filter to LO,LO,,0MGO,unknown,ordinary,,,BBG000QT7DT0,BBG001SJ4L13,,true,false,0.8,openfigi
0MGO,Jcdecaux SA,GB,LSE,false,resolved,resolved without an exchange filter to LO,US,OOTC,JCDXF,us,ordinary,US,USD,BBG000GLMQD9,BBG001SJ4L13,,false,true,0.8,finnhub_directory
0MH1,Bureau Veritas SA,GB,LSE,false,resolved,resolved without an exchange filter to LO,LO,,0MH1,unknown,ordinary,,,BBG000T23J44,BBG001SK0SG3,,true,false,0.8,openfigi
0MH1,Bureau Veritas SA,GB,LSE,false,resolved,resolved without an exchange filter to LO,US,OOTC,BVRDF,us,ordinary,US,USD,BBG000RMB3R3,BBG001SK0SG3,,false,true,0.8,finnhub_directory
0MH1,Bureau Veritas SA,GB,LSE,false,resolved,resolved without an exchange filter to LO,US,OOTC,BVVBY,us,adr,US,USD,BBG00J0B8YL7,BBG00J0B8Z98,,false,true,0.75,finnhub_directory
0MQG,Mycronic Ab,GB,LSE,false,resolved,resolved without an exchange filter to LO,LO,,0MQG,unknown,ordinary,,,BBG00GVJFHK2,BBG001SD4FZ2,,true,false,0.8,openfigi
0MQG,Mycronic Ab,GB,LSE,false,resolved,resolved without an exchange filter to LO,US,OOTC,MICLF,us,ordinary,US,USD,BBG000DR48G6,BBG001SD4FZ2,,false,true,0.8,finnhub_directory
0MQG,Mycronic Ab,GB,LSE,false,resolved,resolved without an exchange filter to LO,US,OOTC,MYCRY,us,adr,US,USD,BBG01P45LJ11,BBG01P45LKB7,,false,true,0.75,finnhub_directory
0MYY,Powszechny Zaklad Ubezpiecz L,GB,LSE,false,resolved,resolved without an exchange filter to LO,LO,,0MYY,unknown,ordinary,,,BBG007RBC8C6,BBG001SCNVY9,,true,false,0.8,openfigi
0MYY,Powszechny Zaklad Ubezpiecz L,GB,LSE,false,resolved,resolved without an exchange filter to LO,US,OOTC,PWZYF,us,ordinary,US,USD,BBG0080LV607,BBG001SCNVY9,,false,true,0.8,finnhub_directory
0N6B,Arcadis L,GB,LSE,false,resolved,resolved without an exchange filter to LO,LO,,0N6B,unknown,ordinary,,,BBG0028BHNY6,BBG001S8KKN7,,true,false,0.8,openfigi
0N6B,Arcadis L,GB,LSE,false,resolved,resolved without an exchange filter to LO,US,OOTC,ARCVF,us,ordinary,US,USD,BBG000K8VHG0,BBG001S8KKN7,,false,true,0.8,finnhub_directory
0NI1,Rheinmetall L,GB,LSE,false,resolved,resolved without an exchange filter to LO,LO,,0NI1,unknown,ordinary,,,BBG000KNVYZ9,BBG001S699S4,,true,false,0.8,openfigi
0NI1,Rheinmetall L,GB,LSE,false,resolved,resolved without an exchange filter to LO,US,OOTC,RNMBF,us,ordinary,US,USD,BBG000BWT790,BBG001S699S4,,false,true,0.8,finnhub_directory
0NJP,SOL SpA,GB,LSE,false,resolved,,LN,XLON,0NJP,numeric_suffixed,ordinary,GB,GBP,BBG00JHVZY99,BBG001SBM070,,true,false,0.95,openfigi
0NJP,SOL SpA,GB,LSE,false,resolved,,US,OOTC,SLSPF,us,ordinary,US,USD,BBG000HNBGL9,BBG001SBM070,,false,true,0.9,finnhub_directory
0NMK,Vestas Wind Systems,GB,LSE,false,resolved,resolved without an exchange filter to LO,LO,,0NMK,unknown,ordinary,,,BBG000QT74Y4,BBG001S7TVH3,,true,false,0.8,openfigi
0NMK,Vestas Wind Systems,GB,LSE,false,resolved,resolved without an exchange filter to LO,US,OOTC,VWSYF,us,ordinary,US,USD,BBG000DWP792,BBG001S7TVH3,,false,true,0.8,finnhub_directory
0NNF,Alfa Laval AB,GB,LSE,false,resolved,resolved without an exchange filter to LO,LO,,0NNF,unknown,ordinary,,,BBG000J1K2C6,BBG001S7Q7X1,,true,false,0.8,openfigi
0NNF,Alfa Laval AB,GB,LSE,false,resolved,resolved without an exchange filter to LO,US,OOTC,ALFVF,us,ordinary,US,USD,BBG000GWNMJ7,BBG001S7Q7X1,,false,true,0.8,finnhub_directory
0NNF,Alfa Laval AB,GB,LSE,false,resolved,resolved without an exchange filter to LO,US,OOTC,ALFVY,us,adr,US,USD,BBG000H17FT6,BBG001T3RV29,,false,true,0.75,finnhub_directory
0NPT,Eiffage SA,GB,LSE,false,resolved,resolved without an exchange filter to LO,LO,,0NPT,unknown,ordinary,,,BBG000R2J7X3,BBG001S68CZ0,,true,false,0.8,openfigi
0NPT,Eiffage SA,GB,LSE,false,resolved,resolved without an exchange filter to LO,US,OOTC,EFGSF,us,ordinary,US,USD,BBG000BWSQM4,BBG001S68CZ0,,false,true,0.8,finnhub_directory
0NPT,Eiffage SA,GB,LSE,false,resolved,resolved without an exchange filter to LO,US,OOTC,EFGSY,us,adr,US,USD,BBG000NTPK26,BBG001T3NRQ6,,false,true,0.75,finnhub_directory
0NQC,Pandora L,GB,LSE,false,resolved,resolved without an exchange filter to LO,LO,,0NQC,unknown,ordinary,,,BBG007R9GJL3,BBG001T2CR53,,true,false,0.8,openfigi
0NQC,Pandora L,GB,LSE,false,resolved,resolved without an exchange filter to LO,US,OOTC,PNDZF,us,ordinary,US,USD,BBG00194MVR7,BBG001T2CR53,,false,true,0.8,finnhub_directory
0NQC,Pandora L,GB,LSE,false,resolved,resolved without an exchange filter to LO,US,OOTC,PNDRY,us,adr,US,USD,BBG01S4QTGR9,BBG01S4QTJ84,,false,true,0.75,finnhub_directory
0NQM,Vinci L,GB,LSE,false,resolved,resolved without an exchange filter to LO,LO,,0NQM,unknown,ordinary,,,BBG000R2HZY2,BBG001S6HY00,,true,false,0.8,openfigi
0NQM,Vinci L,GB,LSE,false,resolved,resolved without an exchange filter to LO,US,OOTC,VCISF,us,ordinary,US,USD,BBG000BP9BK5,BBG001S6HY00,,false,true,0.8,finnhub_directory
0NUG,Magyar Telekom Tavkozlesi Nyrt,GB,LSE,false,resolved,"name match 0.60 against ""MAGYAR TELEKOM TELECOMMUNICA""",LN,XLON,0NUG,numeric_suffixed,ordinary,GB,GBP,BBG00NRVXPN4,BBG001S89857,,true,false,0.95,openfigi
0NUX,Prysmian L,GB,LSE,false,resolved,resolved without an exchange filter to LO,LO,,0NUX,unknown,ordinary,,,BBG000W072J1,BBG001SSZZ36,,true,false,0.8,openfigi
0NUX,Prysmian L,GB,LSE,false,resolved,resolved without an exchange filter to LO,US,OOTC,PRYMF,us,ordinary,US,USD,BBG000RJ7FV3,BBG001SSZZ36,,false,true,0.8,finnhub_directory
0NW4,SAP SE,GB,LSE,false,resolved,resolved without an exchange filter to LO,LO,,0NW4,unknown,ordinary,,,BBG000KNW5H1,BBG001S6RK27,,true,false,0.8,openfigi
0NW4,SAP SE,GB,LSE,false,resolved,resolved without an exchange filter to LO,US,OOTC,SAPGF,us,ordinary,US,USD,BBG000BQKGR2,BBG001S6RK27,,false,true,0.8,finnhub_directory
0NW4,SAP SE,GB,LSE,false,resolved,resolved without an exchange filter to LO,US,XNYS,SAP,us,adr,US,USD,BBG000BDSLD7,BBG001S6RD41,,false,true,0.75,finnhub_directory
0NWV,Schneider Electric SE,GB,LSE,false,resolved,resolved without an exchange filter to LO,LO,,0NWV,unknown,ordinary,,,BBG000R2HXP7,BBG001S67MN2,,true,false,0.8,openfigi
0NWV,Schneider Electric SE,GB,LSE,false,resolved,resolved without an exchange filter to LO,US,OOTC,SBGSF,us,ordinary,US,USD,BBG000BWMW83,BBG001S67MN2,,false,true,0.8,finnhub_directory
0NX3,ASM International L,GB,LSE,false,resolved,resolved without an exchange filter to LO,LO,,0NX3,unknown,ordinary,,,BBG0028BHHN1,BBG001S9HL57,,true,false,0.8,openfigi
0NX3,ASM International L,GB,LSE,false,resolved,resolved without an exchange filter to LO,US,OOTC,ASMXF,us,ordinary,US,USD,BBG00QRZRGM6,BBG001S9HL57,,false,true,0.8,finnhub_directory
0NZT,UCB L,GB,LSE,false,resolved,resolved without an exchange filter to LO,LO,,0NZT,unknown,ordinary,,,BBG000KNS5T3,BBG001S6LBX9,,true,false,0.8,openfigi
0NZT,UCB L,GB,LSE,false,resolved,resolved without an exchange filter to LO,US,OOTC,UCBJF,us,ordinary,US,USD,BBG000BTCV92,BBG001S6LBX9,,false,true,0.8,finnhub_directory
0NZT,UCB L,GB,LSE,false,resolved,resolved without an exchange filter to LO,US,OOTC,UCBJY,us,adr,US,USD,BBG000CL15T5,BBG001ST99N9,,false,true,0.75,finnhub_directory
0NZU,Zealand Pharma A/S,GB,LSE,false,resolved,resolved without an exchange filter to LO,LO,,0NZU,unknown,ordinary,,,BBG00JVX9822,BBG001SPVN33,,true,false,0.8,openfigi
0NZU,Zealand Pharma A/S,GB,LSE,false,resolved,resolved without an exchange filter to LO,US,OOTC,ZLDPF,us,ordinary,US,USD,BBG00276D1T6,BBG001SPVN33,,false,true,0.8,finnhub_directory
0NZU,Zealand Pharma A/S,GB,LSE,false,resolved,resolved without an exchange filter to LO,US,OOTC,ZLDPY,us,adr,US,USD,BBG004F4WNB8,BBG004F4WP32,,false,true,0.75,finnhub_directory
0OAW,Mowi ASA,GB,LSE,false,resolved,resolved without an exchange filter to LO,LO,,0OAW,unknown,ordinary,,,BBG007R9HDP1,BBG001SB2PP7,,true,false,0.8,openfigi
0OAW,Mowi ASA,GB,LSE,false,resolved,resolved without an exchange filter to LO,US,OOTC,MNHVF,us,ordinary,US,USD,BBG000NXRG79,BBG001SB2PP7,,false,true,0.8,finnhub_directory
0OAW,Mowi ASA,GB,LSE,false,resolved,resolved without an exchange filter to LO,US,OOTC,MHGVY,us,adr,US,USD,BBG005XVPYP4,BBG005XVPZR9,,false,true,0.75,finnhub_directory
0OIR,ALK-ABELLO A/S,GB,LSE,false,resolved,resolved without an exchange filter to LO,LO,,0OIR,unknown,ordinary,,,BBG00G416YW1,BBG001SNHVQ1,,true,false,0.8,openfigi
0OIR,ALK-ABELLO A/S,GB,LSE,false,resolved,resolved without an exchange filter to LO,US,OOTC,AKBLF,us,ordinary,US,USD,BBG000NQV0V7,BBG001SNHVQ1,,false,true,0.8,finnhub_directory
0OJC,Gjensidige Forsikring L,GB,LSE,false,resolved,resolved without an exchange filter to LO,LO,,0OJC,unknown,ordinary,,,BBG007R9HDS8,BBG001SPGCM3,,true,false,0.8,openfigi
0OJC,Gjensidige Forsikring L,GB,LSE,false,resolved,resolved without an exchange filter to LO,US,OOTC,GJNSF,us,ordinary,US,USD,BBG002B6RG68,BBG001SPGCM3,,false,true,0.8,finnhub_directory
0ON7,D’Ieteren SA,GB,LSE,false,resolved,resolved without an exchange filter to LO,LO,,0ON7,unknown,ordinary,,,BBG007R9H5F9,BBG001SGLMW4,,true,false,0.8,openfigi
0ON7,D’Ieteren SA,GB,LSE,false,resolved,resolved without an exchange filter to LO,US,OOTC,SIEVF,us,ordinary,US,USD,BBG0056LBX91,BBG001SGLMW4,,false,true,0.8,finnhub_directory
0P0T,Wilh. Wilhelmsen Holding ASA,GB,LSE,false,resolved,,LN,XLON,0P0T,numeric_suffixed,ordinary,GB,GBP,BBG00JHW0BN9,BBG001S6H9Y8,,true,false,0.95,openfigi
0P0T,Wilh. Wilhelmsen Holding ASA,GB,LSE,false,resolved,,US,OOTC,WLHSF,us,ordinary,US,USD,BBG000C1D8W6,BBG001S6H9Y8,,false,true,0.9,finnhub_directory
0P0T,Wilh. Wilhelmsen Holding ASA,GB,LSE,false,resolved,,US,OOTC,WILWY,us,adr,US,USD,BBG0067M3P38,BBG0067M3PV7,,false,true,0.75,finnhub_directory
0P2W,Amadeus IT Holding,GB,LSE,false,resolved,resolved without an exchange filter to LO,LO,,0P2W,unknown,ordinary,,,BBG007R9H6K1,BBG001T8K960,,true,false,0.8,openfigi
0P2W,Amadeus IT Holding,GB,LSE,false,resolved,resolved without an exchange filter to LO,US,OOTC,AMADF,us,ordinary,US,USD,BBG0014LYVN5,BBG001T8K960,,false,true,0.8,finnhub_directory
0Q1G,Eli Lilly and Company,GB,LSE,false,resolved,,LN,XLON,0Q1G,numeric_suffixed,ordinary,GB,GBP,BBG00JHW5BX3,BBG001S5STL8,,true,false,0.95,openfigi
0Q1G,Eli Lilly and Company,GB,LSE,false,resolved,,US,XNYS,LLY,us,ordinary,US,USD,BBG000BNBDC2,BBG001S5STL8,,false,true,0.9,finnhub_directory
0Q6M,Unipol Gruppo Finanziario SpA,GB,LSE,false,unresolved,no identifier matched this ticker and name,,,,,,,,,,,,,,
0Q7S,Brunello Cucinelli SpA,GB,LSE,false,resolved,resolved without an exchange filter to LO,LO,,0Q7S,unknown,ordinary,,,BBG007Z18193,BBG001TFJ1C6,,true,false,0.8,openfigi
0Q7S,Brunello Cucinelli SpA,GB,LSE,false,resolved,resolved without an exchange filter to LO,US,OOTC,BCUCF,us,ordinary,US,USD,BBG00336RK93,BBG001TFJ1C6,,false,true,0.8,finnhub_directory
0Q8F,Hugo Boss L,GB,LSE,false,resolved,resolved without an exchange filter to LO,LO,,0Q8F,unknown,ordinary,,,BBG0074NS4M6,BBG001S6KJV5,,true,false,0.8,openfigi
0Q8F,Hugo Boss L,GB,LSE,false,resolved,resolved without an exchange filter to LO,US,OOTC,HUGPF,us,ordinary,US,USD,BBG001HYR8P0,BBG001S6KJV5,,false,true,0.8,finnhub_directory
0QEP,Maire Tecnimont SpA,GB,LSE,false,resolved,resolved by name search to MT1USD on X1,X1,,MT1USD,unknown,ordinary,,,BBG00QFYMNJ6,,,true,false,0.7,openfigi
0QI7,Addtech AB,GB,LSE,false,resolved,resolved without an exchange filter to LO,LO,,0QI7,unknown,ordinary,,,BBG00NRVWL27,BBG001SFZMC3,,true,false,0.8,openfigi
0QI7,Addtech AB,GB,LSE,false,resolved,resolved without an exchange filter to LO,US,OOTC,ADDTF,us,ordinary,US,USD,BBG01YRJWKZ5,BBG001SFZMC3,,false,true,0.8,finnhub_directory
0QII,Moncler,GB,LSE,false,resolved,resolved without an exchange filter to LO,LO,,0QII,unknown,ordinary,,,BBG007Z18308,BBG001T3D077,,true,false,0.8,openfigi
0QII,Moncler,GB,LSE,false,resolved,resolved without an exchange filter to LO,US,OOTC,MONRF,us,ordinary,US,USD,BBG005Q53R41,BBG001T3D077,,false,true,0.8,finnhub_directory
0QII,Moncler,GB,LSE,false,resolved,resolved without an exchange filter to LO,US,OOTC,MONRY,us,adr,US,USD,BBG006C0BQB0,BBG006C0BR28,,false,true,0.75,finnhub_directory
0QIU,Novo Nordisk L,GB,LSE,false,resolved,resolved without an exchange filter to LO,LO,,0QIU,unknown,ordinary,,,BBG005SX4C13,BBG001S6RN12,,true,false,0.8,openfigi
0QIU,Novo Nordisk L,GB,LSE,false,resolved,resolved without an exchange filter to LO,US,OOTC,NONOF,us,ordinary,US,USD,BBG000K11Z96,BBG001S6RN12,,false,true,0.8,finnhub_directory
0QIU,Novo Nordisk L,GB,LSE,false,resolved,resolved without an exchange filter to LO,US,XNYS,NVO,us,adr,US,USD,BBG000BQBKR3,BBG001S5TSK0,,false,true,0.75,finnhub_directory
0QIX,BW LPG Ltd,GB,LSE,false,resolved,resolved without an exchange filter to LO,LO,,0QIX,unknown,ordinary,,,BBG007Z14Y04,BBG005KMVVT3,,true,false,0.8,openfigi
0QIX,BW LPG Ltd,GB,LSE,false,resolved,resolved without an exchange filter to LO,US,XNYS,BWLP,us,ordinary,US,USD,BBG005VPQN63,BBG005KMVVT3,,false,true,0.8,finnhub_directory
0QK3,Avolta AG,GB,LSE,false,resolved,resolved without an exchange filter to LO,LO,,0QK3,unknown,ordinary,,,BBG00JRVHR39,BBG001SHKDH0,,true,false,0.8,openfigi
0QK3,Avolta AG,GB,LSE,false,resolved,resolved without an exchange filter to LO,US,OOTC,DFRYF,us,ordinary,US,USD,BBG000R2K556,BBG001SHKDH0,,false,true,0.8,finnhub_directory
0QK3,Avolta AG,GB,LSE,false,resolved,resolved without an exchange filter to LO,US,OOTC,DUFRY,us,adr,US,USD,BBG002WMCR44,BBG002WMCSR7,,false,true,0.75,finnhub_directory
0QLR,Novartis AG,GB,LSE,false,resolved,resolved without an exchange filter to LO,LO,,0QLR,unknown,ordinary,,,BBG00LPCB5S5,BBG001SD31N7,,true,false,0.8,openfigi
0QLR,Novartis AG,GB,LSE,false,resolved,resolved without an exchange filter to LO,US,OOTC,NVSEF,us,ordinary,US,USD,BBG000KSBX82,BBG001SD31N7,,false,true,0.8,finnhub_directory
0QLR,Novartis AG,GB,LSE,false,resolved,resolved without an exchange filter to LO,US,XNYS,NVS,us,adr,US,USD,BBG000LYF3S8,BBG001SF5LW6,,false,true,0.75,finnhub_directory
0QOQ,Partners Group Holding AG,GB,LSE,false,resolved,,LN,XLON,0QOQ,numeric_suffixed,ordinary,GB,GBP,BBG00NRVY049,BBG001SJVNZ2,,true,false,0.95,openfigi
0QOQ,Partners Group Holding AG,GB,LSE,false,resolved,,US,OOTC,PGPHF,us,ordinary,US,USD,BBG000GP5GW0,BBG001SJVNZ2,,false,true,0.9,finnhub_directory
0QP2,Zurich Insurance Group AG,GB,LSE,false,resolved,resolved without an exchange filter to LO,LO,,0QP2,unknown,ordinary,,,BBG002J6KGT2,BBG001SCHTR9,,true,false,0.8,openfigi
0QP2,Zurich Insurance Group AG,GB,LSE,false,resolved,resolved without an exchange filter to LO,US,OOTC,ZFSVF,us,ordinary,US,USD,BBG000D3M9D0,BBG001SCHTR9,,false,true,0.8,finnhub_directory
0QP2,Zurich Insurance Group AG,GB,LSE,false,resolved,resolved without an exchange filter to LO,US,OOTC,ZURVY,us,adr,US,USD,BBG000D3MRR5,BBG001SG56C9,,false,true,0.75,finnhub_directory
0QVE,Fenix Outdoor International AG,GB,LSE,false,resolved,,LN,XLON,0QVE,numeric_suffixed,ordinary,GB,GBP,BBG015BB7JB9,BBG006Q4HWM6,,true,false,0.95,openfigi
0QVE,Fenix Outdoor International AG,GB,LSE,false,resolved,,US,OOTC,FNXTF,us,ordinary,US,USD,BBG00B0M8ML6,BBG006Q4HWM6,,false,true,0.9,finnhub_directory
0QW0,argenx NV,GB,LSE,false,resolved,resolved without an exchange filter to LO,LO,,0QW0,unknown,ordinary,,,BBG00QG0YBQ4,BBG001V0GFM7,,true,false,0.8,openfigi
0QW0,argenx NV,GB,LSE,false,resolved,resolved without an exchange filter to LO,US,OOTC,ARGNF,us,ordinary,US,USD,BBG008F56JR7,BBG001V0GFM7,,false,true,0.8,finnhub_directory
0QW0,argenx NV,GB,LSE,false,resolved,resolved without an exchange filter to LO,US,XNAS,ARGX,us,adr,US,USD,BBG00GHB88X9,BBG00GHB88Y8,,false,true,0.75,finnhub_directory
0QWA,Compania de Distribucion Integral Logista Holdings SA,GB,LSE,false,resolved,resolved without an exchange filter to LO,LO,,0QWA,unknown,ordinary,,,BBG0074NSG94,BBG006MFN048,,true,false,0.8,openfigi
0QWA,Compania de Distribucion Integral Logista Holdings SA,GB,LSE,false,resolved,resolved without an exchange filter to LO,US,OOTC,CDNIF,us,ordinary,US,USD,BBG00TCZMJG2,BBG006MFN048,,false,true,0.8,finnhub_directory
0QXP,Aker Solutions L,GB,LSE,false,resolved,resolved without an exchange filter to LO,LO,,0QXP,unknown,ordinary,,,BBG0079068M6,BBG006FCV2P7,,true,false,0.8,openfigi
0QXP,Aker Solutions L,GB,LSE,false,resolved,resolved without an exchange filter to LO,US,OOTC,AKRTF,us,ordinary,US,USD,BBG007HXGS40,BBG006FCV2P7,,false,true,0.8,finnhub_directory
0QY4,Las Vegas Sands Corp.,GB,LSE,false,resolved,,LN,XLON,0QY4,numeric_suffixed,ordinary,GB,GBP,BBG00JVRDG13,BBG001SJCGP9,,true,false,0.95,openfigi
0QY4,Las Vegas Sands Corp.,GB,LSE,false,resolved,,US,XNYS,LVS,us,ordinary,US,USD,BBG000JWD753,BBG001SJCGP9,,false,true,0.9,finnhub_directory
0QYI,Netflix Inc,GB,LSE,false,resolved,,LN,XLON,0QYI,numeric_suffixed,ordinary,GB,GBP,BBG00JPR2703,BBG001SF6L46,,true,false,0.95,openfigi
0QYI,Netflix Inc,GB,LSE,false,resolved,,US,XNAS,NFLX,us,ordinary,US,USD,BBG000CL9VN6,BBG001SF6L46,,false,true,0.9,finnhub_directory
0QYJ,"Salesforce, Inc.",GB,LSE,false,resolved,,LN,XLON,0QYJ,numeric_suffixed,ordinary,GB,GBP,BBG00JVJSZD0,BBG001SDLP09,,true,false,0.95,openfigi
0QYJ,"Salesforce, Inc.",GB,LSE,false,resolved,,US,XNYS,CRM,us,ordinary,US,USD,BBG000BN2DC2,BBG001SDLP09,,false,true,0.9,finnhub_directory
0QYL,Rambus Inc.,GB,LSE,false,resolved,,LN,XLON,0QYL,numeric_suffixed,ordinary,GB,GBP,BBG00JVXH9J3,BBG001S7RF80,,true,false,0.95,openfigi
0QYL,Rambus Inc.,GB,LSE,false,resolved,,US,XNAS,RMBS,us,ordinary,US,USD,BBG000BR32C6,BBG001S7RF80,,false,true,0.9,finnhub_directory
0QYM,Fortuna Mining Corp.,GB,LSE,false,resolved,,LN,XLON,0QYM,numeric_suffixed,ordinary,GB,GBP,BBG00JRQSGT4,BBG001S982M0,,true,false,0.95,openfigi
0QYM,Fortuna Mining Corp.,GB,LSE,false,resolved,,US,XNYS,FSM,us,ordinary,US,USD,BBG000LDZ482,BBG001S982M0,,false,true,0.9,finnhub_directory
0QYN,B2Gold Corp.,GB,LSE,false,resolved,,LN,XLON,0QYN,numeric_suffixed,ordinary,GB,GBP,BBG00JRQSG87,BBG001T0CNW6,,true,false,0.95,openfigi
0QYN,B2Gold Corp.,GB,LSE,false,resolved,,US,XASE,BTG,us,ordinary,US,USD,BBG000V9KFD5,BBG001T0CNW6,,false,true,0.9,finnhub_directory
0QZ4,"Delta Air Lines, Inc.",GB,LSE,false,resolved,,LN,XLON,0QZ4,numeric_suffixed,ordinary,GB,GBP,BBG00JRYD152,BBG001SPT759,,true,false,0.95,openfigi
0QZ4,"Delta Air Lines, Inc.",GB,LSE,false,resolved,,US,XNYS,DAL,us,ordinary,US,USD,BBG000R7Z112,BBG001SPT759,,false,true,0.9,finnhub_directory
0QZU,Vertex Pharmaceuticals Incorporated,GB,LSE,false,resolved,,LN,XLON,0QZU,numeric_suffixed,ordinary,GB,GBP,BBG00JRYC2N1,BBG001S68LJ8,,true,false,0.95,openfigi
0QZU,Vertex Pharmaceuticals Incorporated,GB,LSE,false,resolved,,US,XNAS,VRTX,us,ordinary,US,USD,BBG000C1S2X2,BBG001S68LJ8,,false,true,0.9,finnhub_directory
0R06,First Solar Inc,GB,LSE,false,resolved,,LN,XLON,0R06,numeric_suffixed,ordinary,GB,GBP,BBG00JRQS046,BBG001S991Z7,,true,false,0.95,openfigi
0R06,First Solar Inc,GB,LSE,false,resolved,,US,XNAS,FSLR,us,ordinary,US,USD,BBG000BFL116,BBG001S991Z7,,false,true,0.9,finnhub_directory
0R07,Pan American Silver Corp.,GB,LSE,false,resolved,,LN,XLON,0R07,numeric_suffixed,ordinary,GB,GBP,BBG00JRQSKW1,BBG001S5ZXR5,,true,false,0.95,openfigi
0R07,Pan American Silver Corp.,GB,LSE,false,resolved,,US,XNYS,PAAS,us,ordinary,US,USD,BBG000C0RGY3,BBG001S5ZXR5,,false,true,0.9,finnhub_directory
0R1T,"Expedia Group, Inc.",GB,LSE,false,resolved,,LN,XLON,0R1T,numeric_suffixed,ordinary,GB,GBP,BBG00JRY8D61,BBG001SP8VM0,,true,false,0.95,openfigi
0R1T,"Expedia Group, Inc.",GB,LSE,false,resolved,,US,XNAS,EXPE,us,ordinary,US,USD,BBG000QY3XZ2,BBG001SP8VM0,,false,true,0.9,finnhub_directory
0R22,Barrick Gold Corp,GB,LSE,false,resolved,resolved by name search to ABX on IX,IX,,ABX,unknown,ordinary,,,BBG002K0ZXM7,BBG001S5N9P3,,true,false,0.7,openfigi
0R22,Barrick Gold Corp,GB,LSE,false,resolved,resolved by name search to ABX on IX,US,XNYS,B,us,ordinary,US,USD,BBG000BB07P9,BBG001S5N9P3,,false,true,0.7,finnhub_directory
0R28,Newmont Corporation,GB,LSE,false,resolved,resolved without an exchange filter to LO,LO,,0R28,unknown,ordinary,,,BBG00SYG6HH3,BBG001S5TKX3,,true,false,0.8,openfigi
0R28,Newmont Corporation,GB,LSE,false,resolved,resolved without an exchange filter to LO,US,XNYS,NEM,us,ordinary,US,USD,BBG000BPWXK1,BBG001S5TKX3,,false,true,0.8,finnhub_directory
0R29,"Intuitive Surgical, Inc.",GB,LSE,false,resolved,,LN,XLON,0R29,numeric_suffixed,ordinary,GB,GBP,BBG00JRQS2C3,BBG001S7XR78,,true,false,0.95,openfigi
0R29,"Intuitive Surgical, Inc.",GB,LSE,false,resolved,,US,XNAS,ISRG,us,ordinary,US,USD,BBG000BJPDZ1,BBG001S7XR78,,false,true,0.9,finnhub_directory
0R2D,Kinross Gold Corporation,GB,LSE,false,resolved,resolved without an exchange filter to LO,LO,,0R2D,unknown,ordinary,,,BBG00QG0YGR2,BBG001S5R0C2,,true,false,0.8,openfigi
0R2D,Kinross Gold Corporation,GB,LSE,false,resolved,resolved without an exchange filter to LO,US,XNYS,KGC,us,ordinary,US,USD,BBG000BB2DM7,BBG001S5R0C2,,false,true,0.8,finnhub_directory
0R2D,Kinross Gold Corporation,GB,LSE,false,resolved,resolved without an exchange filter to LO,US,OOTC,KGCRF,us,other,US,USD,BBG01N91RVP1,BBG01N91RWL3,,false,true,0.75,finnhub_directory
0R2J,Agnico Eagle Mines Limited,GB,LSE,false,resolved,,LN,XLON,0R2J,numeric_suffixed,ordinary,GB,GBP,BBG00JRY8PS0,BBG001S77MK3,,true,false,0.95,openfigi
0R2J,Agnico Eagle Mines Limited,GB,LSE,false,resolved,,US,XNYS,AEM,us,ordinary,US,USD,BBG000DLVDK3,BBG001S77MK3,,false,true,0.9,finnhub_directory
0R2S,Stryker Corporation,GB,LSE,false,resolved,,LN,XLON,0R2S,numeric_suffixed,ordinary,GB,GBP,BBG00JRY9ZR8,BBG001S8FR03,,true,false,0.95,openfigi
0R2S,Stryker Corporation,GB,LSE,false,resolved,,US,XNYS,SYK,us,ordinary,US,USD,BBG000DN7P92,BBG001S8FR03,,false,true,0.9,finnhub_directory
0R2T,"Micron Technology, Inc.",GB,LSE,false,resolved,resolved without an exchange filter to LO,LO,,0R2T,unknown,ordinary,,,BBG00QG0YFX7,BBG001S6P675,,true,false,0.8,openfigi
0R2T,"Micron Technology, Inc.",GB,LSE,false,resolved,resolved without an exchange filter to LO,US,XNAS,MU,us,ordinary,US,USD,BBG000C5Z1S3,BBG001S6P675,,false,true,0.8,finnhub_directory
0R2Y,Adobe Inc,GB,LSE,false,resolved,,LN,XLON,0R2Y,numeric_suffixed,ordinary,GB,GBP,BBG00Q99C8L9,BBG001S5NCQ5,,true,false,0.95,openfigi
0R2Y,Adobe Inc,GB,LSE,false,resolved,,US,XNAS,ADBE,us,ordinary,US,USD,BBG000BB5006,BBG001S5NCQ5,,false,true,0.9,finnhub_directory
0R2Z,Mastercard Incorporated,GB,LSE,false,resolved,,LN,XLON,0R2Z,numeric_suffixed,ordinary,GB,GBP,BBG00JRQS5C6,BBG001SKNNS6,,true,false,0.95,openfigi
0R2Z,Mastercard Incorporated,GB,LSE,false,resolved,,US,XNYS,MA,us,ordinary,US,USD,BBG000F1ZSQ2,BBG001SKNNS6,,false,true,0.9,finnhub_directory
0R32,Abercrombie & Fitch Co.,GB,LSE,false,resolved,,LN,XLON,0R32,numeric_suffixed,ordinary,GB,GBP,BBG00JVRN179,BBG001S97027,,true,false,0.95,openfigi
0R32,Abercrombie & Fitch Co.,GB,LSE,false,resolved,,US,XNYS,ANF,us,ordinary,US,USD,BBG000H9G7X2,BBG001S97027,,false,true,0.9,finnhub_directory
0R4Y,Aena SME SA,GB,LSE,false,resolved,resolved without an exchange filter to LO,LO,,0R4Y,unknown,ordinary,,,BBG0084B2NY3,BBG003T4Y489,,true,false,0.8,openfigi
0R4Y,Aena SME SA,GB,LSE,false,resolved,resolved without an exchange filter to LO,US,OOTC,ANNSF,us,ordinary,US,USD,BBG008KNDLQ0,BBG003T4Y489,,false,true,0.8,finnhub_directory
0R4Y,Aena SME SA,GB,LSE,false,resolved,resolved without an exchange filter to LO,US,OOTC,ANYYY,us,adr,US,USD,BBG00G5L9M13,BBG00G5L9MR5,,false,true,0.75,finnhub_directory
0R6R,Axfood AB,GB,LSE,false,resolved,resolved without an exchange filter to LO,LO,,0R6R,unknown,ordinary,,,BBG007R9HLQ2,BBG001SB5BK0,,true,false,0.8,openfigi
0R6R,Axfood AB,GB,LSE,false,resolved,resolved without an exchange filter to LO,US,OOTC,AXFOF,us,ordinary,US,USD,BBG000DVM216,BBG001SB5BK0,,false,true,0.8,finnhub_directory
0R6R,Axfood AB,GB,LSE,false,resolved,resolved without an exchange filter to LO,US,OOTC,AXFOY,us,adr,US,USD,BBG000GDSWS2,BBG001T0JZS7,,false,true,0.75,finnhub_directory
0R87,Assa Abloy L,GB,LSE,false,resolved,resolved without an exchange filter to LO,LO,,0R87,unknown,ordinary,,,BBG000S9F1R1,BBG001S66J50,,true,false,0.8,openfigi
0R87,Assa Abloy L,GB,LSE,false,resolved,resolved without an exchange filter to LO,US,OOTC,ASAZF,us,ordinary,US,USD,BBG000P89NM0,BBG001S66J50,,false,true,0.8,finnhub_directory
0R9U,PayPal Holdings Inc,GB,LSE,false,resolved,"likely renamed: catalogue says ""PayPal Holdings Inc"", venue says ""PAYPAL HOLDINGS INC - CDI""",LN,XLON,0R9U,numeric_suffixed,ordinary,GB,GBP,BBG00JPR28T0,BBG0077VNXW5,,true,false,0.6,openfigi
0R9U,PayPal Holdings Inc,GB,LSE,false,resolved,"likely renamed: catalogue says ""PayPal Holdings Inc"", venue says ""PAYPAL HOLDINGS INC - CDI""",US,XNAS,PYPL,us,ordinary,US,USD,BBG0077VNXV6,BBG0077VNXW5,,false,true,0.6,finnhub_directory
0RD1,Camurus AB,GB,LSE,false,resolved,,LN,XLON,0RD1,numeric_suffixed,ordinary,GB,GBP,BBG00JHW74G6,BBG00732K0F7,,true,false,0.95,openfigi
0RD1,Camurus AB,GB,LSE,false,resolved,,US,OOTC,CAMRF,us,ordinary,US,USD,BBG00HZ5C400,BBG00732K0F7,,false,true,0.9,finnhub_directory
0REH,Frontline Plc,GB,LSE,false,resolved,resolved without an exchange filter to LO,LO,,0REH,unknown,ordinary,,,BBG00CTF33M4,BBG001S66K75,,true,false,0.8,openfigi
0REH,Frontline Plc,GB,LSE,false,resolved,resolved without an exchange filter to LO,US,XNYS,FRO,us,ordinary,US,USD,BBG000BTQNQ6,BBG001S66K75,,false,true,0.8,finnhub_directory
0REQ,Per Aarsleff Holding A/S,GB,LSE,false,resolved,resolved without an exchange filter to LO,LO,,0REQ,unknown,ordinary,,,BBG00NRVWNS5,BBG001SB30P1,,true,false,0.8,openfigi
0RG1,Technogym SpA,GB,LSE,false,resolved,resolved without an exchange filter to LO,LO,,0RG1,unknown,ordinary,,,BBG00YRWYVN4,BBG001T30ZN6,,true,false,0.8,openfigi
0RG1,Technogym SpA,GB,LSE,false,resolved,resolved without an exchange filter to LO,US,OOTC,TCCHF,us,ordinary,US,USD,BBG00LBX51H2,BBG001T30ZN6,,false,true,0.8,finnhub_directory
0RGT,William Demant Holding AS,GB,LSE,false,resolved,resolved by name search to WDHDKK on WT,WT,,WDHDKK,unknown,ordinary,,,BBG00NR9BWW2,BBG001S6BY88,,true,false,0.7,openfigi
0RGT,William Demant Holding AS,GB,LSE,false,resolved,resolved by name search to WDHDKK on WT,US,OOTC,WILLF,us,ordinary,US,USD,BBG000PBDTM5,BBG001S6BY88,,false,true,0.7,finnhub_directory
0RKF,Construcciones y Auxiliar de Ferrocarriles SA,GB,LSE,false,unresolved,no identifier matched this ticker and name,,,,,,,,,,,,,,
0RMV,TechnipFMC PLC,GB,LSE,false,resolved,resolved without an exchange filter to LO,LO,,0RMV,unknown,ordinary,,,BBG00GD8B9B8,BBG00DL8NMT5,,true,false,0.8,openfigi
0RMV,TechnipFMC PLC,GB,LSE,false,resolved,resolved without an exchange filter to LO,US,XNYS,FTI,us,ordinary,US,USD,BBG00DL8NMV2,BBG00DL8NMT5,,false,true,0.8,finnhub_directory
0RQ9,Lundin Mining Corporation,GB,LSE,false,resolved,resolved without an exchange filter to LO,LO,,0RQ9,unknown,ordinary,,,BBG00GXQ3TM9,BBG001SC6W94,,true,false,0.8,openfigi
0RQ9,Lundin Mining Corporation,GB,LSE,false,resolved,resolved without an exchange filter to LO,US,OOTC,LUNMF,us,ordinary,US,USD,BBG000PFSLZ3,BBG001SC6W94,,false,true,0.8,finnhub_directory
0RQ9,Lundin Mining Corporation,GB,LSE,false,resolved,resolved without an exchange filter to LO,US,OOTC,LNDMY,us,adr,US,USD,BBG01VWMHQ37,BBG01VWMHR08,,false,true,0.75,finnhub_directory
0RR8,Baker Hughes Co,GB,LSE,false,resolved,,LN,XLON,0RR8,numeric_suffixed,ordinary,GB,GBP,BBG00JRY9SF7,BBG00GBVBK60,,true,false,0.95,openfigi
0RR8,Baker Hughes Co,GB,LSE,false,resolved,,US,XNAS,BKR,us,ordinary,US,USD,BBG00GBVBK51,BBG00GBVBK60,,false,true,0.9,finnhub_directory
0RV0,Reply SpA,GB,LSE,false,resolved,resolved without an exchange filter to LO,LO,,0RV0,unknown,ordinary,,,BBG00NRVWQ35,BBG001SF3ZQ4,,true,false,0.8,openfigi
0RV0,Reply SpA,GB,LSE,false,resolved,resolved without an exchange filter to LO,US,OOTC,RPYTF,us,ordinary,US,USD,BBG00NZTQZG4,BBG001SF3ZQ4,,false,true,0.8,finnhub_directory
0RYA,Ryanair Holdings,GB,LSE,false,resolved,,LN,XLON,0RYA,numeric_suffixed,ordinary,GB,GBP,BBG000H2BG08,BBG001S8FHN0,,true,false,0.95,openfigi
0RYA,Ryanair Holdings,GB,LSE,false,resolved,,US,OOTC,RYAOF,us,ordinary,US,USD,BBG000PB54D9,BBG001S8FHN0,,false,true,0.9,finnhub_directory
0SPT,Spotify Technology SA,GB,LSE,false,resolved,,LN,XLON,0SPT,numeric_suffixed,ordinary,GB,GBP,BBG00KH6T5V6,BBG003T4VFD1,,true,false,0.95,openfigi
0SPT,Spotify Technology SA,GB,LSE,false,resolved,,US,XNYS,SPOT,us,ordinary,US,USD,BBG003T4VFC2,BBG003T4VFD1,,false,true,0.9,finnhub_directory
0TCU,Howmet Aerospace Inc.,GB,LSE,false,resolved,,LN,XLON,0TCU,numeric_suffixed,ordinary,GB,GBP,BBG00ZVXQ4Q0,BBG00DYNJH69,,true,false,0.95,openfigi
0TCU,Howmet Aerospace Inc.,GB,LSE,false,resolved,,US,XNYS,HWM,us,ordinary,US,USD,BBG00DYNJGH9,BBG00DYNJH69,,false,true,0.9,finnhub_directory
0U3Q,"InterDigital, Inc.",GB,LSE,false,resolved,,LN,XLON,0U3Q,numeric_suffixed,ordinary,GB,GBP,BBG00LG7FXB9,BBG001S8DV79,,true,false,0.95,openfigi
0U3Q,"InterDigital, Inc.",GB,LSE,false,resolved,,US,XNAS,IDCC,us,ordinary,US,USD,BBG000HLJ7M4,BBG001S8DV79,,false,true,0.9,finnhub_directory
0UGS,Alamos Gold Inc.,GB,LSE,false,resolved,,LN,XLON,0UGS,numeric_suffixed,ordinary,GB,GBP,BBG00JVRKPJ6,BBG009HT65S0,,true,false,0.95,openfigi
0UGS,Alamos Gold Inc.,GB,LSE,false,resolved,,US,XNYS,AGI,us,ordinary,US,USD,BBG009HT6BL4,BBG009HT65S0,,false,true,0.9,finnhub_directory
0UP5,Centerra Gold Inc.,GB,LSE,false,resolved,,LN,XLON,0UP5,numeric_suffixed,ordinary,GB,GBP,BBG00JVRLCY7,BBG001SLVFY5,,true,false,0.95,openfigi
0UP5,Centerra Gold Inc.,GB,LSE,false,resolved,,US,XNYS,CGAU,us,ordinary,US,USD,BBG000QWM2M7,BBG001SLVFY5,,false,true,0.9,finnhub_directory
0XGN,IAMGOLD Corporation,GB,LSE,false,resolved,,LN,XLON,0XGN,numeric_suffixed,ordinary,GB,GBP,BBG00LJZ6455,BBG001S8SMV6,,true,false,0.95,openfigi
0XGN,IAMGOLD Corporation,GB,LSE,false,resolved,,US,XNYS,IAG,us,ordinary,US,USD,BBG000LL9LQ5,BBG001S8SMV6,,false,true,0.9,finnhub_directory
0XHL,Aon PLC,GB,LSE,false,resolved,,LN,XLON,0XHL,numeric_suffixed,ordinary,GB,GBP,BBG00Z744920,BBG00SSQFPR9,,true,false,0.95,openfigi
0XHL,Aon PLC,GB,LSE,false,resolved,,US,XNYS,AON,us,ordinary,US,USD,BBG00SSQFPK6,BBG00SSQFPR9,,false,true,0.9,finnhub_directory
0XNH,"DocuSign, Inc.",GB,LSE,false,resolved,,LN,XLON,0XNH,numeric_suffixed,ordinary,GB,GBP,BBG00LG7FQD2,BBG001T535D5,,true,false,0.95,openfigi
0XNH,"DocuSign, Inc.",GB,LSE,false,resolved,,US,XNAS,DOCU,us,ordinary,US,USD,BBG000N7KJX8,BBG001T535D5,,false,true,0.9,finnhub_directory
0XXV,Atlas Copco AB Series B,GB,LSE,false,resolved,resolved without an exchange filter to LO,LO,,0XXV,unknown,ordinary,,,BBG00NRVWV25,BBG001S61XR0,,true,false,0.8,openfigi
0XXV,Atlas Copco AB Series B,GB,LSE,false,resolved,resolved without an exchange filter to LO,US,OOTC,ATLFF,us,ordinary,US,USD,BBG009HXRGS4,BBG001S61XR0,,false,true,0.8,finnhub_directory
0XXV,Atlas Copco AB Series B,GB,LSE,false,resolved,resolved without an exchange filter to LO,US,OOTC,ATLKY,us,adr,US,USD,BBG000BB6HW3,BBG001S5TM87,,false,true,0.75,finnhub_directory
0XXV,Atlas Copco AB Series B,GB,LSE,false,resolved,resolved without an exchange filter to LO,US,OOTC,ATLPF,us,ordinary,US,USD,BBG018KB6YH5,BBG001S5TDF9,,false,true,0.75,finnhub_directory
0Y2S,Trane Technologies PLC,GB,LSE,false,resolved,resolved without an exchange filter to LO,LO,,0Y2S,unknown,ordinary,,,BBG016HSHDX2,BBG001S5SBV6,,true,false,0.8,openfigi
0Y2S,Trane Technologies PLC,GB,LSE,false,resolved,resolved without an exchange filter to LO,US,XNYS,TT,us,ordinary,US,USD,BBG000BM6788,BBG001S5SBV6,,false,true,0.8,finnhub_directory
0Y3K,Eaton Corporation PLC,GB,LSE,false,resolved,,LN,XLON,0Y3K,numeric_suffixed,ordinary,GB,GBP,BBG00JRY93Y1,BBG001S5QZ45,,true,false,0.95,openfigi
0Y3K,Eaton Corporation PLC,GB,LSE,false,resolved,,US,XNYS,ETN,us,ordinary,US,USD,BBG000BJ3PD2,BBG001S5QZ45,,false,true,0.9,finnhub_directory
0Y5C,Allegion PLC,GB,LSE,false,resolved,,LN,XLON,0Y5C,numeric_suffixed,ordinary,GB,GBP,BBG00JRY9433,BBG003PS7JW0,,true,false,0.95,openfigi
0Y5C,Allegion PLC,GB,LSE,false,resolved,,US,XNYS,ALLE,us,ordinary,US,USD,BBG003PS7JV1,BBG003PS7JW0,,false,true,0.9,finnhub_directory
0Y9S,Check Point Software Technologies Ltd.,GB,LSE,false,resolved,,LN,XLON,0Y9S,numeric_suffixed,ordinary,GB,GBP,BBG00JRY94S6,BBG001SB85K0,,true,false,0.95,openfigi
0Y9S,Check Point Software Technologies Ltd.,GB,LSE,false,resolved,,US,XNAS,CHKP,us,ordinary,US,USD,BBG000K82ZT8,BBG001SB85K0,,false,true,0.9,finnhub_directory
0YAA,Nova Ltd.,GB,LSE,false,resolved,,LN,XLON,0YAA,numeric_suffixed,ordinary,GB,GBP,BBG00JVRMYP8,BBG001SD4C89,,true,false,0.95,openfigi
0YAA,Nova Ltd.,GB,LSE,false,resolved,,US,XNAS,NVMI,us,ordinary,US,USD,BBG000BSY1Y8,BBG001SD4C89,,false,true,0.9,finnhub_directory
0YP5,Adyen NV,GB,LSE,false,resolved,resolved without an exchange filter to LO,LO,,0YP5,unknown,ordinary,,,BBG00NRVWTM8,BBG00389H4K6,,true,false,0.8,openfigi
0YP5,Adyen NV,GB,LSE,false,resolved,resolved without an exchange filter to LO,US,OOTC,ADYYF,us,ordinary,US,USD,BBG00L4VQ5K8,BBG00389H4K6,,false,true,0.8,finnhub_directory
0YP5,Adyen NV,GB,LSE,false,resolved,resolved without an exchange filter to LO,US,OOTC,ADYEY,us,adr,US,USD,BBG00QB3LQG5,BBG00QB3LR64,,false,true,0.75,finnhub_directory
0YSU,Epiroc AB Class A,GB,LSE,false,resolved,,LN,XLON,0YSU,numeric_suffixed,ordinary,GB,GBP,BBG00LK81QN9,BBG00JWT5W76,,true,false,0.95,openfigi
0YSU,Epiroc AB Class A,GB,LSE,false,resolved,,US,OOTC,EPIAF,us,ordinary,US,USD,BBG00LMY0LP0,BBG00JWT5W76,,false,true,0.9,finnhub_directory
0YSU,Epiroc AB Class A,GB,LSE,false,resolved,,US,OOTC,EPOAY,us,adr,US,USD,BBG01TCJQX81,BBG01TCJQYC4,,false,true,0.75,finnhub_directory
0YSU,Epiroc AB Class A,GB,LSE,false,resolved,,US,OOTC,EPIPF,us,ordinary,US,USD,BBG00N20FM83,BBG00KRMTPX4,,false,true,0.75,finnhub_directory
0YSV,Epiroc AB Class B,GB,LSE,false,resolved,,LN,XLON,0YSV,numeric_suffixed,ordinary,GB,GBP,BBG00LN7HYR0,BBG00KRMTPX4,,true,false,0.95,openfigi
0YSV,Epiroc AB Class B,GB,LSE,false,resolved,,US,OOTC,EPIPF,us,ordinary,US,USD,BBG00N20FM83,BBG00KRMTPX4,,false,true,0.9,finnhub_directory
0YSV,Epiroc AB Class B,GB,LSE,false,resolved,,US,OOTC,EPOAY,us,adr,US,USD,BBG01TCJQX81,BBG01TCJQYC4,,false,true,0.75,finnhub_directory
0YSV,Epiroc AB Class B,GB,LSE,false,resolved,,US,OOTC,EPIAF,us,ordinary,US,USD,BBG00LMY0LP0,BBG00JWT5W76,,false,true,0.75,finnhub_directory
1299,AIA Group Ltd,HK,SEHK,false,resolved,,HK,XHKG,1299,numeric_suffixed,ordinary,HK,HKD,BBG0016XR1Q8,BBG001T6WWK4,,true,false,0.95,openfigi
1299,AIA Group Ltd,HK,SEHK,false,resolved,,US,OOTC,AAIGF,us,ordinary,US,USD,BBG001BDZ212,BBG001T6WWK4,,false,true,0.9,finnhub_directory
1585,Yadea Group Holdings Ltd,HK,SEHK,false,resolved,,HK,XHKG,1585,numeric_suffixed,ordinary,HK,HKD,BBG00CW0KK19,BBG00CW0KK00,,true,false,0.95,openfigi
1585,Yadea Group Holdings Ltd,HK,SEHK,false,resolved,,US,OOTC,YADGF,us,ordinary,US,USD,BBG00YLW6C26,BBG00CW0KK00,,false,true,0.9,finnhub_directory
1909,Nippon Dry Chemical,CA,TSE,false,resolved,,JT,XTKS,1909,numeric_suffixed,ordinary,JP,JPY,BBG001QFB8Z7,BBG001S6V8G4,,true,false,0.95,openfigi
1913,Prada SpA,HK,SEHK,false,resolved,,HK,XHKG,1913,numeric_suffixed,ordinary,HK,HKD,BBG001736ST4,BBG001S2CK04,,true,false,0.95,openfigi
1913,Prada SpA,HK,SEHK,false,resolved,,US,OOTC,PRDSF,us,ordinary,US,USD,BBG00280GRB7,BBG001S2CK04,,false,true,0.9,finnhub_directory
2318,Ping An Insurance,HK,SEHK,false,resolved,,HK,XHKG,2318,numeric_suffixed,ordinary,HK,HKD,BBG000GD4N44,BBG001SJZWR7,,true,false,0.95,openfigi
2318,Ping An Insurance,HK,SEHK,false,resolved,,US,OOTC,PIAIF,us,ordinary,US,USD,BBG000H4HGB6,BBG001SJZWR7,,false,true,0.9,finnhub_directory
2318,Ping An Insurance,HK,SEHK,false,resolved,,US,OOTC,PNGAY,us,adr,US,USD,BBG000GYQNV4,BBG001SLJVN6,,false,true,0.75,finnhub_directory
2328,PICC Property & Casualty-H,HK,SEHK,false,resolved,,HK,XHKG,2328,numeric_suffixed,ordinary,HK,HKD,BBG000BYRGX1,BBG001SD47H0,,true,false,0.95,openfigi
2328,PICC Property & Casualty-H,HK,SEHK,false,resolved,,US,OOTC,PPCCF,us,ordinary,US,USD,BBG000C50D41,BBG001SD47H0,,false,true,0.9,finnhub_directory
2601,China Pacific Insurance,HK,SEHK,false,resolved,"name match 0.94 against ""CHINA PACIFIC INSURANCE GR-H""",HK,XHKG,2601,numeric_suffixed,ordinary,HK,HKD,BBG000KVB7C7,BBG001T1LPC1,,true,false,0.95,openfigi
2601,China Pacific Insurance,HK,SEHK,false,resolved,"name match 0.94 against ""CHINA PACIFIC INSURANCE GR-H""",US,OOTC,CHPXF,us,ordinary,US,USD,BBG000Q7QB66,BBG001T1LPC1,,false,true,0.9,finnhub_directory
2628,China Life Insurance Co Ltd,HK,SEHK,false,resolved,,HK,XHKG,2628,numeric_suffixed,ordinary,HK,HKD,BBG000FD8023,BBG001SGXPY2,,true,false,0.95,openfigi
2628,China Life Insurance Co Ltd,HK,SEHK,false,resolved,,US,OOTC,CILJF,us,ordinary,US,USD,BBG000F3HVJ9,BBG001SGXPY2,,false,true,0.9,finnhub_directory
2628,China Life Insurance Co Ltd,HK,SEHK,false,resolved,,US,OOTC,NWWCF,us,ordinary,US,USD,BBG00S01ZMQ0,BBG0028VY3L1,,false,true,0.75,finnhub_directory
2670,ABC-Mart Inc,CA,TSE,false,resolved,,JT,XTKS,2670,numeric_suffixed,ordinary,JP,JPY,BBG000C4J0X0,BBG001SFTBB5,,true,false,0.95,openfigi
2670,ABC-Mart Inc,CA,TSE,false,resolved,,US,OOTC,AMKYF,us,ordinary,US,USD,BBG000C2BWM4,BBG001SFTBB5,,false,true,0.9,finnhub_directory
2875,Toyo Suisan Kaisha Ltd,CA,TSE,false,resolved,,JT,XTKS,2875,numeric_suffixed,ordinary,JP,JPY,BBG000BCV808,BBG001S6C884,,true,false,0.95,openfigi
2875,Toyo Suisan Kaisha Ltd,CA,TSE,false,resolved,,US,OOTC,TSUKF,us,ordinary,US,USD,BBG000Q6X3J4,BBG001S6C884,,false,true,0.9,finnhub_directory
600004,Guangzhou Baiyun International Airport Co Ltd,US,SHSE,false,resolved,"name match 0.88 against ""GUANGZHOU BAIYUN INTERNATI-A""",C1,XSHG,600004,numeric_suffixed,ordinary,CN,CNY,BBG00709H9L3,BBG001SLHP42,,true,false,0.95,openfigi
600009,Shanghai International Airport Co Ltd,US,SHSE,false,resolved,"name match 0.94 against ""SHANGHAI INTERNATIONAL AIR-A""",C1,XSHG,600009,numeric_suffixed,ordinary,CN,CNY,BBG00709H9V2,BBG001S6JP70,,true,false,0.95,openfigi
600897,Xiamen International Airport Co Ltd,US,SHSE,false,resolved,"name match 0.94 against ""XIAMEN INTERNATIONAL AIR-A""",C1,XSHG,600897,numeric_suffixed,ordinary,CN,CNY,BBG00709J6J0,BBG001S915Q6,,true,false,0.95,openfigi
603529,AIMA Technology Group Co Ltd,US,SHSE,false,resolved,,C1,XSHG,603529,numeric_suffixed,ordinary,CN,CNY,BBG013Y4D2H9,BBG00LBR52H3,,true,false,0.95,openfigi
603558,Zhejiang Jasan Holding Group Co Ltd,US,SHSE,false,resolved,resolved without an exchange filter to CH,CH,,603558,unknown,ordinary,,,BBG006G2NQM7,BBG006G2NQN6,,true,false,0.8,openfigi
6420,Galilei Co Ltd,CA,TSE,false,resolved,,JT,XTKS,6420,numeric_suffixed,ordinary,JP,JPY,BBG000BM4JB0,BBG001S7LF04,,true,false,0.95,openfigi
6420,Galilei Co Ltd,CA,TSE,false,resolved,,US,OOTC,FKSHF,us,ordinary,US,USD,BBG000C124S2,BBG001S7LF04,,false,true,0.9,finnhub_directory
6455,Morita Holdings Corp,CA,TSE,false,resolved,,JT,XTKS,6455,numeric_suffixed,ordinary,JP,JPY,BBG000BLS189,BBG001S6FLQ2,,true,false,0.95,openfigi
6455,Morita Holdings Corp,CA,TSE,false,resolved,,US,OOTC,MRTAF,us,other,US,USD,,,,false,true,0.75,finnhub_directory
669,Techtronic Industries Co Ltd,HK,SEHK,false,resolved,,HK,XHKG,669,numeric_suffixed,ordinary,HK,HKD,BBG000BFGXV9,BBG001S6PQ26,,true,false,0.95,openfigi
669,Techtronic Industries Co Ltd,HK,SEHK,false,resolved,,US,OOTC,TTNDF,us,ordinary,US,USD,BBG000BYH049,BBG001S6PQ26,,false,true,0.9,finnhub_directory
6745,Hochiki Corp,CA,TSE,false,resolved,,JT,XTKS,6745,numeric_suffixed,ordinary,JP,JPY,BBG000BLXFF4,BBG001S6FNR7,,true,false,0.95,openfigi
690D,Qingdao Haier Co Ltd,US,DB,false,resolved,"likely renamed: catalogue says ""Qingdao Haier Co Ltd"", venue says ""HAIER SMART HOME CO LTD-D""",GR,XETR,690D,numeric_suffixed,ordinary,DE,EUR,BBG00LYLGGS6,BBG00LYLGH77,,true,false,0.6,openfigi
690D,Qingdao Haier Co Ltd,US,DB,false,resolved,"likely renamed: catalogue says ""Qingdao Haier Co Ltd"", venue says ""HAIER SMART HOME CO LTD-D""",US,OOTC,QIHCF,us,ordinary,US,USD,BBG00YQ78NX6,BBG00LYLGH77,,false,true,0.6,finnhub_directory
857,PetroChina Co Ltd Class H,HK,SEHK,false,resolved,,HK,XHKG,857,numeric_suffixed,ordinary,HK,HKD,BBG000BFNTD0,BBG001S8X609,,true,false,0.95,openfigi
857,PetroChina Co Ltd Class H,HK,SEHK,false,resolved,,US,OOTC,PCCYF,us,ordinary,US,USD,BBG000BJX0B6,BBG001S8X609,,false,true,0.9,finnhub_directory
8630,Sompo Holdings Inc,CA,TSE,false,resolved,,JT,XTKS,8630,numeric_suffixed,ordinary,JP,JPY,BBG000QDQJK0,BBG001T6WHS9,,true,false,0.95,openfigi
8630,Sompo Holdings Inc,CA,TSE,false,resolved,,US,OOTC,NHOLF,us,ordinary,US,USD,BBG002GPH9Q6,BBG001T6WHS9,,false,true,0.9,finnhub_directory
8725,MS&AD Insurance Group Holdings,CA,TSE,false,resolved,"name match 0.92 against ""MS&AD INSURANCE GROUP HOLDIN""",JT,XTKS,8725,numeric_suffixed,ordinary,JP,JPY,BBG000MD5N28,BBG001SQB1N9,,true,false,0.95,openfigi
8725,MS&AD Insurance Group Holdings,CA,TSE,false,resolved,"name match 0.92 against ""MS&AD INSURANCE GROUP HOLDIN""",US,OOTC,MSADF,us,ordinary,US,USD,BBG000VF5X21,BBG001SQB1N9,,false,true,0.9,finnhub_directory
8750,Dai-ichi Life Holdings Inc,CA,TSE,false,resolved,,JT,XTKS,8750,numeric_suffixed,ordinary,JP,JPY,BBG000HRVQ09,BBG001S9CVP8,,true,false,0.95,openfigi
8750,Dai-ichi Life Holdings Inc,CA,TSE,false,resolved,,US,OOTC,DCNSF,us,ordinary,US,USD,BBG0018VG1L7,BBG001S9CVP8,,false,true,0.9,finnhub_directory
8766,"Tokio Marine Holdings, Inc.",CA,TSE,false,resolved,,JT,XTKS,8766,numeric_suffixed,ordinary,JP,JPY,BBG000BBN7R2,BBG001S5YXD1,,true,false,0.95,openfigi
8766,"Tokio Marine Holdings, Inc.",CA,TSE,false,resolved,,US,OOTC,TKOMF,us,ordinary,US,USD,BBG000MGSMK8,BBG001S5YXD1,,false,true,0.9,finnhub_directory
8766,"Tokio Marine Holdings, Inc.",CA,TSE,false,resolved,,US,OOTC,TKOMY,us,adr,US,USD,BBG000MGPXY2,BBG001SKCTK3,,false,true,0.75,finnhub_directory
9022,Central Japan Railway Co.,CA,TSE,false,resolved,,JT,XTKS,9022,numeric_suffixed,ordinary,JP,JPY,BBG000JD6R86,BBG001SB2G40,,true,false,0.95,openfigi
9022,Central Japan Railway Co.,CA,TSE,false,resolved,,US,OOTC,CJPRF,us,ordinary,US,USD,BBG000P19QP5,BBG001SB2G40,,false,true,0.9,finnhub_directory
A,Agilent Technologies Inc,US,NYSE,true,resolved,matched US directory as A,US,XNYS,A,us,ordinary,US,USD,BBG000C2V3D6,BBG001SCTQY4,,true,true,0.95,finnhub_directory
AAF,Airtel Africa Plc,GB,LSE,false,resolved,,LN,XLON,AAF,suffixed,ordinary,GB,GBP,BBG00PBWXCZ0,BBG00MCFH5Y7,,true,false,0.95,openfigi
AAF,Airtel Africa Plc,GB,LSE,false,resolved,,US,OOTC,AAFRF,us,ordinary,US,USD,BBG00X4SYK90,BBG00MCFH5Y7,,false,true,0.9,finnhub_directory
AAF,Airtel Africa Plc,GB,LSE,false,resolved,,US,OOTC,AARTY,us,adr,US,USD,BBG0175XTW30,BBG0175XTWY6,,false,true,0.75,finnhub_directory
AAL,American Airlines Group,US,NASDAQGS,true,resolved,matched US directory as AAL,US,XNAS,AAL,us,ordinary,US,USD,BBG005P7Q881,BBG005P7Q907,,true,true,0.95,finnhub_directory
AAMI,Acadian Asset Management Inc,US,NYSE,true,resolved,matched US directory as AAMI,US,XNYS,AAMI,us,ordinary,US,USD,BBG00P2HLNY3,BBG00P2HLNZ2,,true,true,0.95,finnhub_directory
AAON,AAON Inc,US,NASDAQGS,true,resolved,matched US directory as AAON,US,XNAS,AAON,us,ordinary,US,USD,BBG000C2LZP3,BBG001S6CZK0,,true,true,0.95,finnhub_directory
AAPL,Apple Inc,US,NASDAQGS,true,resolved,matched US directory as AAPL,US,XNAS,AAPL,us,ordinary,US,USD,BBG000B9XRY4,BBG001S5N8V8,,true,true,0.95,finnhub_directory
ABBV,AbbVie Inc,US,NYSE,true,resolved,matched US directory as ABBV,US,XNYS,ABBV,us,ordinary,US,USD,BBG0025Y4RY4,BBG0025Y4RZ3,,true,true,0.95,finnhub_directory
ABNB,Airbnb Inc,US,NASDAQGS,true,resolved,matched US directory as ABNB,US,XNAS,ABNB,us,ordinary,US,USD,BBG001Y2XS07,BBG001Y2XS16,,true,true,0.95,finnhub_directory
ABT,Abbott Laboratories,US,NYSE,true,resolved,matched US directory as ABT,US,XNYS,ABT,us,ordinary,US,USD,BBG000B9ZXB4,BBG001S5N9M6,,true,true,0.95,finnhub_directory
ABX,Abacus Global Management Inc,US,NYSE,true,resolved,matched US directory as ABX,US,XNYS,ABX,us,ordinary,US,USD,BBG00VY1KB95,BBG00VY1KBC1,,true,true,0.95,finnhub_directory
ACA,Arcosa Inc,US,NYSE,true,resolved,matched US directory as ACA,US,XNYS,ACA,us,ordinary,US,USD,BBG00JGMWFM9,BBG00JGMWGB9,,true,true,0.95,finnhub_directory
ACAD,ACADIA Pharmaceuticals Inc,US,NASDAQGS,true,resolved,matched US directory as ACAD,US,XNAS,ACAD,us,ordinary,US,USD,BBG000BHG9K0,BBG001SB06N3,,true,true,0.95,finnhub_directory
ACEL,Accel Entertainment Inc,US,NYSE,true,resolved,matched US directory as ACEL,US,XNYS,ACEL,us,ordinary,US,USD,BBG00GX221W3,BBG00GX221Z0,,true,true,0.95,finnhub_directory
ACGL,Arch Capital Group Ltd,BM,NASDAQGS,true,resolved,matched US directory as ACGL,US,XNAS,ACGL,us,ordinary,US,USD,BBG000HXNN20,BBG001S9HZ74,,true,true,0.95,finnhub_directory
ACGY.F,Subsea 7 S.A.,US,OTCPK,false,resolved,resolved by name search to ACGYF on US,US,XNYS,ACGYF,us,ordinary,US,USD,BBG000BS4126,BBG001SD36Q3,,true,true,0.7,finnhub_directory
ACGY.F,Subsea 7 S.A.,US,OTCPK,false,resolved,resolved by name search to ACGYF on US,US,OOTC,SUBCY,us,adr,US,USD,BBG000BS3NJ1,BBG001SHCXC0,,false,true,0.7,finnhub_directory
ACIW,ACI Worldwide Inc,US,NASDAQGS,true,resolved,matched US directory as ACIW,US,XNAS,ACIW,us,ordinary,US,USD,BBG000PMBV39,BBG001S9KLL5,,true,true,0.95,finnhub_directory
ACLN,Accelleron Industries AG,CH,SWX,false,resolved,,SW,XSWX,ACLN,suffixed,ordinary,CH,CHF,BBG018XV6BB3,BBG018XV6BC2,,true,false,0.95,openfigi
ACLN,Accelleron Industries AG,CH,SWX,false,resolved,,US,OOTC,ACLIF,us,ordinary,US,USD,BBG019Z20WD1,BBG018XV6BC2,,false,true,0.9,finnhub_directory
ACLN,Accelleron Industries AG,CH,SWX,false,resolved,,US,OOTC,ACLLY,us,adr,US,USD,BBG019PK8Q74,BBG019PK8R45,,false,true,0.75,finnhub_directory
ACLNE,Accelleron Industries AG,CH,SWX,false,resolved,"likely renamed: catalogue says ""Accelleron Industries AG"", venue says ""ACCELLERON N 2 LINIE""",SW,XSWX,ACLNE,suffixed,ordinary,CH,CHF,BBG022G35N76,BBG022G35NQ5,,true,false,0.6,openfigi
ACLNE,Accelleron Industries AG,CH,SWX,false,resolved,"likely renamed: catalogue says ""Accelleron Industries AG"", venue says ""ACCELLERON N 2 LINIE""",US,OOTC,ACLIF,us,ordinary,US,USD,BBG019Z20WD1,BBG018XV6BC2,,false,true,0.6,finnhub_directory
ACLNE,Accelleron Industries AG,CH,SWX,false,resolved,"likely renamed: catalogue says ""Accelleron Industries AG"", venue says ""ACCELLERON N 2 LINIE""",US,OOTC,ACLLY,us,adr,US,USD,BBG019PK8Q74,BBG019PK8R45,,false,true,0.6,finnhub_directory
ACM,Aecom Technology Corporation,US,NYSE,true,resolved,"likely renamed: catalogue says ""Aecom Technology Corporation"", venue says ""AECOM""",US,XNYS,ACM,us,ordinary,US,USD,BBG000F61RJ8,BBG001SKTTF1,,true,true,0.6,finnhub_directory
ACMR,Acm Research Inc,US,NASDAQGM,true,resolved,matched US directory as ACMR,US,XNAS,ACMR,us,ordinary,US,USD,BBG00HPSG933,BBG00HPSG942,,true,true,0.95,finnhub_directory
ACN,Accenture plc,IE,NYSE,true,resolved,matched US directory as ACN,US,XNYS,ACN,us,ordinary,US,USD,BBG000D9D830,BBG001SCXK90,,true,true,0.95,finnhub_directory
ADBE,Adobe Systems Inc,US,,true,resolved,matched US directory as ADBE,US,XNAS,ADBE,us,ordinary,US,USD,BBG000BB5006,BBG001S5NCQ5,,true,true,0.95,finnhub_directory
ADI,Analog Devices Inc,US,NASDAQGS,true,resolved,matched US directory as ADI,US,XNAS,ADI,us,ordinary,US,USD,BBG000BB6G37,BBG001S5ND38,,true,true,0.95,finnhub_directory
ADM,Admiral Group PLC,US,,true,resolved,,LN,XLON,ADM,suffixed,ordinary,GB,GBP,BBG000PG2GZ0,BBG001SLBF22,,true,false,0.8,openfigi
ADM,Admiral Group PLC,US,,true,resolved,,US,OOTC,AMIGF,us,ordinary,US,USD,BBG000QRGV32,BBG001SLBF22,,false,true,0.8,finnhub_directory
ADM,Admiral Group PLC,US,,true,resolved,,US,OOTC,AMIGY,us,adr,US,USD,BBG000RPDFW1,BBG001SWQ2T2,,false,true,0.75,finnhub_directory
ADMA,ADMA Biologics Inc,US,NASDAQGM,true,resolved,matched US directory as ADMA,US,XNAS,ADMA,us,ordinary,US,USD,BBG002NCK5M5,BBG002NCK5N4,,true,true,0.95,finnhub_directory
ADP,Automatic Data Processing Inc,US,NASDAQGS,true,resolved,matched US directory as ADP,US,XNAS,ADP,us,ordinary,US,USD,BBG000JG0547,BBG001S82KF6,,true,true,0.95,finnhub_directory
ADSK,Autodesk Inc,US,NASDAQGS,true,resolved,matched US directory as ADSK,US,XNAS,ADSK,us,ordinary,US,USD,BBG000BM7HL0,BBG001S5SCD4,,true,true,0.95,finnhub_directory
ADT,ADT Inc,US,NYSE,true,resolved,matched US directory as ADT,US,XNYS,ADT,us,ordinary,US,USD,BBG000BP9WJ1,BBG001S6VGG6,,true,true,0.95,finnhub_directory
ADUS,Addus HomeCare Corporation,US,NASDAQGS,true,resolved,matched US directory as ADUS,US,XNAS,ADUS,us,ordinary,US,USD,BBG000NJGX84,BBG001T56D18,,true,true,0.95,finnhub_directory
ADYEN,Adyen NV,CH,SWX,false,resolved,,SW,XSWX,ADYEN,suffixed,ordinary,CH,CHF,BBG00LBV3MB8,BBG00389H4K6,,true,false,0.95,openfigi
ADYEN,Adyen NV,CH,SWX,false,resolved,,US,OOTC,ADYYF,us,ordinary,US,USD,BBG00L4VQ5K8,BBG00389H4K6,,false,true,0.9,finnhub_directory
ADYEN,Adyen NV,CH,SWX,false,resolved,,US,OOTC,ADYEY,us,adr,US,USD,BBG00QB3LQG5,BBG00QB3LR64,,false,true,0.75,finnhub_directory
AEE,Ameren Corp,US,NYSE,true,resolved,matched US directory as AEE,US,XNYS,AEE,us,ordinary,US,USD,BBG000B9X8C0,BBG001S5NF24,,true,true,0.95,finnhub_directory
AEM,Agnico Eagle Mines Ltd,CA,,true,resolved,matched US directory as AEM,US,XNYS,AEM,us,ordinary,US,USD,BBG000DLVDK3,BBG001S77MK3,,true,true,0.95,finnhub_directory
AEO,American Eagle Outfitters Inc,US,NYSE,true,resolved,matched US directory as AEO,US,XNYS,AEO,us,ordinary,US,USD,BBG000BGXZB5,BBG001S7Q949,,true,true,0.95,finnhub_directory
AEP,American Electric Power Company Inc,US,NASDAQGS,true,resolved,matched US directory as AEP,US,XNAS,AEP,us,ordinary,US,USD,BBG000BB9KF2,BBG001S5NFD2,,true,true,0.95,finnhub_directory
AES,The AES Corporation,US,NYSE,true,resolved,matched US directory as AES,US,XNYS,AES,us,ordinary,US,USD,BBG000C23KJ3,BBG001S6B1L5,,true,true,0.95,finnhub_directory
AFL,Aflac Inc,US,NYSE,true,resolved,matched US directory as AFL,US,XNYS,AFL,us,ordinary,US,USD,BBG000BBBNC6,BBG001S5NGJ4,,true,true,0.95,finnhub_directory
AFMJ.F,Alphamin Resources Corp.,US,OTCPK,false,resolved,resolved by name search to AFMJF on US,US,XNYS,AFMJF,us,ordinary,US,USD,BBG000BQFKT7,BBG001S6JP16,,true,true,0.7,finnhub_directory
AFRA.F,Air France-KLM SA,US,OTCPK,false,resolved,resolved by name search to AFRAF on US,US,XNYS,AFRAF,us,ordinary,US,USD,BBG000NTWP54,BBG001SBRR21,,true,true,0.7,openfigi
AFRA.F,Air France-KLM SA,US,OTCPK,false,resolved,resolved by name search to AFRAF on US,US,OOTC,AFLYY,us,adr,US,USD,BBG000PMHX66,BBG001SL5N13,,false,true,0.7,finnhub_directory
AFRA_F,Air France-KLM SA,,,false,resolved,resolved by name search to AFRAF on UV,UV,,AFRAF,us,ordinary,,,BBG000NTY1F4,BBG001SBRR21,,true,true,0.7,openfigi
AFRA_F,Air France-KLM SA,,,false,resolved,resolved by name search to AFRAF on UV,US,OOTC,AFLYY,us,adr,US,USD,BBG000PMHX66,BBG001SL5N13,,false,true,0.7,finnhub_directory
AFRA_F,Air France-KLM SA,,,false,resolved,resolved by name search to AFRAF on UV,US,OOTC,AFRAF,us,ordinary,US,USD,BBG000NTWP54,BBG001SBRR21,,false,true,0.7,finnhub_directory
AFYA,Afya Ltd,US,NASDAQGS,true,resolved,matched US directory as AFYA,US,XNAS,AFYA,us,ordinary,US,USD,BBG00PK9C4C7,BBG00PK9C4D6,,true,true,0.95,finnhub_directory
AG,First Majestic Silver Corp,US,NYSE,true,resolved,matched US directory as AG,US,XNYS,AG,us,ordinary,US,USD,BBG000CH7WB8,BBG001SGV444,,true,true,0.95,finnhub_directory
AGI,Alamos Gold Inc,US,NYSE,true,resolved,matched US directory as AGI,US,XNYS,AGI,us,ordinary,US,USD,BBG009HT6BL4,BBG009HT65S0,,true,true,0.95,finnhub_directory
AGX,Argan Inc,US,NYSE,true,resolved,matched US directory as AGX,US,XNYS,AGX,us,ordinary,US,USD,BBG000K4J3T0,BBG001SJP7D8,,true,true,0.95,finnhub_directory
AGX,Argan Inc,US,NYSE,true,resolved,matched US directory as AGX,US,OOTC,ARLLF,us,other,US,USD,BBG00HMJ8FN9,BBG001SNJYP4,,false,true,0.75,finnhub_directory
AGYS,Agilysys Inc,US,NASDAQGS,true,resolved,matched US directory as AGYS,US,XNAS,AGYS,us,ordinary,US,USD,BBG000BR74W6,BBG001S5V6V3,,true,true,0.95,finnhub_directory
AIA,Athens International Airport SA,US,ATSE,true,resolved,,GA,XATH,AIA,suffixed,ordinary,GR,EUR,BBG01L5Q3BX5,BBG001SHLDP0,,true,false,0.95,openfigi
AIA,Athens International Airport SA,US,ATSE,true,resolved,,US,OOTC,ATHNF,us,ordinary,US,USD,BBG01PV7W5G9,BBG001SHLDP0,,false,true,0.9,finnhub_directory
AIG,American International Group Inc,US,NYSE,true,resolved,matched US directory as AIG,US,XNYS,AIG,us,ordinary,US,USD,BBG000BBDZG3,BBG001S5NJG1,,true,true,0.95,finnhub_directory
AIR,AAR Corp,US,NYSE,true,resolved,matched US directory as AIR,US,XNYS,AIR,us,ordinary,US,USD,BBG000BBGQF1,BBG001S5NJX2,,true,true,0.95,finnhub_directory
AIT,Applied Industrial Technologies,US,NYSE,true,resolved,matched US directory as AIT,US,XNYS,AIT,us,ordinary,US,USD,BBG000BBHHP9,BBG001S5NK14,,true,true,0.95,finnhub_directory
AIZ,Assurant Inc,US,NYSE,true,resolved,matched US directory as AIZ,US,XNYS,AIZ,us,ordinary,US,USD,BBG000BZX1N5,BBG001SD9DW5,,true,true,0.95,finnhub_directory
AJG,Arthur J Gallagher & Co,US,NYSE,true,resolved,matched US directory as AJG,US,XNYS,AJG,us,ordinary,US,USD,BBG000BBHXQ3,BBG001S5NKC2,,true,true,0.95,finnhub_directory
AKAM,Akamai Technologies Inc,US,NASDAQGS,true,resolved,matched US directory as AKAM,US,XNAS,AKAM,us,ordinary,US,USD,BBG000BJQWD2,BBG001S7YHX0,,true,true,0.95,finnhub_directory
ALAB,Astera Labs Inc,US,NASDAQGS,true,resolved,matched US directory as ALAB,US,XNAS,ALAB,us,ordinary,US,USD,BBG00TDKHW99,BBG00TDKHWK6,,true,true,0.95,finnhub_directory
ALB,Albemarle Corp,US,NYSE,true,resolved,matched US directory as ALB,US,XNYS,ALB,us,ordinary,US,USD,BBG000BJ26K7,BBG001S7SBP9,,true,true,0.95,finnhub_directory
ALGN,Align Technology Inc,US,NASDAQGS,true,resolved,matched US directory as ALGN,US,XNAS,ALGN,us,ordinary,US,USD,BBG000BRNLL2,BBG001SCF1B9,,true,true,0.95,finnhub_directory
ALHC,Alignment Healthcare LLC,US,NASDAQGS,true,resolved,matched US directory as ALHC,US,XNAS,ALHC,us,ordinary,US,USD,BBG00ZJ0DSR6,BBG00ZJ0DSS5,,true,true,0.95,finnhub_directory
ALK,Alaska Air Group Inc,US,NYSE,true,resolved,matched US directory as ALK,US,XNYS,ALK,us,ordinary,US,USD,BBG000BBL0Y1,BBG001S5NLG6,,true,true,0.95,finnhub_directory
ALKS,Alkermes Plc,IE,NASDAQGS,true,resolved,matched US directory as ALKS,US,XNAS,ALKS,us,ordinary,US,USD,BBG000C9F2F9,BBG001S6RXM7,,true,true,0.95,finnhub_directory
ALL,Allstate Corp,US,NYSE,true,resolved,matched US directory as ALL,US,XNYS,ALL,us,ordinary,US,USD,BBG000BVMGF2,BBG001S9BM06,,true,true,0.95,finnhub_directory
ALLE,Allegion PLC,US,NYSE,true,resolved,matched US directory as ALLE,US,XNYS,ALLE,us,ordinary,US,USD,BBG003PS7JV1,BBG003PS7JW0,,true,true,0.95,finnhub_directory
ALNY,Alnylam Pharmaceuticals Inc,US,NASDAQGS,true,resolved,matched US directory as ALNY,US,XNAS,ALNY,us,ordinary,US,USD,BBG000BFGNJ5,BBG001S7FTC8,,true,true,0.95,finnhub_directory
ALSS.F,Alsea SAB de CV,US,OTCPK,false,resolved,resolved by name search to ALSSF on US,US,XNYS,ALSSF,us,ordinary,US,USD,BBG000CHGPQ7,BBG001SF34K9,,true,true,0.7,finnhub_directory
ALV,Autoliv Inc,US,,true,resolved,matched US directory as ALV,US,XNYS,ALV,us,ordinary,US,USD,BBG000BVLRY8,BBG001S9YRV6,,true,true,0.95,finnhub_directory
AM,Antero Midstream Corp,US,NYSE,true,resolved,matched US directory as AM,US,XNYS,AM,us,ordinary,US,USD,BBG00GBNZ4M0,BBG00GBNZ4N9,,true,true,0.95,finnhub_directory
AMAT,Applied Materials Inc,US,NASDAQGS,true,resolved,matched US directory as AMAT,US,XNAS,AMAT,us,ordinary,US,USD,BBG000BBPFB9,BBG001S5NMM7,,true,true,0.95,finnhub_directory
AMCR,Amcor,GB,NYSE,true,resolved,matched US directory as AMCR,US,XNYS,AMCR,us,ordinary,US,USD,BBG00LNJRQ09,BBG00LNJRQ18,,true,true,0.95,finnhub_directory
AMD,Advanced Micro Devices Inc,US,NASDAQGS,true,resolved,matched US directory as AMD,US,XNAS,AMD,us,ordinary,US,USD,BBG000BBQCY0,BBG001S5NN36,,true,true,0.95,finnhub_directory
AME,Ametek Inc,US,NYSE,true,resolved,matched US directory as AME,US,XNYS,AME,us,ordinary,US,USD,BBG000B9XG87,BBG001S5NN54,,true,true,0.95,finnhub_directory
AMGN,Amgen Inc.,US,,true,resolved,matched US directory as AMGN,US,XNAS,AMGN,us,ordinary,US,USD,BBG000BBS2Y0,BBG001S5NNL6,,true,true,0.95,finnhub_directory
AMP,Ameriprise Financial Inc,US,NYSE,true,resolved,matched US directory as AMP,US,XNYS,AMP,us,ordinary,US,USD,BBG000G3QLY3,BBG001SK6096,,true,true,0.95,finnhub_directory
AMRX,Amneal Pharmaceuticals Inc Class A,US,NASDAQGS,true,resolved,matched US directory as AMRX,US,XNAS,AMRX,us,ordinary,US,USD,BBG00462PGG0,BBG00462PGH9,,true,true,0.95,finnhub_directory
AMSC,American Superconductor Corporation,US,NASDAQGS,true,resolved,matched US directory as AMSC,US,XNAS,AMSC,us,ordinary,US,USD,BBG000CP3D44,BBG001S70C31,,true,true,0.95,finnhub_directory
AMT,American Tower Corp,US,NYSE,true,resolved,matched US directory as AMT,US,XNYS,AMT,us,other,US,USD,BBG000B9XYV2,BBG001S5NPQ6,,true,true,0.95,finnhub_directory
AMTM,Amentum Holdings LLC,US,NYSE,true,resolved,matched US directory as AMTM,US,XNYS,AMTM,us,ordinary,US,USD,BBG01NY7B734,BBG01NY7B770,,true,true,0.95,finnhub_directory
AMZN,Amazon.com Inc,US,NASDAQGS,true,resolved,matched US directory as AMZN,US,XNAS,AMZN,us,ordinary,US,USD,BBG000BVPV84,BBG001S5PQL7,,true,true,0.95,finnhub_directory
ANET,"Arista Networks, Inc.",US,,true,resolved,matched US directory as ANET,US,XNYS,ANET,us,ordinary,US,USD,BBG000N2HDY5,BBG001T51KQ0,,true,true,0.95,finnhub_directory
ANF,Abercrombie & Fitch Company,US,NYSE,true,resolved,matched US directory as ANF,US,XNYS,ANF,us,ordinary,US,USD,BBG000H9G7X2,BBG001S97027,,true,true,0.95,finnhub_directory
ANFG.F,Antofagasta PLC,US,OTCPK,false,resolved,resolved by name search to ANFGF on US,US,XNYS,ANFGF,us,ordinary,US,USD,BBG000CBP0B1,BBG001S612G0,,true,true,0.7,finnhub_directory
ANFG.F,Antofagasta PLC,US,OTCPK,false,resolved,resolved by name search to ANFGF on US,US,OOTC,ANFTY,us,adr,US,USD,BBG023K6C4G6,BBG023K6C617,,false,true,0.7,finnhub_directory
ANIP,ANI Pharmaceuticals Inc,US,NASDAQGM,true,resolved,matched US directory as ANIP,US,XNAS,ANIP,us,ordinary,US,USD,BBG000KK1L04,BBG001S9DR85,,true,true,0.95,finnhub_directory
ANPD.F,ANTA Sports Products Ltd,US,OTCPK,false,resolved,resolved by name search to ANPDF on US,US,XNYS,ANPDF,us,ordinary,US,USD,BBG000S1R2Q4,BBG001SSSBF4,,true,true,0.7,finnhub_directory
AON,Aon PLC,IE,NYSE,true,resolved,matched US directory as AON,US,XNYS,AON,us,ordinary,US,USD,BBG00SSQFPK6,BBG00SSQFPR9,,true,true,0.95,finnhub_directory
AORT,Artivion Inc,US,NYSE,true,resolved,matched US directory as AORT,US,XNYS,AORT,us,ordinary,US,USD,BBG000BMLVJ6,BBG001SB3CB0,,true,true,0.95,finnhub_directory
AOS,Smith AO Corporation,US,NYSE,true,resolved,matched US directory as AOS,US,XNYS,AOS,us,ordinary,US,USD,BBG000BC1L02,BBG001S5NRY3,,true,true,0.95,finnhub_directory
APA,APA Corporation,US,NASDAQGS,true,resolved,matched US directory as APA,US,XNAS,APA,us,ordinary,US,USD,BBG00YTS96G2,BBG00YTS96H1,,true,true,0.95,finnhub_directory
APA,APA Corporation,US,NASDAQGS,true,resolved,matched US directory as APA,US,OOTC,APAJF,us,other,US,USD,BBG000H92507,BBG001S6NDV5,,false,true,0.75,finnhub_directory
APAM,Artisan Partners Asset Management Inc,US,NYSE,true,resolved,matched US directory as APAM,US,XNYS,APAM,us,ordinary,US,USD,BBG001M6CZY1,BBG001V107T3,,true,true,0.95,finnhub_directory
APD,Air Products and Chemicals Inc,US,NYSE,true,resolved,matched US directory as APD,US,XNYS,APD,us,ordinary,US,USD,BBG000BC4JJ4,BBG001S5NSB6,,true,true,0.95,finnhub_directory
APH,Amphenol Corporation,US,,true,resolved,matched US directory as APH,US,XNYS,APH,us,ordinary,US,USD,BBG000B9YJ35,BBG001S5NSK6,,true,true,0.95,finnhub_directory
APLD,Applied Digital Corp,US,NASDAQGS,true,resolved,matched US directory as APLD,US,XNAS,APLD,us,ordinary,US,USD,BBG000DSJYS8,BBG001SK4K76,,true,true,0.95,finnhub_directory
APO,Apollo Global Management LLC Class A,US,NYSE,true,resolved,matched US directory as APO,US,XNYS,APO,us,ordinary,US,USD,BBG00ZNLTFK3,BBG00ZNLTFL2,,true,true,0.95,finnhub_directory
APP,Applovin Corp,US,NASDAQGS,true,resolved,matched US directory as APP,US,XNAS,APP,us,ordinary,US,USD,BBG006HFPX77,BBG006HFPX86,,true,true,0.95,finnhub_directory
APPF,Appfolio Inc,US,NASDAQGM,true,resolved,matched US directory as APPF,US,XNAS,APPF,us,ordinary,US,USD,BBG008GC8CP6,BBG008GC8CS3,,true,true,0.95,finnhub_directory
APTV,Aptiv PLC,CH,NYSE,true,resolved,matched US directory as APTV,US,XNYS,APTV,us,ordinary,US,USD,BBG01R914LT5,BBG01R914M77,,true,true,0.95,finnhub_directory
ARCO,Arcos Dorados Holdings Inc,UY,NYSE,true,resolved,matched US directory as ARCO,US,XNYS,ARCO,us,ordinary,US,USD,BBG001LR99L2,BBG001V0XGV6,,true,true,0.95,finnhub_directory
ARDT,Ardent Health Partners LLC,US,NYSE,true,resolved,matched US directory as ARDT,US,XNYS,ARDT,us,ordinary,US,USD,BBG00DM203B3,BBG00DM203C2,,true,true,0.95,finnhub_directory
ARE,Alexandria Real Estate Equities Inc,US,NYSE,true,resolved,matched US directory as ARE,US,XNYS,ARE,us,other,US,USD,BBG000BC33T9,BBG001S6CPH6,,true,true,0.95,finnhub_directory
ARES,Ares Management Corp Class A,US,NYSE,true,resolved,matched US directory as ARES,US,XNYS,ARES,us,ordinary,US,USD,BBG0068KVV91,BBG0068KVVC7,,true,true,0.95,finnhub_directory
ARIS,Aris Mining Corp,US,NYSE,true,resolved,matched US directory as ARIS,US,XNYS,ARIS,us,ordinary,US,USD,BBG000K0VQL1,BBG001S75835,,true,true,0.95,finnhub_directory
ARM,Arm Holdings ADR,GB,NASDAQGS,true,resolved,matched US directory as ARM,US,XNAS,ARM,us,adr,US,USD,BBG01J1GXZF0,BBG01J1GY084,,true,true,0.95,finnhub_directory
ARMK,Aramark Holdings,US,NYSE,true,resolved,matched US directory as ARMK,US,XNYS,ARMK,us,ordinary,US,USD,BBG001KY4N87,BBG001V0NR70,,true,true,0.95,finnhub_directory
AROC,Archrock Inc,US,NYSE,true,resolved,matched US directory as AROC,US,XNYS,AROC,us,ordinary,US,USD,BBG000RWH1V4,BBG001SVDK72,,true,true,0.95,finnhub_directory
AS,Amer Sports Inc,US,NYSE,true,resolved,matched US directory as AS,US,XNYS,AS,us,ordinary,US,USD,BBG01KWR26Q5,BBG01KWR27K9,,true,true,0.95,finnhub_directory
ASM,Avino Silver & Gold Mines Ltd,CA,NYSEAM,true,resolved,matched US directory as ASM,US,XASE,ASM,us,ordinary,US,USD,BBG000BMTLV6,BBG001SB77V5,,true,true,0.95,finnhub_directory
ASML,ASML Holding NV,NL,,true,resolved,,SW,XSWX,ASML,suffixed,ordinary,CH,CHF,BBG000PZL8F7,BBG001S7Q066,,true,false,0.8,openfigi
ASML,ASML Holding NV,NL,,true,resolved,,US,OOTC,ASMLF,us,ordinary,US,USD,BBG000MW4W72,BBG001S7Q066,,false,true,0.8,finnhub_directory
ASO,Academy Sports Outdoors Inc,US,NASDAQGS,true,resolved,matched US directory as ASO,US,XNAS,ASO,us,ordinary,US,USD,BBG00X7L1C14,BBG00X7L1CW0,,true,true,0.95,finnhub_directory
ASR,Grupo Aeroportuario del Sureste SAB de CV ADR,US,NYSE,true,resolved,matched US directory as ASR,US,XNYS,ASR,us,adr,US,USD,BBG000B9XWX4,BBG001S5NWT8,,true,true,0.95,finnhub_directory
ASTH,Astrana Health Inc,US,NASDAQCM,true,resolved,matched US directory as ASTH,US,XNAS,ASTH,us,ordinary,US,USD,BBG000H7ZK57,BBG001S96MS2,,true,true,0.95,finnhub_directory
ASURB,Grupo Aeroportuario Del Sureste,MX,BMV,false,resolved,"name match 0.71 against ""GRUPO AEROPORT DEL SURESTE-B""",MM,XMEX,ASURB,suffixed,ordinary,MX,MXN,BBG000C98XZ7,BBG001SG3TN9,,true,false,0.95,openfigi
ASURB,Grupo Aeroportuario Del Sureste,MX,BMV,false,resolved,"name match 0.71 against ""GRUPO AEROPORT DEL SURESTE-B""",US,OOTC,ASRMF,us,ordinary,US,USD,BBG000CF7XH4,BBG001SG3TN9,,false,true,0.9,finnhub_directory
ATI,ATI Inc,US,NYSE,true,resolved,matched US directory as ATI,US,XNYS,ATI,us,ordinary,US,USD,BBG000LC1FS4,BBG001S8WY72,,true,true,0.95,finnhub_directory
ATO,Atmos Energy Corporation,US,NYSE,true,resolved,matched US directory as ATO,US,XNYS,ATO,us,ordinary,US,USD,BBG000BRNGM2,BBG001S5VG05,,true,true,0.95,finnhub_directory
ATRO,Astronics Corporation,US,NASDAQGS,true,resolved,matched US directory as ATRO,US,XNAS,ATRO,us,ordinary,US,USD,BBG000BCLBY5,BBG001S5NYK3,,true,true,0.95,finnhub_directory
ATRO,Astronics Corporation,US,NASDAQGS,true,resolved,matched US directory as ATRO,US,OOTC,ATROB,us,ordinary,US,USD,BBG000CJYX86,BBG001S6XKF6,,false,true,0.75,finnhub_directory
ATZA.F,Aritzia Inc,US,OTCPK,false,resolved,resolved by name search to ATZIY on US,US,XNYS,ATZIY,us,adr,US,USD,BBG023867WD7,BBG023867YG0,,true,true,0.7,openfigi
AUGO,Aura Minerals Inc,VG,NASDAQGS,true,resolved,matched US directory as AUGO,US,XNAS,AUGO,us,ordinary,US,USD,BBG000QCHWC2,BBG001S5ZWZ8,,true,true,0.95,finnhub_directory
AUPH,Aurinia Pharmaceuticals Inc,CA,NASDAQGM,true,resolved,matched US directory as AUPH,US,XNAS,AUPH,us,ordinary,US,USD,BBG000BCRJM5,BBG001S68013,,true,true,0.95,finnhub_directory
AUTO,Auto Trader Group Plc,GB,LSE,false,resolved,,LN,XLON,AUTO,suffixed,ordinary,GB,GBP,BBG0086LKMG1,BBG0086LKMK6,,true,false,0.95,openfigi
AUTO,Auto Trader Group Plc,GB,LSE,false,resolved,,US,OOTC,ATDRF,us,ordinary,US,USD,BBG00BKZXTV1,BBG0086LKMK6,,false,true,0.9,finnhub_directory
AV.,Aviva PLC,GB,LSE,false,resolved,resolved by name search to AV/ on LN,LN,XLON,AV/,suffixed,ordinary,GB,GBP,BBG000DCK9D2,BBG001S5RM52,,true,false,0.7,openfigi
AV.,Aviva PLC,GB,LSE,false,resolved,resolved by name search to AV/ on LN,US,OOTC,AIVAF,us,ordinary,US,USD,BBG000DDCHT4,BBG001S5RM52,,false,true,0.7,finnhub_directory
AV.,Aviva PLC,GB,LSE,false,resolved,resolved by name search to AV/ on LN,US,OOTC,AVVIY,us,adr,US,USD,BBG000KB0YY0,BBG001T5D6H8,,false,true,0.7,finnhub_directory
AVAH,Aveanna Healthcare Holdings Inc,US,NASDAQGS,true,resolved,matched US directory as AVAH,US,XNAS,AVAH,us,ordinary,US,USD,BBG00G6D6H96,BBG00G6D6HB3,,true,true,0.95,finnhub_directory
AVB,AvalonBay Communities Inc,US,NYSE,true,resolved,no identifier source could confirm this security; using the supplier's US ticker at reduced confidence,US,,AVB,us,ordinary,US,USD,,,,true,true,0.5,catalogue
AVGO,Broadcom Inc,US,NASDAQGS,true,resolved,matched US directory as AVGO,US,XNAS,AVGO,us,ordinary,US,USD,BBG00KHY5S69,BBG00KHY5SY8,,true,true,0.95,finnhub_directory
AVO,Mission Produce Inc,US,NASDAQGS,true,resolved,matched US directory as AVO,US,XNAS,AVO,us,ordinary,US,USD,BBG005C9W679,BBG005C9W688,,true,true,0.95,finnhub_directory
AVOL,Avolta AG,CH,SWX,false,resolved,,SW,XSWX,AVOL,suffixed,ordinary,CH,CHF,BBG000HHBQD9,BBG001SHKDH0,,true,false,0.95,openfigi
AVOL,Avolta AG,CH,SWX,false,resolved,,US,OOTC,DFRYF,us,ordinary,US,USD,BBG000R2K556,BBG001SHKDH0,,false,true,0.9,finnhub_directory
AVOL,Avolta AG,CH,SWX,false,resolved,,US,OOTC,DUFRY,us,adr,US,USD,BBG002WMCR44,BBG002WMCSR7,,false,true,0.75,finnhub_directory
AVPT,Avepoint Inc,US,NASDAQGS,true,resolved,matched US directory as AVPT,US,XNAS,AVPT,us,ordinary,US,USD,BBG00Q73LFG4,BBG00Q73LFK9,,true,true,0.95,finnhub_directory
AVY,Avery Dennison Corp,US,NYSE,true,resolved,matched US directory as AVY,US,XNYS,AVY,us,ordinary,US,USD,BBG000BCQ4P6,BBG001S5NZM8,,true,true,0.95,finnhub_directory
AWI,Armstrong World Industries Inc,US,NYSE,true,resolved,matched US directory as AWI,US,XNYS,AWI,us,ordinary,US,USD,BBG000DW4LB1,BBG001SGL0H9,,true,true,0.95,finnhub_directory
AWK,American Water Works,US,NYSE,true,resolved,matched US directory as AWK,US,XNYS,AWK,us,ordinary,US,USD,BBG000TRJ294,BBG001SPHYW3,,true,true,0.95,finnhub_directory
AWR,American States Water Company,US,NYSE,true,resolved,matched US directory as AWR,US,XNYS,AWR,us,ordinary,US,USD,BBG000F964B6,BBG001S9T5Z6,,true,true,0.95,finnhub_directory
AXON,Axon Enterprise Inc,US,NASDAQGS,true,resolved,matched US directory as AXON,US,XNAS,AXON,us,ordinary,US,USD,BBG000BHJWG1,BBG001SB2HG5,,true,true,0.95,finnhub_directory
AXP,American Express Company,US,NYSE,true,resolved,matched US directory as AXP,US,XNYS,AXP,us,ordinary,US,USD,BBG000BCQZS4,BBG001S5P034,,true,true,0.95,finnhub_directory
AXS,AXIS Capital Holdings Ltd,US,NYSE,true,resolved,matched US directory as AXS,US,XNYS,AXS,us,ordinary,US,USD,BBG000FLF615,BBG001SGW5F8,,true,true,0.95,finnhub_directory
AYA,Aya Gold & Silver Inc,CA,NASDAQGS,true,resolved,matched US directory as AYA,US,XNAS,AYA,us,ordinary,US,USD,BBG000Q62W77,BBG001T2PNC0,,true,true,0.95,finnhub_directory
AZN,AstraZeneca PLC,US,,true,resolved,matched US directory as AZN,US,XNYS,AZN,us,ordinary,US,USD,BBG000D3MHB4,BBG001SCNW31,,true,true,0.95,finnhub_directory
AZO,AutoZone Inc,US,NYSE,true,resolved,matched US directory as AZO,US,XNYS,AZO,us,ordinary,US,USD,BBG000C7LMS8,BBG001S6Q5D9,,true,true,0.95,finnhub_directory
AZZ,AZZ Incorporated,US,NYSE,true,resolved,matched US directory as AZZ,US,XNYS,AZZ,us,ordinary,US,USD,BBG000F83JZ2,BBG001S9QNK6,,true,true,0.95,finnhub_directory
B,Barrick Mining Corp,US,SWX,true,resolved,,SW,XSWX,B,suffixed,ordinary,CH,CHF,BBG000C9PNT7,BBG001S5N9P3,,true,false,0.95,openfigi
B,Barrick Mining Corp,US,SWX,true,resolved,,US,XNYS,B,us,ordinary,US,USD,BBG000BB07P9,BBG001S5N9P3,,false,true,0.9,finnhub_directory
BA,Boeing Co,US,NYSE,true,resolved,matched US directory as BA,US,XNYS,BA,us,ordinary,US,USD,BBG000BCSST7,BBG001S5P0V3,,true,true,0.95,finnhub_directory
BA.,BAE Systems PLC,GB,LSE,false,resolved,resolved by name search to BA/ on LN,LN,XLON,BA/,suffixed,ordinary,GB,GBP,BBG000BD5TW4,BBG001S615R1,,true,false,0.7,openfigi
BA.,BAE Systems PLC,GB,LSE,false,resolved,resolved by name search to BA/ on LN,US,OOTC,BAESF,us,ordinary,US,USD,BBG000C4J989,BBG001S615R1,,false,true,0.7,finnhub_directory
BA.,BAE Systems PLC,GB,LSE,false,resolved,resolved by name search to BA/ on LN,US,OOTC,BAESY,us,adr,US,USD,BBG000C4JN42,BBG001SF9272,,false,true,0.7,finnhub_directory
BAB,Babcock International Group PLC,US,LSE,true,resolved,,LN,XLON,BAB,suffixed,ordinary,GB,GBP,BBG000BQNKS9,BBG001S6L287,,true,false,0.95,openfigi
BAB,Babcock International Group PLC,US,LSE,true,resolved,,US,OOTC,BCKIF,us,ordinary,US,USD,BBG000D64LZ2,BBG001S6L287,,false,true,0.9,finnhub_directory
BABA,Alibaba Group Holdings Ltd ADR,US,NYSE,true,resolved,"likely renamed: catalogue says ""Alibaba Group Holdings Ltd ADR"", venue says ""ALIBABA GROUP HOLDING-SP ADR""",US,XNYS,BABA,us,adr,US,USD,BBG006G2JVL2,BBG006G2JWB1,,true,true,0.6,finnhub_directory
BABA,Alibaba Group Holdings Ltd ADR,US,NYSE,true,resolved,"likely renamed: catalogue says ""Alibaba Group Holdings Ltd ADR"", venue says ""ALIBABA GROUP HOLDING-SP ADR""",US,OOTC,BABAF,us,ordinary,US,USD,BBG00QZ8C244,BBG001T5DBT4,,false,true,0.6,finnhub_directory
BABW.F,International Consolidated Airlines Group S.A.,US,OTCPK,false,resolved,resolved by name search to ICAGY on US,US,XNYS,ICAGY,us,adr,US,USD,BBG000BCT552,BBG001S5P0W2,,true,true,0.7,finnhub_directory
BAC,Bank of America Corp,US,NYSE,true,resolved,matched US directory as BAC,US,XNYS,BAC,us,ordinary,US,USD,BBG000BCTLF6,BBG001S5P0Y0,,true,true,0.95,finnhub_directory
BAC,Bank of America Corp,US,NYSE,true,resolved,matched US directory as BAC,US,OOTC,BACRP,us,other,US,USD,,,,false,true,0.75,finnhub_directory
BAES.F,BAE Systems PLC,US,OTCPK,false,resolved,resolved by name search to BAESF on US,US,XNYS,BAESF,us,ordinary,US,USD,BBG000C4J989,BBG001S615R1,,true,true,0.7,finnhub_directory
BAES.F,BAE Systems PLC,US,OTCPK,false,resolved,resolved by name search to BAESF on US,US,OOTC,BAESY,us,adr,US,USD,BBG000C4JN42,BBG001SF9272,,false,true,0.7,finnhub_directory
BAH,Booz Allen Hamilton Holding,US,NYSE,true,resolved,matched US directory as BAH,US,XNYS,BAH,us,ordinary,US,USD,BBG000R2YFG7,BBG001T91S76,,true,true,0.95,finnhub_directory
BALL,Ball Corporation,US,NYSE,true,resolved,matched US directory as BALL,US,XNYS,BALL,us,ordinary,US,USD,BBG000BDDNH5,BBG001S5P7Q4,,true,true,0.95,finnhub_directory
BAM,Brookfield Asset Management Inc,US,NYSE,true,resolved,matched US directory as BAM,US,XNYS,BAM,us,ordinary,US,USD,BBG01BPHNXZ3,BBG019Z17GF9,,true,true,0.95,finnhub_directory
BAX,Baxter International Inc,US,NYSE,true,resolved,matched US directory as BAX,US,XNYS,BAX,us,ordinary,US,USD,BBG000BCVJ77,BBG001S5P1K3,,true,true,0.95,finnhub_directory
BBY,Balfour Beatty PLC,US,,true,resolved,,EO,,BBY,unknown,ordinary,,,BBG000GQM893,BBG001SD5WG5,,true,false,0.8,openfigi
BBY,Balfour Beatty PLC,US,,true,resolved,,US,OOTC,BAFBF,us,ordinary,US,USD,BBG000C4V3P9,BBG001SD5WG5,,false,true,0.8,finnhub_directory
BCHN,Burckhardt Compression,CH,SWX,false,resolved,"name match 0.92 against ""BURCKHARDT COMPRESSION HOLDI""",SW,XSWX,BCHN,suffixed,ordinary,CH,CHF,BBG000BSN5S8,BBG001SHHHW8,,true,false,0.95,openfigi
BCHN,Burckhardt Compression,CH,SWX,false,resolved,"name match 0.92 against ""BURCKHARDT COMPRESSION HOLDI""",US,OOTC,BUKCF,us,ordinary,US,USD,BBG000JYD8V8,BBG001SHHHW8,,false,true,0.9,finnhub_directory
BCO,Brinks Company,US,NYSE,true,resolved,matched US directory as BCO,US,XNYS,BCO,us,ordinary,US,USD,BBG000DR5QP5,BBG001S8PZK2,,true,true,0.95,finnhub_directory
BDX,Becton Dickinson and Co,US,NYSE,true,resolved,matched US directory as BDX,US,XNYS,BDX,us,ordinary,US,USD,BBG000BCZYD3,BBG001S5P374,,true,true,0.95,finnhub_directory
BE,Bloom Energy Corp,US,,true,resolved,matched US directory as BE,US,XNYS,BE,us,ordinary,US,USD,BBG000N7KBZ3,BBG001T53509,,true,true,0.95,finnhub_directory
BEAN,Belimo Holding,CH,SWX,false,resolved,,SW,XSWX,BEAN,suffixed,ordinary,CH,CHF,BBG000BH3TC9,BBG001S67C27,,true,false,0.95,openfigi
BEAN,Belimo Holding,CH,SWX,false,resolved,,US,OOTC,BLHWF,us,ordinary,US,USD,BBG000LJPYC9,BBG001S67C27,,false,true,0.9,finnhub_directory
BEAN,Belimo Holding,CH,SWX,false,resolved,,US,OOTC,BLMOY,us,adr,US,USD,BBG0203BH8G6,BBG0203BH9C8,,false,true,0.75,finnhub_directory
BEN,Franklin Resources Inc,US,NYSE,true,resolved,"likely renamed: catalogue says ""Franklin Resources Inc"", venue says ""FRANKLIN TEMPLETON INC""",US,XNYS,BEN,us,ordinary,US,USD,BBG000BD0TF8,BBG001S5P3W6,,true,true,0.6,finnhub_directory
BEPC,Brookfield Renewable Corp,US,NYSE,true,resolved,matched US directory as BEPC,US,XNYS,BEPC,us,ordinary,US,USD,BBG01RJ2V7B2,BBG01RJ2Q8X2,,true,true,0.95,finnhub_directory
BEZ,Beazley PLC,US,LSE,true,resolved,,LN,XLON,BEZ,suffixed,ordinary,GB,GBP,BBG00CCJKF66,BBG00CBVR1Q2,,true,false,0.95,openfigi
BEZ,Beazley PLC,US,LSE,true,resolved,,US,OOTC,BZLYF,us,ordinary,US,USD,BBG00CCJKG91,BBG00CBVR1Q2,,false,true,0.9,finnhub_directory
BEZ,Beazley PLC,US,LSE,true,resolved,,US,OOTC,BZLEY,us,adr,US,USD,BBG018K9VZT6,BBG018K9W0N8,,false,true,0.75,finnhub_directory
BF.B,Brown Forman,US,NYSE,true,resolved,matched US directory as BF.B,US,XNYS,BF.B,us,ordinary,US,USD,BBG000BD2NY8,BBG001S5P4H1,,true,true,0.95,finnhub_directory
BF.B,Brown Forman,US,NYSE,true,resolved,matched US directory as BF.B,US,XNYS,BF.A,us,ordinary,US,USD,BBG000BD2C18,BBG001S5P4G2,,false,true,0.75,finnhub_directory
BFAM,Bright Horizons Family Solutions Inc,US,NYSE,true,resolved,matched US directory as BFAM,US,XNYS,BFAM,us,ordinary,US,USD,BBG003LFWP05,BBG003LFWPT4,,true,true,0.95,finnhub_directory
BG,Bunge Limited,CH,NYSE,true,resolved,"likely renamed: catalogue says ""Bunge Limited"", venue says ""BUNGE GLOBAL SA""",US,XNYS,BG,us,ordinary,US,USD,BBG01JZ8VL91,BBG01JZ8VLC7,,true,true,0.6,finnhub_directory
BIDU,Baidu Inc,US,NASDAQGS,true,resolved,matched US directory as BIDU,US,XNAS,BIDU,us,adr,US,USD,BBG000QXWHD1,BBG001SNBKD5,,true,true,0.95,finnhub_directory
BIDU,Baidu Inc,US,NASDAQGS,true,resolved,matched US directory as BIDU,US,OOTC,BAIDF,us,ordinary,US,USD,BBG010Z7R246,BBG001SM2MF1,,false,true,0.75,finnhub_directory
BIIB,Biogen Inc,US,NASDAQGS,true,resolved,matched US directory as BIIB,US,XNAS,BIIB,us,ordinary,US,USD,BBG000C17X76,BBG001S67826,,true,true,0.95,finnhub_directory
BIRK,Birkenstock Holding ltd,US,NYSE,true,resolved,matched US directory as BIRK,US,XNYS,BIRK,us,ordinary,US,USD,BBG01J9M42H2,BBG01J9M43R9,,true,true,0.95,finnhub_directory
BKE,Buckle Inc,US,NYSE,true,resolved,matched US directory as BKE,US,XNYS,BKE,us,ordinary,US,USD,BBG000BD9525,BBG001S5P6T3,,true,true,0.95,finnhub_directory
BKNG,Booking Holdings Inc,US,NASDAQGS,true,resolved,matched US directory as BKNG,US,XNAS,BKNG,us,ordinary,US,USD,BBG000BLBVN4,BBG001S89N72,,true,true,0.95,finnhub_directory
BKR,Baker Hughes Co,US,,true,resolved,matched US directory as BKR,US,XNAS,BKR,us,ordinary,US,USD,BBG00GBVBK51,BBG00GBVBK60,,true,true,0.95,finnhub_directory
BL,Blackline Inc,US,NASDAQGS,true,resolved,matched US directory as BL,US,XNAS,BL,us,ordinary,US,USD,BBG0029KJVB0,BBG0029KJVD8,,true,true,0.95,finnhub_directory
BLBD,Blue Bird Corp,US,NASDAQGM,true,resolved,matched US directory as BLBD,US,XNAS,BLBD,us,ordinary,US,USD,BBG006427SW3,BBG006427TN1,,true,true,0.95,finnhub_directory
BLDR,Builders FirstSource Inc,US,NYSE,true,resolved,matched US directory as BLDR,US,XNYS,BLDR,us,ordinary,US,USD,BBG000BKD3K9,BBG001S9CFC7,,true,true,0.95,finnhub_directory
BLK,BlackRock Inc,US,NYSE,true,resolved,matched US directory as BLK,US,XNYS,BLK,us,ordinary,US,USD,BBG01PSW2WN4,BBG01PSW2WR0,,true,true,0.95,finnhub_directory
BME,B&M European Value Retail PLC,US,LSE,true,resolved,"name match 0.95 against ""B&M EUROPEAN VALUE RETAIL PL""",LN,XLON,BME,suffixed,ordinary,GB,GBP,BBG006K4W740,BBG006K4W6N1,,true,false,0.95,openfigi
BME,B&M European Value Retail PLC,US,LSE,true,resolved,"name match 0.95 against ""B&M EUROPEAN VALUE RETAIL PL""",US,OOTC,BMRPF,us,ordinary,US,USD,BBG00874Z631,BBG006K4W6N1,,false,true,0.9,finnhub_directory
BMI,Badger Meter Inc,US,NYSE,true,resolved,matched US directory as BMI,US,XNYS,BMI,us,ordinary,US,USD,BBG000BDGHD9,BBG001S5P8Q2,,true,true,0.95,finnhub_directory
BMRM.F,Société Anonyme des Bains de Mer et du Cercle des Étrangers à Monaco,US,OTCPK,false,unresolved,no identifier matched this ticker and name,,,,,,,,,,,,,,
BMRN,Biomarin Pharmaceutical Inc,US,NASDAQGS,true,resolved,matched US directory as BMRN,US,XNAS,BMRN,us,ordinary,US,USD,BBG000CZWZ05,BBG001S76R05,,true,true,0.95,finnhub_directory
BMVAC,"Arca Continental, S.A.B. De C.V.",US,,false,resolved,resolved by name search to EMBVF on US,US,XNYS,EMBVF,us,ordinary,US,USD,BBG000LK0D57,BBG001S8PSV6,,true,true,0.7,finnhub_directory
BMVCBOE,"Cboe Global Markets, Inc.",US,,false,resolved,resolved by name search to CBOE on US,US,XNYS,CBOE,us,ordinary,US,USD,BBG000QH56C1,BBG001T71BP7,,true,true,0.7,finnhub_directory
BMVCFLT,"Confluent, Inc.",US,,false,resolved,resolved by name search to CFLT* on MM,MM,XMEX,CFLT*,suffixed,ordinary,MX,MXN,BBG012STJNH1,BBG007HWGYS3,,true,false,0.7,openfigi
BMY,Bristol-Myers Squibb Company,US,NYSE,true,resolved,matched US directory as BMY,US,XNYS,BMY,us,ordinary,US,USD,BBG000DQLV23,BBG001S8N8J6,,true,true,0.95,finnhub_directory
BMY,Bristol-Myers Squibb Company,US,NYSE,true,resolved,matched US directory as BMY,US,XNYS,CELG.RT,us,other,US,USD,,,,false,true,0.75,finnhub_directory
BNY,Bank of New York Mellon Corp,US,NYSE,true,resolved,matched US directory as BNY,US,XNYS,BNY,us,ordinary,US,USD,BBG000BD8PN9,BBG001S5P6Q6,,true,true,0.95,finnhub_directory
BOOT,Boot Barn Holdings Inc,US,NYSE,true,resolved,matched US directory as BOOT,US,XNYS,BOOT,us,ordinary,US,USD,BBG0077SYZV6,BBG007D38ZV3,,true,true,0.95,finnhub_directory
BOOZT,Boozt AB,US,OM,false,resolved,,SS,XSTO,BOOZT,suffixed,ordinary,SE,SEK,BBG00GNN0V81,BBG00GNN0VD5,,true,false,0.95,openfigi
BOOZT,Boozt AB,US,OM,false,resolved,,US,OOTC,BZTAF,us,ordinary,US,USD,BBG00X9DN1D7,BBG00GNN0VD5,,false,true,0.9,finnhub_directory
BOOZT,Boozt AB,US,OM,false,resolved,,US,OOTC,BOZTY,us,adr,US,USD,BBG00HNL0D47,BBG00HNL0F33,,false,true,0.75,finnhub_directory
BOW,Bowhead Specialty Holdings Inc,US,NYSE,true,resolved,matched US directory as BOW,US,XNYS,BOW,us,ordinary,US,USD,BBG01MF58GZ0,BBG01MF58HT5,,true,true,0.95,finnhub_directory
BOX,Box Inc,US,NYSE,true,resolved,matched US directory as BOX,US,XNYS,BOX,us,ordinary,US,USD,BBG000PMSK08,BBG001T5R852,,true,true,0.95,finnhub_directory
BOX,Box Inc,US,NYSE,true,resolved,matched US directory as BOX,US,OOTC,BXCAP,us,other,US,USD,,,,false,true,0.75,finnhub_directory
BR,Broadridge Financial Solutions Inc,US,NYSE,true,resolved,matched US directory as BR,US,XNYS,BR,us,ordinary,US,USD,BBG000PPFKQ7,BBG001SR7MB9,,true,true,0.95,finnhub_directory
BRC,Brady Corporation,US,NYSE,true,resolved,matched US directory as BRC,US,XNYS,BRC,us,ordinary,US,USD,BBG000BDNV95,BBG001S5PCB9,,true,true,0.95,finnhub_directory
BRK.B,Berkshire Hathaway B,US,NYSE,true,resolved,matched US directory as BRK.B,US,XNYS,BRK.B,us,ordinary,US,USD,BBG000DWG505,BBG001S90346,,true,true,0.95,finnhub_directory
BRK.B,Berkshire Hathaway B,US,NYSE,true,resolved,matched US directory as BRK.B,US,XNYS,BRK.A,us,ordinary,US,USD,BBG000DWCFL4,BBG001S902J2,,false,true,0.75,finnhub_directory
BRK_B,Berkshire Hathaway B,,,false,resolved,matched US directory as BRK.B,US,XNYS,BRK.B,us,ordinary,US,USD,BBG000DWG505,BBG001S90346,,true,true,0.95,finnhub_directory
BRK_B,Berkshire Hathaway B,,,false,resolved,matched US directory as BRK.B,US,XNYS,BRK.A,us,ordinary,US,USD,BBG000DWCFL4,BBG001S902J2,,false,true,0.75,finnhub_directory
BRO,Brown & Brown Inc,US,NYSE,true,resolved,matched US directory as BRO,US,XNYS,BRO,us,ordinary,US,USD,BBG000BWSGF4,BBG001S5XFN0,,true,true,0.95,finnhub_directory
BROS,Dutch Bros Inc,US,NYSE,true,resolved,matched US directory as BROS,US,XNYS,BROS,us,ordinary,US,USD,BBG01282ZHB3,BBG01282ZJ56,,true,true,0.95,finnhub_directory
BSQK.Z,"Block, Inc.",US,OTCPK,false,resolved,resolved by name search to XYZ on US,US,XNYS,XYZ,us,ordinary,US,USD,BBG0018SLC07,BBG001TFLWL5,,true,true,0.7,finnhub_directory
BSX,Boston Scientific Corporation,US,,true,resolved,matched US directory as BSX,US,XNYS,BSX,us,ordinary,US,USD,BBG000C0LW92,BBG001S63L94,,true,true,0.95,finnhub_directory
BSY,Bentley Systems Inc,US,NASDAQGS,true,resolved,matched US directory as BSY,US,XNAS,BSY,us,ordinary,US,USD,BBG000BMSRR9,BBG001SBWGV7,,true,true,0.95,finnhub_directory
BTG,B2Gold Corp,CA,NYSEAM,true,resolved,matched US directory as BTG,US,XASE,BTG,us,ordinary,US,USD,BBG000V9KFD5,BBG001T0CNW6,,true,true,0.95,finnhub_directory
BTSG,Brightspring Health Services Inc,US,NASDAQGS,true,resolved,matched US directory as BTSG,US,XNAS,BTSG,us,ordinary,US,USD,BBG0132WL1X7,BBG0132WL2T0,,true,true,0.95,finnhub_directory
BURL,Burlington Stores Inc,US,NYSE,true,resolved,matched US directory as BURL,US,XNYS,BURL,us,ordinary,US,USD,BBG004S641N5,BBG004S641P3,,true,true,0.95,finnhub_directory
BWEF.F,BW Energy Limited,US,OTCPK,false,resolved,resolved by name search to BWEFF on US,US,XNYS,BWEFF,us,ordinary,US,USD,BBG014CB8RP7,BBG00RDB76G3,,true,true,0.7,openfigi
BWEF.F,BW Energy Limited,US,OTCPK,false,resolved,resolved by name search to BWEFF on US,US,OOTC,BWERY,us,adr,US,USD,BBG00TLFN0G6,BBG00TLFN174,,false,true,0.7,finnhub_directory
BWLP,BW LPG Ltd,US,NYSE,true,resolved,matched US directory as BWLP,US,XNYS,BWLP,us,ordinary,US,USD,BBG005VPQN63,BBG005KMVVT3,,true,true,0.95,finnhub_directory
BWXT,BWX Technologies Inc,US,NYSE,true,resolved,matched US directory as BWXT,US,XNYS,BWXT,us,ordinary,US,USD,BBG000D86F25,BBG001SGJPH7,,true,true,0.95,finnhub_directory
BX,Blackstone Inc,US,NYSE,true,resolved,matched US directory as BX,US,XNYS,BX,us,ordinary,US,USD,BBG000BH0106,BBG001S7H949,,true,true,0.95,finnhub_directory
BXP,BXP Inc,US,NYSE,true,resolved,matched US directory as BXP,US,XNYS,BXP,us,other,US,USD,BBG000BS5CM9,BBG001S9TWV1,,true,true,0.95,finnhub_directory
BYDD.F,BYD Co Ltd,US,OTCPK,false,resolved,resolved by name search to BYDDY on US,US,XNYS,BYDDY,us,adr,US,USD,BBG000SFXPB1,BBG001T3NSK0,,true,true,0.7,finnhub_directory
BZLY.F,Beazley plc,US,OTCPK,false,resolved,resolved by name search to BZLYF on US,US,XNYS,BZLYF,us,ordinary,US,USD,BBG00CCJKG91,BBG00CBVR1Q2,,true,true,0.7,finnhub_directory
BZLY.F,Beazley plc,US,OTCPK,false,resolved,resolved by name search to BZLYF on US,US,OOTC,BZLEY,us,adr,US,USD,BBG018K9VZT6,BBG018K9W0N8,,false,true,0.7,finnhub_directory
C,Citigroup Inc,US,NYSE,true,resolved,matched US directory as C,US,XNYS,C,us,ordinary,US,USD,BBG000FY4S11,BBG001S72ZG4,,true,true,0.95,finnhub_directory
CAAP,Corporacion America Airports,US,NYSE,true,resolved,matched US directory as CAAP,US,XNYS,CAAP,us,ordinary,US,USD,BBG00JFCJ889,BBG00JFCJ8Z9,,true,true,0.95,finnhub_directory
CAE,CAE Inc,CA,NYSE,true,resolved,matched US directory as CAE,US,XNAS,CAE,us,ordinary,US,USD,BBG000KPFXB0,BBG001S5Y4F3,,true,true,0.95,finnhub_directory
CAH,Cardinal Health Inc,US,NYSE,true,resolved,matched US directory as CAH,US,XNYS,CAH,us,ordinary,US,USD,BBG000D898T9,BBG001S7PC34,,true,true,0.95,finnhub_directory
CAHP.F,Evolution Mining Ltd,US,OTCPK,false,resolved,resolved by name search to CAHPF on US,US,XNYS,CAHPF,us,ordinary,US,USD,BBG000TPFLY2,BBG001SJPD90,,true,true,0.7,finnhub_directory
CAKE,The Cheesecake Factory,US,NASDAQGS,true,resolved,matched US directory as CAKE,US,XNAS,CAKE,us,ordinary,US,USD,BBG000CS8TM8,BBG001S71Q75,,true,true,0.95,finnhub_directory
CALM,Cal-Maine Foods Inc,US,NASDAQGS,true,resolved,matched US directory as CALM,US,XNAS,CALM,us,ordinary,US,USD,BBG000CDMJW6,BBG001S80MM6,,true,true,0.95,finnhub_directory
CAMT,Camtek Ltd,US,NASDAQGM,true,resolved,matched US directory as CAMT,US,XNAS,CAMT,us,ordinary,US,USD,BBG000BJ4M84,BBG001SBFT84,,true,true,0.95,finnhub_directory
CARR,Carrier Global Corp,US,NYSE,true,resolved,matched US directory as CARR,US,XNYS,CARR,us,ordinary,US,USD,BBG00RP5HYS8,BBG00RP5HZM1,,true,true,0.95,finnhub_directory
CART,Instacart (Maplebear Inc.),US,NASDAQGS,true,resolved,"likely renamed: catalogue says ""Instacart (Maplebear Inc.)"", venue says ""MAPLEBEAR INC""",US,XNYS,CART,us,ordinary,US,USD,BBG00KG5VJF4,BBG00KG5VJG3,,true,true,0.6,finnhub_directory
CASY,Caseys General Stores Inc,US,NASDAQGS,true,resolved,matched US directory as CASY,US,XNAS,CASY,us,ordinary,US,USD,BBG000BF0672,BBG001S5PHZ2,,true,true,0.95,finnhub_directory
CAT,Caterpillar Inc,US,NYSE,true,resolved,matched US directory as CAT,US,XNYS,CAT,us,ordinary,US,USD,BBG000BF0K17,BBG001S5PJ06,,true,true,0.95,finnhub_directory
CAVA,CAVA Group Inc,US,NYSE,true,resolved,matched US directory as CAVA,US,XNYS,CAVA,us,ordinary,US,USD,BBG00GBR8753,BBG00GBR8762,,true,true,0.95,finnhub_directory
CB,Chubb Ltd,CH,NYSE,true,resolved,matched US directory as CB,US,XNYS,CB,us,ordinary,US,USD,BBG000BR14K5,BBG001S8S1L3,,true,true,0.95,finnhub_directory
CBRE,CBRE Group Inc Class A,US,NYSE,true,resolved,matched US directory as CBRE,US,XNYS,CBRE,us,ordinary,US,USD,BBG000C04224,BBG001SC2D27,,true,true,0.95,finnhub_directory
CBRS,Cerebras Systems Inc,US,NASDAQGS,true,resolved,matched US directory as CBRS,US,XNAS,CBRS,us,ordinary,US,USD,BBG00FNFPQH4,BBG00FNFPQJ2,,true,true,0.95,finnhub_directory
CBZ,CBIZ Inc,US,NYSE,true,resolved,matched US directory as CBZ,US,XNYS,CBZ,us,ordinary,US,USD,BBG000FQD1Z0,BBG001S8MB55,,true,true,0.95,finnhub_directory
CCC,Computacenter PLC,US,LSE,true,resolved,,LN,XLON,CCC,suffixed,ordinary,GB,GBP,BBG000BN7DF4,BBG001S7TG04,,true,false,0.95,openfigi
CCC,Computacenter PLC,US,LSE,true,resolved,,US,OOTC,CUUCF,us,other,US,USD,,,,false,true,0.75,finnhub_directory
CCEP,Coca-Cola European Partners PLC,US,,true,resolved,matched US directory as CCEP,US,XNAS,CCEP,us,ordinary,US,USD,BBG00B6BFWH9,BBG00B6BFX96,,true,true,0.95,finnhub_directory
CCH,Coca Cola HBC AG,GB,LSE,false,resolved,"name match 0.94 against ""COCA-COLA HBC AG-DI""",LN,XLON,CCH,suffixed,ordinary,GB,GBP,BBG004HJRJ19,BBG003GW1879,,true,false,0.95,openfigi
CCH,Coca Cola HBC AG,GB,LSE,false,resolved,"name match 0.94 against ""COCA-COLA HBC AG-DI""",US,OOTC,CCHBF,us,ordinary,US,USD,BBG000BS1Q24,BBG003GW1879,,false,true,0.9,finnhub_directory
CCI,Crown Castle International Corp,US,NYSE,true,resolved,matched US directory as CCI,US,XNYS,CCI,us,other,US,USD,BBG000FV1Z23,BBG001S7W5T3,,true,true,0.95,finnhub_directory
CCJ,Cameco Corp,US,NYSE,true,resolved,matched US directory as CCJ,US,XNYS,CCJ,us,ordinary,US,USD,BBG000DSZTN6,BBG001S5Y5S6,,true,true,0.95,finnhub_directory
CCL,Carnival Corporation,US,NYSE,true,resolved,matched US directory as CCL,US,XNYS,CCL,us,ordinary,US,USD,BBG000BF6LY3,BBG001S5PL01,,true,true,0.95,finnhub_directory
CDDR.F,Headwater Exploration Inc,US,OTCPK,false,resolved,resolved by name search to CDDRF on US,US,XNYS,CDDRF,us,ordinary,US,USD,BBG000P89530,BBG001S95FZ0,,true,true,0.7,finnhub_directory
CDDR.F,Headwater Exploration Inc,US,OTCPK,false,resolved,resolved by name search to CDDRF on US,US,OOTC,HDWEY,us,adr,US,USD,BBG01W3DW9H3,BBG01W3DWBF0,,false,true,0.7,finnhub_directory
CDE,Coeur Mining Inc,US,NYSE,true,resolved,matched US directory as CDE,US,XNYS,CDE,us,ordinary,US,USD,BBG000BF8TF5,BBG001S5PM54,,true,true,0.95,finnhub_directory
CDNS,"Cadence Design Systems, Inc.",US,,true,resolved,matched US directory as CDNS,US,XNAS,CDNS,us,ordinary,US,USD,BBG000C13CD9,BBG001S65YK1,,true,true,0.95,finnhub_directory
CDRE,Cadre Holdings Inc,US,NYSE,true,resolved,matched US directory as CDRE,US,XNYS,CDRE,us,ordinary,US,USD,BBG011RK3N71,BBG011RK3P21,,true,true,0.95,finnhub_directory
CDW,CDW Corp,US,NASDAQGS,true,resolved,"likely renamed: catalogue says ""CDW Corp"", venue says ""CDW CORP/DE""",US,XNYS,CDW,us,ordinary,US,USD,BBG001P63B80,BBG001V18TB6,,true,true,0.6,openfigi
CDW,CDW Corp,US,NASDAQGS,true,resolved,"likely renamed: catalogue says ""CDW Corp"", venue says ""CDW CORP/DE""",US,OOTC,CDWHF,us,ordinary,US,USD,BBG0063G47R8,BBG001SDFHL1,,false,true,0.6,finnhub_directory
CECO,CECO Environmental Corp,US,NASDAQGS,true,resolved,matched US directory as CECO,US,XNAS,CECO,us,ordinary,US,USD,BBG000BFG2J1,BBG001S6PJV0,,true,true,0.95,finnhub_directory
CEG,Constellation Energy Corp,US,NASDAQGS,true,resolved,matched US directory as CEG,US,XNAS,CEG,us,ordinary,US,USD,BBG014KFRNP7,BBG014KFRPJ9,,true,true,0.95,finnhub_directory
CELH,Celsius Holdings Inc,US,NASDAQCM,true,resolved,matched US directory as CELH,US,XNAS,CELH,us,ordinary,US,USD,BBG000NY37X4,BBG001SQSKT3,,true,true,0.95,finnhub_directory
CESD.F,CES Energy Solutions Corp,US,OTCPK,false,resolved,resolved by name search to CESDF on US,US,XNYS,CESDF,us,ordinary,US,USD,BBG000WCCMS5,BBG001SNPWX2,,true,true,0.7,finnhub_directory
CF,CF Industries Holdings Inc,US,NYSE,true,resolved,matched US directory as CF,US,XNYS,CF,us,ordinary,US,USD,BBG000BWJFZ4,BBG001SJ8KV8,,true,true,0.95,finnhub_directory
CFG,Citizens Financial Group Inc,US,NYSE,true,resolved,matched US directory as CFG,US,XNYS,CFG,us,ordinary,US,USD,BBG006Q0HY77,BBG006Q0HZT0,,true,true,0.95,finnhub_directory
CGAU,Centerra Gold Inc,CA,NYSE,true,resolved,matched US directory as CGAU,US,XNYS,CGAU,us,ordinary,US,USD,BBG000QWM2M7,BBG001SLVFY5,,true,true,0.95,finnhub_directory
CHD,Church & Dwight Company Inc,US,NYSE,true,resolved,matched US directory as CHD,US,XNYS,CHD,us,ordinary,US,USD,BBG000BFJT36,BBG001S5PR99,,true,true,0.95,finnhub_directory
CHDR.Y,Christian Dior SE ADR,US,OTCPK,true,resolved,resolved by name search to CHDRY on US,US,XNYS,CHDRY,us,adr,US,USD,BBG000FHS8M3,BBG001SSXGC0,,true,true,0.7,finnhub_directory
CHDR.Y,Christian Dior SE ADR,US,OTCPK,true,resolved,resolved by name search to CHDRY on US,US,OOTC,CHDRF,us,ordinary,US,USD,BBG000BSQFQ5,BBG001S705J9,,false,true,0.7,finnhub_directory
CHDR_Y,Christian Dior SE ADR,,,false,resolved,resolved by name search to CHDRF on US,US,XNYS,CHDRF,us,ordinary,US,USD,BBG000BSQFQ5,BBG001S705J9,,true,true,0.7,finnhub_directory
CHDR_Y,Christian Dior SE ADR,,,false,resolved,resolved by name search to CHDRF on US,US,OOTC,CHDRY,us,adr,US,USD,BBG000FHS8M3,BBG001SSXGC0,,false,true,0.7,finnhub_directory
CHE,Chemed Corp,US,NYSE,true,resolved,matched US directory as CHE,US,XNYS,CHE,us,ordinary,US,USD,BBG000C19QW1,BBG001S679X0,,true,true,0.95,finnhub_directory
CHEF,The Chefs Warehouse Inc,US,NASDAQGS,true,resolved,matched US directory as CHEF,US,XNAS,CHEF,us,ordinary,US,USD,BBG001MFW6D6,BBG001V11JN2,,true,true,0.95,finnhub_directory
CHKP,Check Point Software Technologies Ltd,US,NASDAQGS,true,resolved,matched US directory as CHKP,US,XNAS,CHKP,us,ordinary,US,USD,BBG000K82ZT8,BBG001SB85K0,,true,true,0.95,finnhub_directory
CHRW,CH Robinson Worldwide Inc,US,NASDAQGS,true,resolved,matched US directory as CHRW,US,XNAS,CHRW,us,ordinary,US,USD,BBG000BTCH57,BBG001SB6KF5,,true,true,0.95,finnhub_directory
CHTR,Charter Communications Inc,US,NASDAQGS,true,resolved,matched US directory as CHTR,US,XNAS,CHTR,us,ordinary,US,USD,BBG000VPGNR2,BBG001T3TDG2,,true,true,0.95,finnhub_directory
CHWY,Chewy Inc,US,NYSE,true,resolved,matched US directory as CHWY,US,XNYS,CHWY,us,ordinary,US,USD,BBG00P19DKZ6,BBG00P19DLQ4,,true,true,0.95,finnhub_directory
CI,Cigna Corp,US,NYSE,true,resolved,matched US directory as CI,US,XNYS,CI,us,ordinary,US,USD,BBG00KXRCDP0,BBG00KXRCDQ9,,true,true,0.95,finnhub_directory
CIEN,Ciena Corp,US,NYSE,true,resolved,matched US directory as CIEN,US,XNYS,CIEN,us,ordinary,US,USD,BBG000BP1152,BBG001S61J73,,true,true,0.95,finnhub_directory
CIEZ.F,"Corporación Interamericana de Entretenimiento, S.A.B. de C.V.",US,OTCPK,false,unresolved,no identifier matched this ticker and name,,,,,,,,,,,,,,
CINF,Cincinnati Financial Corporation,US,NASDAQGS,true,resolved,matched US directory as CINF,US,XNAS,CINF,us,ordinary,US,USD,BBG000BFPK65,BBG001S5PTM0,,true,true,0.95,finnhub_directory
CL,Colgate-Palmolive Company,US,NYSE,true,resolved,matched US directory as CL,US,XNYS,CL,us,ordinary,US,USD,BBG000BFQYY3,BBG001S5PVM5,,true,true,0.95,finnhub_directory
CLBT,Cellebrite DI,IL,NASDAQGS,true,resolved,matched US directory as CLBT,US,XNAS,CLBT,us,ordinary,US,USD,BBG000BK00N6,BBG001SCL2J2,,true,true,0.95,finnhub_directory
CLH,Clean Harbors Inc,US,NYSE,true,resolved,matched US directory as CLH,US,XNYS,CLH,us,ordinary,US,USD,BBG000BFRRX8,BBG001S5PW98,,true,true,0.95,finnhub_directory
CLS,Celestica Inc,CA,NYSE,true,resolved,matched US directory as CLS,US,XNYS,CLS,us,ordinary,US,USD,BBG000BPS2C3,BBG001S9CXM7,,true,true,0.95,finnhub_directory
CLX,Clorox Co,US,NYSE,true,resolved,matched US directory as CLX,US,XNYS,CLX,us,ordinary,US,USD,BBG000BFS7D3,BBG001S5PX50,,true,true,0.95,finnhub_directory
CM2,"Cal-Maine Foods, Inc.",US,DB,false,resolved,,GR,XETR,CM2,suffixed,ordinary,DE,EUR,BBG000KS7SF0,BBG001S80MM6,,true,false,0.95,openfigi
CM2,"Cal-Maine Foods, Inc.",US,DB,false,resolved,,US,XNAS,CALM,us,ordinary,US,USD,BBG000CDMJW6,BBG001S80MM6,,false,true,0.9,finnhub_directory
CMBN,Cembra Money Bank AG,CH,SWX,false,resolved,,SW,XSWX,CMBN,suffixed,ordinary,CH,CHF,BBG0015QF8P3,BBG001TC3238,,true,false,0.95,openfigi
CMBN,Cembra Money Bank AG,CH,SWX,false,resolved,,US,OOTC,CMBNF,us,ordinary,US,USD,BBG011MPL716,BBG001TC3238,,false,true,0.9,finnhub_directory
CMCSA,Comcast Corp,US,NASDAQGS,true,resolved,matched US directory as CMCSA,US,XNAS,CMCSA,us,ordinary,US,USD,BBG000BFT2L4,BBG001S5PXL2,,true,true,0.95,finnhub_directory
CMCSA,Comcast Corp,US,NASDAQGS,true,resolved,matched US directory as CMCSA,US,XNYS,CCZ,us,other,US,USD,,,,false,true,0.75,finnhub_directory
CME,CME Group Inc,US,NASDAQGS,true,resolved,matched US directory as CME,US,XNAS,CME,us,ordinary,US,USD,BBG000BHLYP4,BBG001S86547,,true,true,0.95,finnhub_directory
CMG,"Chipotle Mexican Grill, Inc.",US,,true,resolved,matched US directory as CMG,US,XNYS,CMG,us,ordinary,US,USD,BBG000QX74T1,BBG001SP50B3,,true,true,0.95,finnhub_directory
CMI,Cummins Inc,US,NYSE,true,resolved,matched US directory as CMI,US,XNYS,CMI,us,ordinary,US,USD,BBG000BGPTV6,BBG001S5Q9M3,,true,true,0.95,finnhub_directory
CMS,CMS Energy Corporation,US,NYSE,true,resolved,matched US directory as CMS,US,XNYS,CMS,us,ordinary,US,USD,BBG000BFVXX0,BBG001S5PYJ3,,true,true,0.95,finnhub_directory
CMXH.F,CSL Limited,US,OTCPK,false,resolved,resolved by name search to CMXHF on US,US,XNYS,CMXHF,us,ordinary,US,USD,BBG000BP1571,BBG001S7YNK1,,true,true,0.7,openfigi
CMXH.F,CSL Limited,US,OTCPK,false,resolved,resolved by name search to CMXHF on US,US,OOTC,CSLLY,us,adr,US,USD,BBG006M2HFB3,BBG006M2HG58,,false,true,0.7,finnhub_directory
CNA,CNA Financial Corporation,US,NYSE,true,resolved,matched US directory as CNA,US,XNYS,CNA,us,ordinary,US,USD,BBG000BFYB47,BBG001S5PYX7,,true,true,0.95,finnhub_directory
CNC,Centene Corp,US,NYSE,true,resolved,matched US directory as CNC,US,XNYS,CNC,us,ordinary,US,USD,BBG000BDXCJ5,BBG001S6T7Q8,,true,true,0.95,finnhub_directory
CNK,Cinemark Holdings Inc,US,NYSE,true,resolved,matched US directory as CNK,US,XNYS,CNK,us,ordinary,US,USD,BBG000QDVR53,BBG001SS31W4,,true,true,0.95,finnhub_directory
CNO,CNO Financial Group Inc,US,NYSE,true,resolved,matched US directory as CNO,US,XNYS,CNO,us,ordinary,US,USD,BBG000Q1GK24,BBG001SBR6X3,,true,true,0.95,finnhub_directory
CNP,CenterPoint Energy Inc,US,NYSE,true,resolved,matched US directory as CNP,US,XNYS,CNP,us,ordinary,US,USD,BBG000FDBX90,BBG001SB10S0,,true,true,0.95,finnhub_directory
CNSW.F,Constellation Software Inc,US,OTCPK,false,resolved,resolved by name search to CNSWF on US,US,XNYS,CNSWF,us,ordinary,US,USD,BBG000QZP6F6,BBG001S9PLX7,,true,true,0.7,finnhub_directory
CNSW.F,Constellation Software Inc,US,OTCPK,false,resolved,resolved by name search to CNSWF on US,US,OOTC,CNSWY,us,adr,US,USD,BBG01W2CYY34,BBG01W2CYZH6,,false,true,0.7,finnhub_directory
COCO,Vita Coco Company Inc,US,NASDAQGS,true,resolved,matched US directory as COCO,US,XNAS,COCO,us,ordinary,US,USD,BBG012QFVSL3,BBG012QFVTF8,,true,true,0.95,finnhub_directory
CODY.Y,Compagnie de Saint-Gobain ADR,US,OTCPK,true,resolved,resolved by name search to CODYY on US,US,XNYS,CODYY,us,adr,US,USD,BBG000C2K6K3,BBG001SM7N73,,true,true,0.7,finnhub_directory
CODY.Y,Compagnie de Saint-Gobain ADR,US,OTCPK,true,resolved,resolved by name search to CODYY on US,US,OOTC,CODGF,us,ordinary,US,USD,BBG000BZRLW8,BBG001S61ML0,,false,true,0.7,finnhub_directory
COF,Capital One Financial Corporation,US,NYSE,true,resolved,matched US directory as COF,US,XNYS,COF,us,ordinary,US,USD,BBG000BGKTF9,BBG001S65PV8,,true,true,0.95,finnhub_directory
COHR,Coherent Corp.,US,NYSE,true,resolved,matched US directory as COHR,US,XNYS,COHR,us,ordinary,US,USD,BBG000BLW102,BBG001S5S6N6,,true,true,0.95,finnhub_directory
COIN,Coinbase Global Inc,US,NASDAQGS,true,resolved,matched US directory as COIN,US,XNAS,COIN,us,ordinary,US,USD,BBG00ZGF7771,BBG00ZGF7799,,true,true,0.95,finnhub_directory
COKE,Coca-Cola Bottling Co Consolidated,US,NASDAQGS,true,resolved,matched US directory as COKE,US,XNAS,COKE,us,ordinary,US,USD,BBG000BG1SX2,BBG001S5Q0W1,,true,true,0.95,finnhub_directory
COLL,Collegium Pharmaceutical Inc,US,NASDAQGS,true,resolved,matched US directory as COLL,US,XNAS,COLL,us,ordinary,US,USD,BBG000N7LPW4,BBG001T535S9,,true,true,0.95,finnhub_directory
CON,Concentra Group Holdings Parent Inc,US,NYSE,true,resolved,matched US directory as CON,US,XNYS,CON,us,ordinary,US,USD,BBG01NBZ7QD9,BBG01NBZ7R83,,true,true,0.95,finnhub_directory
COO,Cooper Companies Inc,US,NASDAQGS,true,resolved,matched US directory as COO,US,XNAS,COO,us,ordinary,US,USD,BBG000BG3445,BBG001S5Q1H6,,true,true,0.95,finnhub_directory
COP,ConocoPhillips,US,NYSE,true,resolved,matched US directory as COP,US,XNYS,COP,us,ordinary,US,USD,BBG000BQQH30,BBG001S5TZM2,,true,true,0.95,finnhub_directory
COR,Cencora Inc,US,NYSE,true,resolved,matched US directory as COR,US,XNYS,COR,us,ordinary,US,USD,BBG000MDCQC2,BBG001S8X7P0,,true,true,0.95,finnhub_directory
COST,Costco Wholesale Corp,US,NASDAQGS,true,resolved,matched US directory as COST,US,XNAS,COST,us,ordinary,US,USD,BBG000F6H8W8,BBG001S9KRQ7,,true,true,0.95,finnhub_directory
CP,Canadian Pacific Kansas City Limited,CA,NYSE,true,resolved,matched US directory as CP,US,XNYS,CP,us,ordinary,US,USD,BBG000BCVMH9,BBG001S7F4Z8,,true,true,0.95,finnhub_directory
CPA,Copa Holdings SA,PA,NYSE,true,resolved,matched US directory as CPA,US,XNYS,CPA,us,ordinary,US,USD,BBG000C29813,BBG001SKXLQ1,,true,true,0.95,finnhub_directory
CPAY,Corpay Inc,US,NYSE,true,resolved,matched US directory as CPAY,US,XNYS,CPAY,us,ordinary,US,USD,BBG000GPXKX9,BBG001SHC7K8,,true,true,0.95,finnhub_directory
CPCA.F,Cathay Pacific Airways Ltd,US,OTCPK,false,resolved,resolved by name search to CPCAF on US,US,XNYS,CPCAF,us,ordinary,US,USD,BBG000BXSVX9,BBG001S6HNM0,,true,true,0.7,finnhub_directory
CPG,Compass Group PLC,GB,LSE,false,resolved,,LN,XLON,CPG,suffixed,ordinary,GB,GBP,BBG000FNNYW7,BBG001SD8R91,,true,false,0.95,openfigi
CPG,Compass Group PLC,GB,LSE,false,resolved,,US,OOTC,CMPGF,us,ordinary,US,USD,BBG000GBTYM7,BBG001SD8R91,,false,true,0.9,finnhub_directory
CPG,Compass Group PLC,GB,LSE,false,resolved,,US,OOTC,CMPGY,us,adr,US,USD,BBG000BX9406,BBG001SCW2F4,,false,true,0.75,finnhub_directory
CPG,Compass Group PLC,GB,LSE,false,resolved,,US,XNYS,COMP,us,ordinary,US,USD,BBG00J5SXTH3,BBG00J5SXTJ1,,false,true,0.75,finnhub_directory
CPRT,Copart Inc,US,NASDAQGS,true,resolved,matched US directory as CPRT,US,XNAS,CPRT,us,ordinary,US,USD,BBG000BM9RH1,BBG001S7MTB1,,true,true,0.95,finnhub_directory
CPRX,Catalyst Pharmaceuticals Inc,US,NASDAQCM,true,resolved,no identifier source could confirm this security; using the supplier's US ticker at reduced confidence,US,,CPRX,us,ordinary,US,USD,,,,true,true,0.5,catalogue
CPT,Camden Property Trust,US,NYSE,true,resolved,matched US directory as CPT,US,XNYS,CPT,us,other,US,USD,BBG000BB0V03,BBG001S5Q6V9,,true,true,0.95,finnhub_directory
CR,Crane Co,US,NYSE,true,resolved,matched US directory as CR,US,XNYS,CR,us,ordinary,US,USD,BBG016G0L0Q5,BBG016G0L0V9,,true,true,0.95,finnhub_directory
CRDO,Credo Technology Group Holding Ltd,KY,NASDAQGS,true,resolved,matched US directory as CRDO,US,XNAS,CRDO,us,ordinary,US,USD,BBG00T68J2G0,BBG00T68J2H9,,true,true,0.95,finnhub_directory
CRGY,Crescent Energy Co,US,NYSE,true,resolved,matched US directory as CRGY,US,XNYS,CRGY,us,ordinary,US,USD,BBG013THLHZ4,BBG013THLJ08,,true,true,0.95,finnhub_directory
CRH,CRH PLC ADR,IE,NYSE,true,resolved,matched US directory as CRH,US,XNYS,CRH,us,ordinary,US,USD,BBG000D3JXM1,BBG001S61NK9,,true,true,0.95,finnhub_directory
CRL,Charles River Laboratories,US,NYSE,true,resolved,matched US directory as CRL,US,XNYS,CRL,us,ordinary,US,USD,BBG000BG5BL8,BBG001S7Q271,,true,true,0.95,finnhub_directory
CRM,Salesforce Inc,US,,true,resolved,matched US directory as CRM,US,XNYS,CRM,us,ordinary,US,USD,BBG000BN2DC2,BBG001SDLP09,,true,true,0.95,finnhub_directory
CROX,Crocs Inc,US,NASDAQGS,true,resolved,matched US directory as CROX,US,XNAS,CROX,us,ordinary,US,USD,BBG000BLY663,BBG001SDGFR8,,true,true,0.95,finnhub_directory
CRRS.F,Cirrus Aircraft Limited,US,OTCPK,false,resolved,resolved by name search to CRRSF on US,US,XNYS,CRRSF,us,ordinary,US,USD,BBG01PL4ND61,BBG01NKGL667,,true,true,0.7,openfigi
CRS,Carpenter Technology Corporation,US,NYSE,true,resolved,matched US directory as CRS,US,XNYS,CRS,us,ordinary,US,USD,BBG000BGCQT9,BBG001S5Q5M1,,true,true,0.95,finnhub_directory
CRVL,CorVel Corp,US,NASDAQGS,true,resolved,matched US directory as CRVL,US,XNAS,CRVL,us,ordinary,US,USD,BBG000CVKZY0,BBG001S72ZL8,,true,true,0.95,finnhub_directory
CRWD,CrowdStrike Holdings Inc,US,NASDAQGS,true,resolved,matched US directory as CRWD,US,XNAS,CRWD,us,ordinary,US,USD,BBG00BLYKS03,BBG00BLYKRZ7,,true,true,0.95,finnhub_directory
CRWV,CoreWeave Inc,US,NASDAQGS,true,resolved,matched US directory as CRWV,US,XNAS,CRWV,us,ordinary,US,USD,BBG011ZTRJ21,BBG011ZTRJ49,,true,true,0.95,finnhub_directory
CS,AXA SA,FR,ENXTPA,false,resolved,,FP,XPAR,CS,suffixed,ordinary,FR,EUR,BBG000BC8029,BBG001S68XM8,,true,false,0.95,openfigi
CS,AXA SA,FR,ENXTPA,false,resolved,,US,OOTC,AXAHF,us,ordinary,US,USD,BBG000BYN7F5,BBG001S68XM8,,false,true,0.9,finnhub_directory
CS,AXA SA,FR,ENXTPA,false,resolved,,US,OOTC,AXAHY,us,adr,US,USD,BBG000BL3H54,BBG001S91BS1,,false,true,0.75,finnhub_directory
CSCC.F,Capstone Copper Corp,US,OTCPK,false,resolved,resolved by name search to CSCCF on US,US,XNYS,CSCCF,us,ordinary,US,USD,BBG017Z2K1T4,BBG017Z2HGQ8,,true,true,0.7,finnhub_directory
CSCC.F,Capstone Copper Corp,US,OTCPK,false,resolved,resolved by name search to CSCCF on US,US,OOTC,CSCCY,us,adr,US,USD,BBG01W4CQMS0,BBG01W4CQP67,,false,true,0.7,finnhub_directory
CSCO,Cisco Systems Inc,US,NASDAQGS,true,resolved,matched US directory as CSCO,US,XNAS,CSCO,us,ordinary,US,USD,BBG000C3J3C9,BBG001S6HC62,,true,true,0.95,finnhub_directory
CSGP,CoStar Group Inc,US,NASDAQGS,true,resolved,matched US directory as CSGP,US,XNAS,CSGP,us,ordinary,US,USD,BBG000D7JKW9,BBG001SD3DY9,,true,true,0.95,finnhub_directory
CSW,CSW Industrials Inc,US,NYSE,true,resolved,matched US directory as CSW,US,XNYS,CSW,us,ordinary,US,USD,BBG007NLG4L3,BBG007NLG4M2,,true,true,0.95,finnhub_directory
CSX,CSX Corporation,US,NASDAQGS,true,resolved,matched US directory as CSX,US,XNAS,CSX,us,ordinary,US,USD,BBG000BGJRC8,BBG001S5Q7Q3,,true,true,0.95,finnhub_directory
CTAS,Cintas Corporation,US,NASDAQGS,true,resolved,matched US directory as CTAS,US,XNAS,CTAS,us,ordinary,US,USD,BBG000H3YXF8,BBG001S7CRG1,,true,true,0.95,finnhub_directory
CTSH,Cognizant Technology Solutions Corp Class A,US,NASDAQGS,true,resolved,matched US directory as CTSH,US,XNAS,CTSH,us,ordinary,US,USD,BBG000BBDV81,BBG001S5STN6,,true,true,0.95,finnhub_directory
CTVA,Corteva Inc,US,NYSE,true,resolved,matched US directory as CTVA,US,XNYS,CTVA,us,ordinary,US,USD,BBG00BN969C1,BBG00BN969D0,,true,true,0.95,finnhub_directory
CVAC,CureVac NV,US,XNAS,false,resolved,resolved without an exchange filter to UP,UP,,CVAC,us,ordinary,,,BBG00W9LXXP7,BBG00W9LXY93,,true,true,0.8,openfigi
CVLT,CommVault Systems Inc,US,NASDAQGS,true,resolved,matched US directory as CVLT,US,XNAS,CVLT,us,ordinary,US,USD,BBG000BG88X9,BBG001S7R751,,true,true,0.95,finnhub_directory
CVNA,Carvana Co.,US,,true,resolved,matched US directory as CVNA,US,XNYS,CVNA,us,ordinary,US,USD,BBG00GCTWDJ3,BBG00GCTWF71,,true,true,0.95,finnhub_directory
CVS,CVS Health Corp,US,NYSE,true,resolved,matched US directory as CVS,US,XNYS,CVS,us,ordinary,US,USD,BBG000BGRY34,BBG001S5QBD8,,true,true,0.95,finnhub_directory
CVSA,Covista Inc,US,NYSE,true,resolved,matched US directory as CVSA,US,XNYS,CVSA,us,ordinary,US,USD,BBG000DQBZJ7,BBG001S8M5S3,,true,true,0.95,finnhub_directory
CVX,Chevron Corp,US,NYSE,true,resolved,matched US directory as CVX,US,XNYS,CVX,us,ordinary,US,USD,BBG000K4ND22,BBG001S67ZC5,,true,true,0.95,finnhub_directory
CW,Curtiss-Wright Corporation,US,NYSE,true,resolved,matched US directory as CW,US,XNYS,CW,us,ordinary,US,USD,BBG000BGSPS5,BBG001S5QBK0,,true,true,0.95,finnhub_directory
CWK,Cranswick PLC,US,LSE,true,resolved,,LN,XLON,CWK,suffixed,ordinary,GB,GBP,BBG000BDDCT6,BBG001S61QL1,,true,false,0.95,openfigi
CWK,Cranswick PLC,US,LSE,true,resolved,,US,OOTC,CRWKF,us,ordinary,US,USD,BBG000F102L2,BBG001S61QL1,,false,true,0.9,finnhub_directory
CWST,Casella Waste Systems Inc,US,NASDAQGS,true,resolved,matched US directory as CWST,US,XNAS,CWST,us,ordinary,US,USD,BBG000BT0J38,BBG001SB5S05,,true,true,0.95,finnhub_directory
CXM,Sprinklr Inc,US,NYSE,true,resolved,matched US directory as CXM,US,XNYS,CXM,us,ordinary,US,USD,BBG0043NCD05,BBG0043NCD14,,true,true,0.95,finnhub_directory
CXT,Crane NXT Co,US,NYSE,true,resolved,matched US directory as CXT,US,XNYS,CXT,us,ordinary,US,USD,BBG017BXPZ85,BBG017BXPZ94,,true,true,0.95,finnhub_directory
CYD,China Yuchai International Limited,SG,NYSE,true,resolved,matched US directory as CYD,US,XNYS,CYD,us,ordinary,US,USD,BBG000BLSXG0,BBG001S6LYY8,,true,true,0.95,finnhub_directory
D,Dominion Energy Inc,US,NYSE,true,resolved,matched US directory as D,US,XNYS,D,us,ordinary,US,USD,BBG000BGVW60,BBG001S5QCP3,,true,true,0.95,finnhub_directory
DAL,Delta Air Lines Inc,US,NYSE,true,resolved,matched US directory as DAL,US,XNYS,DAL,us,ordinary,US,USD,BBG000R7Z112,BBG001SPT759,,true,true,0.95,finnhub_directory
DASH,DoorDash Inc,US,NASDAQGS,true,resolved,matched US directory as DASH,US,XNAS,DASH,us,ordinary,US,USD,BBG005D7QCJ3,BBG005D7QCK1,,true,true,0.95,finnhub_directory
DAVE,Dave Inc,US,NASDAQGM,true,resolved,matched US directory as DAVE,US,XNAS,DAVE,us,ordinary,US,USD,BBG00Z483VQ0,BBG00Z483WM2,,true,true,0.95,finnhub_directory
DBSD.Y,DBS Group Holdings Ltd ADR,US,OTCPK,true,resolved,resolved by name search to DBSDY on US,US,XNYS,DBSDY,us,adr,US,USD,BBG000BPGFJ0,BBG001SD9213,,true,true,0.7,finnhub_directory
DBSD.Y,DBS Group Holdings Ltd ADR,US,OTCPK,true,resolved,resolved by name search to DBSDY on US,US,OOTC,DBSDF,us,ordinary,US,USD,BBG000BSN1W2,BBG001S6NK30,,false,true,0.7,finnhub_directory
DD,Dupont De Nemours Inc,US,NYSE,true,resolved,matched US directory as DD,US,XNYS,DD,us,ordinary,US,USD,BBG00BN961G4,BBG00BN961H3,,true,true,0.95,finnhub_directory
DDOG,Datadog Inc,US,NASDAQGS,true,resolved,matched US directory as DDOG,US,XNAS,DDOG,us,ordinary,US,USD,BBG003NJHZT9,BBG003NJHZW5,,true,true,0.95,finnhub_directory
DE,Deere & Company,US,NYSE,true,resolved,matched US directory as DE,US,XNYS,DE,us,ordinary,US,USD,BBG000BH1NH9,BBG001S5QFF7,,true,true,0.95,finnhub_directory
DECK,Deckers Outdoor Corporation,US,NYSE,true,resolved,matched US directory as DECK,US,XNYS,DECK,us,ordinary,US,USD,BBG000BKXYX5,BBG001S7GXB9,,true,true,0.95,finnhub_directory
DELL,Dell Technologies Inc,US,NYSE,true,resolved,matched US directory as DELL,US,XNYS,DELL,us,ordinary,US,USD,BBG00DW3SZS1,BBG00DW3SZT0,,true,true,0.95,finnhub_directory
DG,Dollar General Corporation,US,NYSE,true,resolved,matched US directory as DG,US,XNYS,DG,us,ordinary,US,USD,BBG000NV1KK7,BBG001T5BM30,,true,true,0.95,finnhub_directory
DGX,Quest Diagnostics Incorporated,US,NYSE,true,resolved,matched US directory as DGX,US,XNYS,DGX,us,ordinary,US,USD,BBG000BN84F3,BBG001S9GX43,,true,true,0.95,finnhub_directory
DHI,DR Horton Inc,US,NYSE,true,resolved,matched US directory as DHI,US,XNYS,DHI,us,ordinary,US,USD,BBG000DQTXY6,BBG001S8M692,,true,true,0.95,finnhub_directory
DHR,Danaher Corporation,US,NYSE,true,resolved,matched US directory as DHR,US,XNYS,DHR,us,ordinary,US,USD,BBG000BH3JF8,BBG001S5QGT0,,true,true,0.95,finnhub_directory
DIS,Walt Disney Company,US,NYSE,true,resolved,matched US directory as DIS,US,XNYS,DIS,us,ordinary,US,USD,BBG000BH4R78,BBG001S5QHF3,,true,true,0.95,finnhub_directory
DKNG,DraftKings Inc,US,NASDAQGS,true,resolved,matched US directory as DKNG,US,XNAS,DKNG,us,ordinary,US,USD,BBG0134WCM78,BBG0134WCMB3,,true,true,0.95,finnhub_directory
DKS,Dick’s Sporting Goods Inc,US,NYSE,true,resolved,matched US directory as DKS,US,XNYS,DKS,us,ordinary,US,USD,BBG000F6ZWH2,BBG001SK2651,,true,true,0.95,finnhub_directory
DLO,Dlocal Ltd,UY,NASDAQGS,true,resolved,matched US directory as DLO,US,XNAS,DLO,us,ordinary,US,USD,BBG00XGCHFV7,BBG00XGCHFW6,,true,true,0.95,finnhub_directory
DLR,Digital Realty Trust Inc,US,NYSE,true,resolved,matched US directory as DLR,US,XNYS,DLR,us,other,US,USD,BBG000Q5ZRM7,BBG001SM0K30,,true,true,0.95,finnhub_directory
DLTR,Dollar Tree Inc,US,NASDAQGS,true,resolved,matched US directory as DLTR,US,XNAS,DLTR,us,ordinary,US,USD,BBG000BSC0K9,BBG001S6ZGL6,,true,true,0.95,finnhub_directory
DNLM,Dunelm Group PLC,GB,LSE,false,resolved,,LN,XLON,DNLM,suffixed,ordinary,GB,GBP,BBG000N9X1Q7,BBG001SC52R1,,true,false,0.95,openfigi
DNLM,Dunelm Group PLC,GB,LSE,false,resolved,,US,OOTC,DNEMF,us,ordinary,US,USD,BBG0118L3579,BBG001SC52R1,,false,true,0.9,finnhub_directory
DOC,Healthpeak Properties Inc,US,NYSE,true,resolved,matched US directory as DOC,US,XNYS,DOC,us,other,US,USD,BBG000BKYDP9,BBG001S5RTS2,,true,true,0.95,finnhub_directory
DOCN,DigitalOcean Holdings Inc,US,NYSE,true,resolved,matched US directory as DOCN,US,XNYS,DOCN,us,ordinary,US,USD,BBG00ZGF6SS3,BBG00ZGF6TM7,,true,true,0.95,finnhub_directory
DOCS,Doximity Inc,US,NYSE,true,resolved,matched US directory as DOCS,US,XNYS,DOCS,us,ordinary,US,USD,BBG0026ZJQX7,BBG0026ZJQY6,,true,true,0.95,finnhub_directory
DOCU,DocuSign Inc,US,NASDAQGS,true,resolved,matched US directory as DOCU,US,XNAS,DOCU,us,ordinary,US,USD,BBG000N7KJX8,BBG001T535D5,,true,true,0.95,finnhub_directory
DORM,Dorman Products Inc,US,NASDAQGS,true,resolved,matched US directory as DORM,US,XNAS,DORM,us,ordinary,US,USD,BBG000BM22F5,BBG001S5S932,,true,true,0.95,finnhub_directory
DOV,Dover Corporation,US,NYSE,true,resolved,matched US directory as DOV,US,XNYS,DOV,us,ordinary,US,USD,BBG000BHB3M6,BBG001S5QL46,,true,true,0.95,finnhub_directory
DOW,Dow Inc,US,NYSE,true,resolved,matched US directory as DOW,US,XNYS,DOW,us,ordinary,US,USD,BBG00BN96922,BBG00BN96931,,true,true,0.95,finnhub_directory
DPLM,Diploma PLC,GB,LSE,false,resolved,,LN,XLON,DPLM,suffixed,ordinary,GB,GBP,BBG000BDFG24,BBG001S61SP3,,true,false,0.95,openfigi
DPLM,Diploma PLC,GB,LSE,false,resolved,,US,OOTC,DPLMF,us,ordinary,US,USD,BBG00NWV6JQ9,BBG001S61SP3,,false,true,0.9,finnhub_directory
DPML.F,DPM Metals Inc,US,OTCPK,false,resolved,resolved by name search to DPMLF on US,US,XNYS,DPMLF,us,ordinary,US,USD,BBG000JV4WQ7,BBG001SCXLV3,,true,true,0.7,finnhub_directory
DPZ,Domino’s Pizza Inc,US,NASDAQGS,true,resolved,matched US directory as DPZ,US,XNAS,DPZ,us,ordinary,US,USD,BBG000P458P3,BBG001SL3ZH1,,true,true,0.95,finnhub_directory
DPZ,Domino’s Pizza Inc,US,NASDAQGS,true,resolved,matched US directory as DPZ,US,OOTC,DMPZF,us,ordinary,US,USD,BBG00DJ1X3P8,BBG001SDJC38,,false,true,0.75,finnhub_directory
DRDG.F,DRDGOLD Ltd,US,OTCPK,false,resolved,resolved by name search to DRDGF on US,US,XNYS,DRDGF,us,ordinary,US,USD,BBG000D3WQZ7,BBG001S7K5G0,,true,true,0.7,finnhub_directory
DRDG.F,DRDGOLD Ltd,US,OTCPK,false,resolved,resolved by name search to DRDGF on US,US,XNYS,DRD,us,adr,US,USD,BBG000BX8QF2,BBG001S96F70,,false,true,0.7,finnhub_directory
DRI,Darden Restaurants Inc,US,NYSE,true,resolved,matched US directory as DRI,US,XNYS,DRI,us,ordinary,US,USD,BBG000BBNYF6,BBG001S5QM08,,true,true,0.95,finnhub_directory
DRS,Leonardo DRS Inc,US,NASDAQGS,true,resolved,matched US directory as DRS,US,XNAS,DRS,us,ordinary,US,USD,BBG00ZSB4TS9,BBG00ZSB4TT8,,true,true,0.95,finnhub_directory
DSGX,Descartes Systems Group Inc,CA,NASDAQGS,true,resolved,matched US directory as DSGX,US,XNAS,DSGX,us,ordinary,US,USD,BBG000CRQW34,BBG001SBJY34,,true,true,0.95,finnhub_directory
DT,Dynatrace Inc,US,NYSE,true,resolved,matched US directory as DT,US,XNYS,DT,us,ordinary,US,USD,BBG00PNN7C40,BBG00PNN7CW9,,true,true,0.95,finnhub_directory
DTE,DTE Energy Company,US,NYSE,true,resolved,matched US directory as DTE,US,XNYS,DTE,us,ordinary,US,USD,BBG000BB29X4,BBG001S5QN88,,true,true,0.95,finnhub_directory
DTM,DT Midstream Inc,US,NYSE,true,resolved,matched US directory as DTM,US,XNYS,DTM,us,ordinary,US,USD,BBG0112Z58J3,BBG0112Z58K1,,true,true,0.95,finnhub_directory
DUK,Duke Energy Corporation,US,NYSE,true,resolved,matched US directory as DUK,US,XNYS,DUK,us,ordinary,US,USD,BBG000BHGDH5,BBG001S5QNR7,,true,true,0.95,finnhub_directory
DUOL,Duolingo Inc,US,NASDAQGS,true,resolved,matched US directory as DUOL,US,XNAS,DUOL,us,ordinary,US,USD,BBG003D4V951,BBG003D4V960,,true,true,0.95,finnhub_directory
DV,DoubleVerify Holdings Inc,US,NYSE,true,resolved,matched US directory as DV,US,XNYS,DV,us,ordinary,US,USD,BBG00ZNRRJM2,BBG00ZNRRKL0,,true,true,0.95,finnhub_directory
DVA,DaVita HealthCare Partners Inc,US,NYSE,true,resolved,"likely renamed: catalogue says ""DaVita HealthCare Partners Inc"", venue says ""DAVITA INC""",US,XNYS,DVA,us,ordinary,US,USD,BBG000MQ1SN9,BBG001SB5DZ0,,true,true,0.6,finnhub_directory
DVN,Devon Energy Corporation,US,NYSE,true,resolved,matched US directory as DVN,US,XNYS,DVN,us,ordinary,US,USD,BBG000BBVJZ8,BBG001S63VG4,,true,true,0.95,finnhub_directory
DXCM,"DexCom, Inc.",US,,true,resolved,matched US directory as DXCM,US,XNAS,DXCM,us,ordinary,US,USD,BBG000QTF8K1,BBG001SKZG99,,true,true,0.95,finnhub_directory
DXPE,DXP Enterprises Inc,US,NASDAQGS,true,resolved,matched US directory as DXPE,US,XNAS,DXPE,us,ordinary,US,USD,BBG000HTY991,BBG001S9F0F4,,true,true,0.95,finnhub_directory
DY,Dycom Industries Inc,US,NYSE,true,resolved,matched US directory as DY,US,XNYS,DY,us,ordinary,US,USD,BBG000C4SKT1,BBG001S6MGW8,,true,true,0.95,finnhub_directory
EA,Electronic Arts Inc,US,NASDAQGS,true,resolved,resolved by name search to EA* on MM,US,,EA,us,ordinary,US,USD,,,,true,true,0.5,catalogue
EA,Electronic Arts Inc,US,NASDAQGS,true,resolved,resolved by name search to EA* on MM,MM,XMEX,EA*,suffixed,ordinary,MX,MXN,BBG00J5DVGZ6,BBG001S5T5C9,,false,false,0.7,openfigi
EADS.F,Airbus Group SE,US,OTCPK,false,resolved,resolved by name search to EADSF on US,US,XNYS,EADSF,us,ordinary,US,USD,BBG000BJJR23,BBG001S8TFZ6,,true,true,0.7,openfigi
EAT,Brinker International Inc,US,NYSE,true,resolved,matched US directory as EAT,US,XNYS,EAT,us,ordinary,US,USD,BBG000BK28N7,BBG001S5RFV8,,true,true,0.95,finnhub_directory
EBAY,eBay Inc,US,NASDAQGS,true,resolved,matched US directory as EBAY,US,XNAS,EBAY,us,ordinary,US,USD,BBG000C43RR5,BBG001S9B9J5,,true,true,0.95,finnhub_directory
ECG,Everus Construction Group Inc,US,NYSE,true,resolved,matched US directory as ECG,US,XNYS,ECG,us,ordinary,US,USD,BBG01M600X00,BBG01M600Y08,,true,true,0.95,finnhub_directory
ECL,Ecolab Inc,US,NYSE,true,resolved,matched US directory as ECL,US,XNYS,ECL,us,ordinary,US,USD,BBG000BHKYH4,BBG001S5QRB5,,true,true,0.95,finnhub_directory
ECO,Okeanis Eco Tankers Corp,GR,NYSE,true,resolved,matched US directory as ECO,US,XNYS,ECO,us,ordinary,US,USD,BBG00SVDJ460,BBG00L98KG35,,true,true,0.95,finnhub_directory
ED,Consolidated Edison Inc,US,NYSE,true,resolved,matched US directory as ED,US,XNYS,ED,us,ordinary,US,USD,BBG000BHLYS1,BBG001S5QRL4,,true,true,0.95,finnhub_directory
EDV,Endeavour Mining PLC,US,LSE,true,resolved,,LN,XLON,EDV,suffixed,ordinary,GB,GBP,BBG011DVVYT3,BBG011DVVG30,,true,false,0.95,openfigi
EDV,Endeavour Mining PLC,US,LSE,true,resolved,,US,OOTC,EDVMF,us,ordinary,US,USD,BBG011FJFVT2,BBG011DVVG30,,false,true,0.9,finnhub_directory
EDVM.F,Endeavour Mining Corp,US,OTCPK,false,resolved,resolved by name search to EDV1CAD on XB,XB,,EDV1CAD,unknown,ordinary,,,BBG00JVSK3N8,BBG001S8HBD2,,true,false,0.7,openfigi
EDVM.F,Endeavour Mining Corp,US,OTCPK,false,resolved,resolved by name search to EDV1CAD on XB,US,OOTC,EDVMF,us,ordinary,US,USD,BBG011FJFVT2,BBG011DVVG30,,false,true,0.7,finnhub_directory
EEFT,Euronet Worldwide Inc,US,NASDAQGS,true,resolved,matched US directory as EEFT,US,XNAS,EEFT,us,ordinary,US,USD,BBG000BMNBY1,BBG001S9DW39,,true,true,0.95,finnhub_directory
EFX,Equifax Inc,US,NYSE,true,resolved,matched US directory as EFX,US,XNYS,EFX,us,ordinary,US,USD,BBG000BHPL78,BBG001S5QSK3,,true,true,0.95,finnhub_directory
EFXT,Enerflex Ltd,CA,NYSE,true,resolved,matched US directory as EFXT,US,XNYS,EFXT,us,ordinary,US,USD,BBG001QVSNG2,BBG001SXXC92,,true,true,0.95,finnhub_directory
EG,Everest Re Group Ltd,BM,NYSE,true,resolved,"likely renamed: catalogue says ""Everest Re Group Ltd"", venue says ""EVEREST GROUP LTD""",US,XNYS,EG,us,ordinary,US,USD,BBG000C1XVK6,BBG001S7QT63,,true,true,0.6,finnhub_directory
EGO,Eldorado Gold Corporation,CA,NYSE,true,resolved,matched US directory as EGO,US,XNYS,EGO,us,ordinary,US,USD,BBG000BN7277,BBG001S5YPQ4,,true,true,0.95,finnhub_directory
EHC,Encompass Health Corp,US,NYSE,true,resolved,matched US directory as EHC,US,XNYS,EHC,us,ordinary,US,USD,BBG000BGBRG2,BBG001S5Q5B3,,true,true,0.95,finnhub_directory
EIX,Edison International,US,NYSE,true,resolved,matched US directory as EIX,US,XNYS,EIX,us,ordinary,US,USD,BBG000D7RKJ5,BBG001S7MY75,,true,true,0.95,finnhub_directory
EL,Estee Lauder Companies Inc,US,NYSE,true,resolved,matched US directory as EL,US,XNYS,EL,us,ordinary,US,USD,BBG000FKJRC5,BBG001S8L5H6,,true,true,0.95,finnhub_directory
ELAL.F,El Al Israel Airlines Ltd,US,OTCPK,false,resolved,resolved by name search to ELALF on US,US,XNYS,ELALF,us,ordinary,US,USD,BBG000H5W502,BBG001SD4W30,,true,true,0.7,finnhub_directory
ELF,ELF Beauty Inc,US,NYSE,true,resolved,matched US directory as ELF,US,XNYS,ELF,us,ordinary,US,USD,BBG00DQ6VYP3,BBG00DQ6VYQ2,,true,true,0.95,finnhub_directory
ELFI.F,E-L Financial Corporation Ltd,US,OTCPK,false,resolved,resolved by name search to ELFIF on US,US,XNYS,ELFIF,us,ordinary,US,USD,BBG000K8V7C6,BBG001S5YPR3,,true,true,0.7,openfigi
ELV,Elevance Health Inc,US,NYSE,true,resolved,matched US directory as ELV,US,XNYS,ELV,us,ordinary,US,USD,BBG000BCG930,BBG001S6KBQ8,,true,true,0.95,finnhub_directory
EME,EMCOR Group Inc,US,NYSE,true,resolved,matched US directory as EME,US,XNYS,EME,us,ordinary,US,USD,BBG000BBRPL4,BBG001S5QVG1,,true,true,0.95,finnhub_directory
EMMN,Emmi AG,CH,SWX,false,resolved,,SW,XSWX,EMMN,suffixed,ordinary,CH,CHF,BBG000C1JV31,BBG001SBRBN3,,true,false,0.95,openfigi
EMMN,Emmi AG,CH,SWX,false,resolved,,US,OOTC,EMLZF,us,ordinary,US,USD,BBG000HTC7X2,BBG001SBRBN3,,false,true,0.9,finnhub_directory
EMR,Emerson Electric Company,US,NYSE,true,resolved,matched US directory as EMR,US,XNYS,EMR,us,ordinary,US,USD,BBG000BHX7N2,BBG001S5QVT7,,true,true,0.95,finnhub_directory
ENR,Siemens Energy AG,US,SWX,true,resolved,,SW,XSWX,ENR,suffixed,ordinary,CH,CHF,BBG00XTVCX92,BBG00XLWSWN7,,true,false,0.95,openfigi
ENR,Siemens Energy AG,US,SWX,true,resolved,,US,OOTC,SMEGF,us,ordinary,US,USD,BBG00XRT8158,BBG00XLWSWN7,,false,true,0.9,finnhub_directory
ENR,Siemens Energy AG,US,SWX,true,resolved,,US,OOTC,SMERY,us,adr,US,USD,BBG01ZY366L4,BBG01ZY367J5,,false,true,0.75,finnhub_directory
ENSG,The Ensign Group Inc,US,NASDAQGS,true,resolved,matched US directory as ENSG,US,XNAS,ENSG,us,ordinary,US,USD,BBG000K1T9L0,BBG001SPNL09,,true,true,0.95,finnhub_directory
ENTG,Entegris Inc,US,NASDAQGS,true,resolved,matched US directory as ENTG,US,XNAS,ENTG,us,ordinary,US,USD,BBG000CTV4N4,BBG001SF9YL6,,true,true,0.95,finnhub_directory
EOG,EOG Resources Inc,US,NYSE,true,resolved,matched US directory as EOG,US,XNYS,EOG,us,ordinary,US,USD,BBG000BZ9223,BBG001S5ZB93,,true,true,0.95,finnhub_directory
EQIX,Equinix Inc,US,NASDAQGS,true,resolved,matched US directory as EQIX,US,XNAS,EQIX,us,other,US,USD,BBG000MBDGM6,BBG001SKBNS9,,true,true,0.95,finnhub_directory
EQR,Equity Residential,US,NYSE,true,resolved,no identifier source could confirm this security; using the supplier's US ticker at reduced confidence,US,,EQR,us,ordinary,US,USD,,,,true,true,0.5,catalogue
EQT,EQT Corporation,US,NYSE,true,resolved,matched US directory as EQT,US,XNYS,EQT,us,ordinary,US,USD,BBG000BHZ5J9,BBG001S5QXJ4,,true,true,0.95,finnhub_directory
EQT,EQT Corporation,US,NYSE,true,resolved,matched US directory as EQT,US,OOTC,EQBBF,us,ordinary,US,USD,BBG00QHLRL10,BBG006WY0T93,,false,true,0.75,finnhub_directory
EQX,Equinox Gold Corp,CA,NYSEAM,true,resolved,matched US directory as EQX,US,XASE,EQX,us,ordinary,US,USD,BBG004XB7MN9,BBG001SSK0K0,,true,true,0.95,finnhub_directory
ERIC,Telefonaktiebolaget LM Ericsson B ADR,SE,NASDAQGS,true,resolved,matched US directory as ERIC,US,XNAS,ERIC,us,adr,US,USD,BBG000BB0QF8,BBG001S5QXT3,,true,true,0.95,finnhub_directory
ERIE,Erie Indemnity Company,US,NASDAQGS,true,resolved,matched US directory as ERIE,US,XNAS,ERIE,us,ordinary,US,USD,BBG000BBTJZ1,BBG001S5QXV0,,true,true,0.95,finnhub_directory
ERO,Ero Copper Corp,CA,NYSE,true,resolved,matched US directory as ERO,US,XNYS,ERO,us,ordinary,US,USD,BBG00J09YMM8,BBG00HNV5D86,,true,true,0.95,finnhub_directory
ES,Eversource Energy,US,NYSE,true,resolved,matched US directory as ES,US,XNYS,ES,us,ordinary,US,USD,BBG000BQ87N0,BBG001S5TRL1,,true,true,0.95,finnhub_directory
ESE,ESCO Technologies Inc,US,NYSE,true,resolved,matched US directory as ESE,US,XNYS,ESE,us,ordinary,US,USD,BBG000C4S3P3,BBG001S6MFD1,,true,true,0.95,finnhub_directory
ESLT,Elbit Systems Ltd,IL,NASDAQGS,true,resolved,matched US directory as ESLT,US,XNAS,ESLT,us,ordinary,US,USD,BBG000CRN4P5,BBG001S8RMF5,,true,true,0.95,finnhub_directory
ESNT,Essent Group Ltd,BM,NYSE,true,resolved,matched US directory as ESNT,US,XNYS,ESNT,us,ordinary,US,USD,BBG0058YL7G9,BBG0058YL868,,true,true,0.95,finnhub_directory
ESS,Essex Property Trust Inc,US,NYSE,true,resolved,matched US directory as ESS,US,XNYS,ESS,us,other,US,USD,BBG000CGJMB9,BBG001S81418,,true,true,0.95,finnhub_directory
ESTC,Elastic NV,NL,NYSE,true,resolved,matched US directory as ESTC,US,XNYS,ESTC,us,ordinary,US,USD,BBG00LWZDYB9,BBG00LWZDZ26,,true,true,0.95,finnhub_directory
ETN,Eaton Corporation PLC,IE,NYSE,true,resolved,matched US directory as ETN,US,XNYS,ETN,us,ordinary,US,USD,BBG000BJ3PD2,BBG001S5QZ45,,true,true,0.95,finnhub_directory
ETR,Entergy Corporation,US,NYSE,true,resolved,matched US directory as ETR,US,XNYS,ETR,us,ordinary,US,USD,BBG000C1FQS9,BBG001S67KF5,,true,true,0.95,finnhub_directory
EVD,CTS Eventim AG & Co KgaA,CH,SWX,false,resolved,,SW,XSWX,EVD,suffixed,ordinary,CH,CHF,BBG006TLP0K8,BBG001SDRLL9,,true,false,0.95,openfigi
EVD,CTS Eventim AG & Co KgaA,CH,SWX,false,resolved,,US,OOTC,CEVMF,us,ordinary,US,USD,BBG000BS8060,BBG001SDRLL9,,false,true,0.9,finnhub_directory
EVD,CTS Eventim AG & Co KgaA,CH,SWX,false,resolved,,US,OOTC,CEVMY,us,adr,US,USD,BBG002RRS425,BBG002RRS5M0,,false,true,0.75,finnhub_directory
EVRG,Evergy Inc,US,NASDAQGS,true,resolved,matched US directory as EVRG,US,XNAS,EVRG,us,ordinary,US,USD,BBG00H433CR2,BBG00H433CS1,,true,true,0.95,finnhub_directory
EVTC,Evertec Inc,US,NYSE,true,resolved,matched US directory as EVTC,US,XNYS,EVTC,us,ordinary,US,USD,BBG000J187K0,BBG001SX2XR0,,true,true,0.95,finnhub_directory
EW,Edwards Lifesciences Corp,US,NYSE,true,resolved,matched US directory as EW,US,XNYS,EW,us,ordinary,US,USD,BBG000BRXP69,BBG001SF2288,,true,true,0.95,finnhub_directory
EXC,Exelon Corporation,US,NASDAQGS,true,resolved,matched US directory as EXC,US,XNAS,EXC,us,ordinary,US,USD,BBG000J6XT05,BBG001SBJMT2,,true,true,0.95,finnhub_directory
EXE,Expand Energy Corp,US,NASDAQGS,true,resolved,matched US directory as EXE,US,XNAS,EXE,us,ordinary,US,USD,BBG00Z6DX554,BBG00Z6DX607,,true,true,0.95,finnhub_directory
EXEL,Exelixis Inc,US,NASDAQGS,true,resolved,matched US directory as EXEL,US,XNAS,EXEL,us,ordinary,US,USD,BBG000BQ4WF8,BBG001SD42W4,,true,true,0.95,finnhub_directory
EXET.F,Extendicare Inc,US,OTCPK,false,resolved,resolved by name search to EXETF on US,US,XNYS,EXETF,us,ordinary,US,USD,BBG000M65SB2,BBG001S72936,,true,true,0.7,finnhub_directory
EXLS,ExlService Holdings Inc,US,NASDAQGS,true,resolved,matched US directory as EXLS,US,XNAS,EXLS,us,ordinary,US,USD,BBG000NS3P30,BBG001SKWX40,,true,true,0.95,finnhub_directory
EXMR.F,Exmar NV,US,OTCPK,false,resolved,resolved by name search to EXMRF on US,US,XNYS,EXMRF,us,ordinary,US,USD,BBG000FGTG28,BBG001SL2739,,true,true,0.7,finnhub_directory
EXPD,Expeditors International of Washington Inc,US,NYSE,true,resolved,matched US directory as EXPD,US,XNYS,EXPD,us,ordinary,US,USD,BBG000BJ5GK2,BBG001S5QZZ1,,true,true,0.95,finnhub_directory
EXPE,Expedia Inc,US,NASDAQGS,true,resolved,matched US directory as EXPE,US,XNAS,EXPE,us,ordinary,US,USD,BBG000QY3XZ2,BBG001SP8VM0,,true,true,0.95,finnhub_directory
EXPG.F,Experian PLC,US,OTCPK,false,resolved,resolved by name search to EXPGF on US,US,XNYS,EXPGF,us,ordinary,US,USD,BBG000BKFZN3,BBG001SCNVC3,,true,true,0.7,finnhub_directory
EXPG.F,Experian PLC,US,OTCPK,false,resolved,resolved by name search to EXPGF on US,US,OOTC,EXPGY,us,adr,US,USD,BBG000H4RVT3,BBG001SRQYB2,,false,true,0.7,finnhub_directory
EXPN,Experian PLC,GB,LSE,false,resolved,,LN,XLON,EXPN,suffixed,ordinary,GB,GBP,BBG000FBCMD2,BBG001SCNVC3,,true,false,0.95,openfigi
EXPN,Experian PLC,GB,LSE,false,resolved,,US,OOTC,EXPGF,us,ordinary,US,USD,BBG000BKFZN3,BBG001SCNVC3,,false,true,0.9,finnhub_directory
EXPN,Experian PLC,GB,LSE,false,resolved,,US,OOTC,EXPGY,us,adr,US,USD,BBG000H4RVT3,BBG001SRQYB2,,false,true,0.75,finnhub_directory
EXR,Extra Space Storage Inc,US,NYSE,true,resolved,matched US directory as EXR,US,XNYS,EXR,us,other,US,USD,BBG000PV27K3,BBG001SLSXK5,,true,true,0.95,finnhub_directory
EZJL,Easyjet,US,BATS-CHIXE,false,resolved,,EB,BATE,EZJL,suffixed,ordinary,GB,EUR,BBG000H0TDZ2,BBG001SGFMC3,,true,false,0.95,openfigi
EZJL,Easyjet,US,BATS-CHIXE,false,resolved,,US,OOTC,EJTTF,us,ordinary,US,USD,BBG002Z6C3J3,BBG001SGFMC3,,false,true,0.9,finnhub_directory
EZJL,Easyjet,US,BATS-CHIXE,false,resolved,,US,OOTC,ESYJY,us,adr,US,USD,BBG000J39BX2,BBG001T5P8X3,,false,true,0.75,finnhub_directory
EZPW,EZCORP Inc,US,NASDAQGS,true,resolved,matched US directory as EZPW,US,XNAS,EZPW,us,ordinary,US,USD,BBG000C93HM1,BBG001S6RN67,,true,true,0.95,finnhub_directory
F,Ford Motor Company,US,NYSE,true,resolved,matched US directory as F,US,XNYS,F,us,ordinary,US,USD,BBG000BQPC32,BBG001S5TZ33,,true,true,0.95,finnhub_directory
FANG,Diamondback Energy Inc,US,NASDAQGS,true,resolved,matched US directory as FANG,US,XNAS,FANG,us,ordinary,US,USD,BBG002PHSYX9,BBG002PHSZN7,,true,true,0.95,finnhub_directory
FAST,Fastenal Company,US,NASDAQGS,true,resolved,matched US directory as FAST,US,XNAS,FAST,us,ordinary,US,USD,BBG000BJ8YN7,BBG001S5R1F7,,true,true,0.95,finnhub_directory
FCFS,FirstCash Inc,US,NASDAQGS,true,resolved,matched US directory as FCFS,US,XNAS,FCFS,us,ordinary,US,USD,BBG0145KL747,BBG0145KL756,,true,true,0.95,finnhub_directory
FCN,FTI Consulting Inc,US,NYSE,true,resolved,matched US directory as FCN,US,XNYS,FCN,us,ordinary,US,USD,BBG000K88H58,BBG001SCJVR2,,true,true,0.95,finnhub_directory
FCX,Freeport-McMoran Copper & Gold Inc,US,NYSE,true,resolved,matched US directory as FCX,US,XNYS,FCX,us,ordinary,US,USD,BBG000BJDB15,BBG001S5R3F3,,true,true,0.95,finnhub_directory
FDS,FactSet Research Systems Inc,US,NYSE,true,resolved,matched US directory as FDS,US,XNYS,FDS,us,ordinary,US,USD,BBG000BDJL83,BBG001S5XRL6,,true,true,0.95,finnhub_directory
FDX,FedEx Corporation,US,NYSE,true,resolved,matched US directory as FDX,US,XNYS,FDX,us,ordinary,US,USD,BBG000BJF1Z8,BBG001S5R3M5,,true,true,0.95,finnhub_directory
FDXF,FedEx Freight Holding Company Inc,US,NYSE,true,resolved,matched US directory as FDXF,US,XNYS,FDXF,us,ordinary,US,USD,BBG01ZPB91C4,BBG01ZPB92B3,,true,true,0.95,finnhub_directory
FE,FirstEnergy Corporation,US,NYSE,true,resolved,matched US directory as FE,US,XNYS,FE,us,ordinary,US,USD,BBG000BB6M98,BBG001S5R3N4,,true,true,0.95,finnhub_directory
FFH,Fairfax Financial Holdings Ltd,CA,TSX,false,resolved,,CN,XTSE,FFH,suffixed,ordinary,CA,CAD,BBG000BYQVJ5,BBG001S5YSP9,,true,false,0.95,openfigi
FFH,Fairfax Financial Holdings Ltd,CA,TSX,false,resolved,,US,OOTC,FRFHF,us,ordinary,US,USD,BBG000GTW565,BBG001S5YSP9,,false,true,0.9,finnhub_directory
FFH,Fairfax Financial Holdings Ltd,CA,TSX,false,resolved,,US,OOTC,FRFFF,us,other,US,USD,,,,false,true,0.75,finnhub_directory
FFIV,F5 Networks Inc,US,NASDAQGS,true,resolved,"likely renamed: catalogue says ""F5 Networks Inc"", venue says ""F5 INC""",US,XNYS,FFIV,us,ordinary,US,USD,BBG000CXYSZ6,BBG001SCP8D1,,true,true,0.6,finnhub_directory
FG,F&G Annuities & Life Inc,US,NYSE,true,resolved,matched US directory as FG,US,XNYS,FG,us,ordinary,US,USD,BBG01BGVGG87,BBG01BGVGH85,,true,true,0.95,finnhub_directory
FHI,Federated Investors Inc B,US,NYSE,true,resolved,"likely renamed: catalogue says ""Federated Investors Inc B"", venue says ""FEDERATED HERMES INC""",US,XNYS,FHI,us,ordinary,US,USD,BBG000BP0929,BBG001S6TGK4,,true,true,0.6,finnhub_directory
FHZN,Flughafen Zurich,CH,SWX,false,resolved,,SW,XSWX,FHZN,suffixed,ordinary,CH,CHF,BBG000BQB9Y0,BBG001SF6CM6,,true,false,0.95,openfigi
FHZN,Flughafen Zurich,CH,SWX,false,resolved,,US,OOTC,UZAPF,us,ordinary,US,USD,BBG000BRQQM7,BBG001SF6CM6,,false,true,0.9,finnhub_directory
FICO,Fair Isaac Corporation,US,NYSE,true,resolved,matched US directory as FICO,US,XNYS,FICO,us,ordinary,US,USD,BBG000DW76Y6,BBG001S8ZT61,,true,true,0.95,finnhub_directory
FIE,Fielmann AG,CH,SWX,false,resolved,,SW,XSWX,FIE,suffixed,ordinary,CH,CHF,BBG006TLPWG3,BBG001S80B86,,true,false,0.95,openfigi
FIE,Fielmann AG,CH,SWX,false,resolved,,US,OOTC,FLMNF,us,ordinary,US,USD,BBG000Q7K100,BBG001S80B86,,false,true,0.9,finnhub_directory
FIE,Fielmann AG,CH,SWX,false,resolved,,US,OOTC,FLMNY,us,adr,US,USD,BBG002C8RP18,BBG002C8RPS9,,false,true,0.75,finnhub_directory
FIGS,Figs Inc,US,NYSE,true,resolved,matched US directory as FIGS,US,XNYS,FIGS,us,ordinary,US,USD,BBG004SK5VL9,BBG004SK5VM8,,true,true,0.95,finnhub_directory
FIS,Fidelity National Information Services Inc,US,NYSE,true,resolved,matched US directory as FIS,US,XNYS,FIS,us,ordinary,US,USD,BBG000BK2F42,BBG001S8SWQ0,,true,true,0.95,finnhub_directory
FISV,Fiserv Inc,US,NASDAQGS,true,resolved,matched US directory as FISV,US,XNAS,FISV,us,ordinary,US,USD,BBG000BJKPG0,BBG001S5R6Q4,,true,true,0.95,finnhub_directory
FITB,Fifth Third Bancorp,US,NYSE,true,resolved,matched US directory as FITB,US,XNYS,FITB,us,ordinary,US,USD,BBG000BJL3N0,BBG001S5R6S2,,true,true,0.95,finnhub_directory
FIVE,Five Below Inc,US,NASDAQGS,true,resolved,matched US directory as FIVE,US,XNAS,FIVE,us,ordinary,US,USD,BBG001636CR2,BBG001TCDMY9,,true,true,0.95,finnhub_directory
FIVN,Five9 Inc,US,NASDAQGM,true,resolved,matched US directory as FIVN,US,XNAS,FIVN,us,ordinary,US,USD,BBG001KHJM17,BBG001V0P7K7,,true,true,0.95,finnhub_directory
FIX,Comfort Systems USA Inc,US,NYSE,true,resolved,matched US directory as FIX,US,XNYS,FIX,us,ordinary,US,USD,BBG000BWN2Y9,BBG001SB1GG8,,true,true,0.95,finnhub_directory
FKUR.F,Fujikura Ltd,US,OTCPK,false,resolved,resolved by name search to FKURF on US,US,XNYS,FKURF,us,ordinary,US,USD,BBG000DC0SN1,BBG001S5RSN9,,true,true,0.7,finnhub_directory
FKUR.F,Fujikura Ltd,US,OTCPK,false,resolved,resolved by name search to FKURF on US,US,OOTC,FJIKY,us,adr,US,USD,BBG01QPTL7P4,BBG01QPTL8K7,,false,true,0.7,finnhub_directory
FLEX,Flex Ltd,US,NASDAQGS,true,resolved,matched US directory as FLEX,US,XNAS,FLEX,us,ordinary,US,USD,BBG000BP5YT0,BBG001SC5SP6,,true,true,0.95,finnhub_directory
FLS,Flowserve Corporation,US,NYSE,true,resolved,matched US directory as FLS,US,XNYS,FLS,us,ordinary,US,USD,BBG000FFH4P5,BBG001SB3F87,,true,true,0.95,finnhub_directory
FLYW,Flywire Corp,US,NASDAQGS,true,resolved,"likely renamed: catalogue says ""Flywire Corp"", venue says ""FLYWIRE CORP-VOTING""",US,XNYS,FLYW,us,ordinary,US,USD,BBG002030NC4,BBG002030ND3,,true,true,0.6,finnhub_directory
FN,Fabrinet,US,NYSE,true,resolved,matched US directory as FN,US,XNYS,FN,us,ordinary,US,USD,BBG000HBFQP5,BBG001SP57F4,,true,true,0.95,finnhub_directory
FNF,Fidelity National Financial Inc,US,NYSE,true,resolved,matched US directory as FNF,US,XNYS,FNF,us,ordinary,US,USD,BBG006N7S6K9,BBG006N7S6J1,,true,true,0.95,finnhub_directory
FNLP.F,Fresnillo PLC,US,OTCPK,false,resolved,resolved by name search to FNLPF on US,US,XNYS,FNLPF,us,ordinary,US,USD,BBG000VJJHR6,BBG001STFFC0,,true,true,0.7,finnhub_directory
FNV,Franco-Nevada Corporation,CA,NYSE,true,resolved,matched US directory as FNV,US,XNYS,FNV,us,ordinary,US,USD,BBG000RD3CL8,BBG001STGSR5,,true,true,0.95,finnhub_directory
FOX,Fox Corp Class B,US,NASDAQGS,true,resolved,matched US directory as FOX,US,XNAS,FOX,us,ordinary,US,USD,BBG00JHNKJY8,BBG00JHNKKR3,,true,true,0.95,finnhub_directory
FOX,Fox Corp Class B,US,NASDAQGS,true,resolved,matched US directory as FOX,US,XNAS,FOXA,us,ordinary,US,USD,BBG00JHNJW99,BBG00JHNJX06,,false,true,0.75,finnhub_directory
FOXA,Fox Corp Class A,US,NASDAQGS,true,resolved,matched US directory as FOXA,US,XNAS,FOXA,us,ordinary,US,USD,BBG00JHNJW99,BBG00JHNJX06,,true,true,0.95,finnhub_directory
FOXA,Fox Corp Class A,US,NASDAQGS,true,resolved,matched US directory as FOXA,US,XNAS,FOX,us,ordinary,US,USD,BBG00JHNKJY8,BBG00JHNKKR3,,false,true,0.75,finnhub_directory
FPLS.F,5N Plus Inc.,US,OTCPK,false,resolved,resolved by name search to FPLSF on US,US,XNYS,FPLSF,us,ordinary,US,USD,BBG000V26W30,BBG001T0QWG9,,true,true,0.7,finnhub_directory
FRES,Fresnillo PLC,GB,LSE,false,resolved,,LN,XLON,FRES,suffixed,ordinary,GB,GBP,BBG000VH0TC0,BBG001STFFC0,,true,false,0.95,openfigi
FRES,Fresnillo PLC,GB,LSE,false,resolved,,US,OOTC,FNLPF,us,ordinary,US,USD,BBG000VJJHR6,BBG001STFFC0,,false,true,0.9,finnhub_directory
FRO,Frontline Ltd,CY,NYSE,true,resolved,matched US directory as FRO,US,XNYS,FRO,us,ordinary,US,USD,BBG000BTQNQ6,BBG001S66K75,,true,true,0.95,finnhub_directory
FRPT,Freshpet Inc,US,NASDAQGM,true,resolved,matched US directory as FRPT,US,XNAS,FRPT,us,ordinary,US,USD,BBG001D0HB36,BBG001V04FM0,,true,true,0.95,finnhub_directory
FRSH,Freshworks Inc,US,NASDAQGS,true,resolved,matched US directory as FRSH,US,XNAS,FRSH,us,ordinary,US,USD,BBG0029KYGL5,BBG0029KYGM4,,true,true,0.95,finnhub_directory
FRT,Federal Realty Investment Trust,US,NYSE,true,resolved,matched US directory as FRT,US,XNYS,FRT,us,other,US,USD,BBG000BJVN28,BBG001S5RC36,,true,true,0.95,finnhub_directory
FSLR,First Solar Inc,US,,true,resolved,matched US directory as FSLR,US,XNAS,FSLR,us,ordinary,US,USD,BBG000BFL116,BBG001S991Z7,,true,true,0.95,finnhub_directory
FSM,Fortuna Mining Corp,US,NYSE,true,resolved,matched US directory as FSM,US,XNYS,FSM,us,ordinary,US,USD,BBG000LDZ482,BBG001S982M0,,true,true,0.95,finnhub_directory
FSPK.F,Fisher & Paykel Healthcare Corporation Ltd,US,OTCPK,false,resolved,resolved by name search to FSPKF on US,US,XNYS,FSPKF,us,ordinary,US,USD,BBG000D35BD4,BBG001SHM1Z4,,true,true,0.7,openfigi
FSS,Federal Signal Corporation,US,NYSE,true,resolved,matched US directory as FSS,US,XNYS,FSS,us,ordinary,US,USD,BBG000BJXWX2,BBG001S5RD98,,true,true,0.95,finnhub_directory
FTAI,FTAI Aviation Ltd,US,NASDAQGS,true,resolved,matched US directory as FTAI,US,XNAS,FTAI,us,ordinary,US,USD,BBG019M62R45,BBG019M62R54,,true,true,0.95,finnhub_directory
FTDR,Frontdoor Inc,US,NASDAQGS,true,resolved,matched US directory as FTDR,US,XNAS,FTDR,us,ordinary,US,USD,BBG00H9MNDZ2,BBG00H9MNF05,,true,true,0.95,finnhub_directory
FTI,TechnipFMC PLC,GB,NYSE,true,resolved,matched US directory as FTI,US,XNYS,FTI,us,ordinary,US,USD,BBG00DL8NMV2,BBG00DL8NMT5,,true,true,0.95,finnhub_directory
FTK,flatexDEGIRO AG,US,DB,true,resolved,,GR,XETR,FTK,suffixed,ordinary,DE,EUR,BBG000F9PSS4,BBG001T2HLN1,,true,false,0.95,openfigi
FTK,flatexDEGIRO AG,US,DB,true,resolved,,US,OOTC,FNNTF,us,ordinary,US,USD,BBG00L4Q9B89,BBG001T2HLN1,,false,true,0.9,finnhub_directory
FTNT,"Fortinet, Inc.",US,,true,resolved,matched US directory as FTNT,US,XNAS,FTNT,us,ordinary,US,USD,BBG000BCMBG4,BBG001S77BL6,,true,true,0.95,finnhub_directory
FTRO.F,First Resources Limited,US,OTCPK,false,resolved,resolved by name search to FTROF on US,US,XNYS,FTROF,us,ordinary,US,USD,BBG00GMD2YC1,BBG001SV4YK7,,true,true,0.7,openfigi
FTV,Fortive Corp,US,NYSE,true,resolved,matched US directory as FTV,US,XNYS,FTV,us,ordinary,US,USD,BBG00BLVZ228,BBG00BLVZ237,,true,true,0.95,finnhub_directory
FUJH.F,Subaru Corp,US,OTCPK,false,resolved,resolved by name search to FUJHF on US,US,XNYS,FUJHF,us,ordinary,US,USD,BBG000C05Z11,BBG001S6BHX7,,true,true,0.7,finnhub_directory
G,Genpact Limited,BM,,true,resolved,matched US directory as G,US,XNYS,G,us,ordinary,US,USD,BBG000RQBFV2,BBG001SJT2Y2,,true,true,0.95,finnhub_directory
G24,Scout24 SE,CH,SWX,false,resolved,,SW,XSWX,G24,suffixed,ordinary,CH,CHF,BBG00HPS37N9,BBG005ZN5L52,,true,false,0.95,openfigi
G24,Scout24 SE,CH,SWX,false,resolved,,US,OOTC,SCOTF,us,ordinary,US,USD,BBG00QPHW2F1,BBG005ZN5L52,,false,true,0.9,finnhub_directory
G24,Scout24 SE,CH,SWX,false,resolved,,US,OOTC,SCCTY,us,adr,US,USD,BBG00J6P3GL4,BBG00J6P3H96,,false,true,0.75,finnhub_directory
GALD.Y,Galderma Group AG,US,OTCPK,true,resolved,resolved by name search to GDERF on US,US,XNYS,GDERF,us,ordinary,US,USD,BBG01MQCZ1Y7,BBG01LYFLBY6,,true,true,0.7,finnhub_directory
GALD.Y,Galderma Group AG,US,OTCPK,true,resolved,resolved by name search to GDERF on US,US,OOTC,GALDY,us,adr,US,USD,BBG01MNP8B42,BBG01MNP8C68,,false,true,0.7,finnhub_directory
GAP,Gap Inc,US,NYSE,true,resolved,matched US directory as GAP,US,XNYS,GAP,us,ordinary,US,USD,BBG000BKLH74,BBG001S5RNN0,,true,true,0.95,finnhub_directory
GAW,Games Workshop Group PLC,GB,LSE,false,resolved,,LN,XLON,GAW,suffixed,ordinary,GB,GBP,BBG000DMJJ77,BBG001S89BD1,,true,false,0.95,openfigi
GAW,Games Workshop Group PLC,GB,LSE,false,resolved,,US,OOTC,GMWKF,us,ordinary,US,USD,BBG000KNQZW5,BBG001S89BD1,,false,true,0.9,finnhub_directory
GAW,Games Workshop Group PLC,GB,LSE,false,resolved,,US,OOTC,GWKSY,us,adr,US,USD,BBG01T2H8T03,BBG01T2H8TV9,,false,true,0.75,finnhub_directory
GBTG,Global Business Travel Group Inc,US,NYSE,true,resolved,matched US directory as GBTG,US,XNYS,GBTG,us,ordinary,US,USD,BBG00Y52B8J5,BBG00Y52B9C0,,true,true,0.95,finnhub_directory
GCT,GigaCloud Technology Inc,US,NASDAQGM,true,resolved,matched US directory as GCT,US,XNAS,GCT,us,ordinary,US,USD,BBG018PWQD97,BBG018PWQF65,,true,true,0.95,finnhub_directory
GD,General Dynamics Corporation,US,NYSE,true,resolved,matched US directory as GD,US,XNYS,GD,us,ordinary,US,USD,BBG000BK67C7,BBG001S5RHP1,,true,true,0.95,finnhub_directory
GDDY,Godaddy Inc,US,NYSE,true,resolved,matched US directory as GDDY,US,XNYS,GDDY,us,ordinary,US,USD,BBG006MDLY05,BBG006MDLXZ9,,true,true,0.95,finnhub_directory
GE,General Electric Co,US,,true,resolved,matched US directory as GE,US,XNYS,GE,us,ordinary,US,USD,BBG000BK6MB5,BBG001S5PVD5,,true,true,0.95,finnhub_directory
GEBN,Geberit AG,CH,SWX,false,resolved,,SW,XSWX,GEBN,suffixed,ordinary,CH,CHF,BBG000FHLJD6,BBG001SCXW30,,true,false,0.95,openfigi
GEBN,Geberit AG,CH,SWX,false,resolved,,US,OOTC,GBERF,us,ordinary,US,USD,BBG000CZZWX3,BBG001SCXW30,,false,true,0.9,finnhub_directory
GEHC,GE HealthCare Technologies Inc,US,NASDAQGS,true,resolved,matched US directory as GEHC,US,XNAS,GEHC,us,ordinary,US,USD,BBG01BFR8YV1,BBG01BFR8YW0,,true,true,0.95,finnhub_directory
GELY.F,Geely Automobile Holdings Ltd,US,OTCPK,false,resolved,resolved by name search to GELYF on US,US,XNYS,GELYF,us,ordinary,US,USD,BBG000BYKWS9,BBG001SD4Y36,,true,true,0.7,finnhub_directory
GEN,Gen Digital Inc,US,NASDAQGS,true,resolved,matched US directory as GEN,US,XNAS,GEN,us,ordinary,US,USD,BBG000BH2JM1,BBG001S5QG38,,true,true,0.95,finnhub_directory
GEV,GE Vernova LLC,US,NYSE,true,resolved,matched US directory as GEV,US,XNYS,GEV,us,ordinary,US,USD,BBG013G17W31,BBG013G17W77,,true,true,0.95,finnhub_directory
GFS,GlobalFoundries Inc,US,NASDAQGS,true,resolved,matched US directory as GFS,US,XNAS,GFS,us,ordinary,US,USD,BBG000C2L5G9,BBG001SV0YS3,,true,true,0.95,finnhub_directory
GHC,Graham Holdings Co,US,NYSE,true,resolved,matched US directory as GHC,US,XNYS,GHC,us,ordinary,US,USD,BBG000C3FGH9,BBG001S6H317,,true,true,0.95,finnhub_directory
GHC,Graham Holdings Co,US,NYSE,true,resolved,matched US directory as GHC,US,XNYS,GHM,us,ordinary,US,USD,BBG000BKB811,BBG001S5RK92,,false,true,0.75,finnhub_directory
GHM,Graham Corporation,US,NYSE,true,resolved,matched US directory as GHM,US,XNYS,GHM,us,ordinary,US,USD,BBG000BKB811,BBG001S5RK92,,true,true,0.95,finnhub_directory
GHM,Graham Corporation,US,NYSE,true,resolved,matched US directory as GHM,US,XNYS,GHC,us,ordinary,US,USD,BBG000C3FGH9,BBG001S6H317,,false,true,0.75,finnhub_directory
GIB,CGI Inc,CA,NYSE,true,resolved,matched US directory as GIB,US,XNYS,GIB,us,ordinary,US,USD,BBG000FWZL89,BBG001S5YY67,,true,true,0.95,finnhub_directory
GIII,G-III Apparel Group Ltd,US,NASDAQGS,true,resolved,matched US directory as GIII,US,XNAS,GIII,us,ordinary,US,USD,BBG000C2YZ60,BBG001S6F0Z8,,true,true,0.95,finnhub_directory
GILD,Gilead Sciences Inc,US,NASDAQGS,true,resolved,matched US directory as GILD,US,XNAS,GILD,us,ordinary,US,USD,BBG000CKGBP2,BBG001S6Y1X7,,true,true,0.95,finnhub_directory
GILT,Gilat Satellite Networks Ltd,US,NASDAQGS,true,resolved,matched US directory as GILT,US,XNAS,GILT,us,ordinary,US,USD,BBG000BDQ562,BBG001S62VP5,,true,true,0.95,finnhub_directory
GIS,General Mills Inc,US,NYSE,true,resolved,matched US directory as GIS,US,XNYS,GIS,us,ordinary,US,USD,BBG000BKCFC2,BBG001S5RKR2,,true,true,0.95,finnhub_directory
GL,Globe Life Inc,US,NYSE,true,resolved,matched US directory as GL,US,XNYS,GL,us,ordinary,US,USD,BBG000BVD6X4,BBG001S5WRX4,,true,true,0.95,finnhub_directory
GLBE,Global-E Online Ltd,IL,NASDAQGS,true,resolved,matched US directory as GLBE,US,XNAS,GLBE,us,ordinary,US,USD,BBG00ZKY1P71,BBG00ZKY1Q42,,true,true,0.95,finnhub_directory
GLOB,Globant SA,LU,NYSE,true,resolved,matched US directory as GLOB,US,XNYS,GLOB,us,ordinary,US,USD,BBG00564Y443,BBG00564Y4W2,,true,true,0.95,finnhub_directory
GLW,Corning Incorporated,US,NYSE,true,resolved,matched US directory as GLW,US,XNYS,GLW,us,ordinary,US,USD,BBG000BKFZM4,BBG001S5RLH1,,true,true,0.95,finnhub_directory
GM,General Motors Company,US,NYSE,true,resolved,matched US directory as GM,US,XNYS,GM,us,ordinary,US,USD,BBG000NDYB67,BBG001SM1DK6,,true,true,0.95,finnhub_directory
GMBX.F,Grupo Mexico SAB de CV,US,OTCPK,false,resolved,resolved by name search to GMBXF on US,US,XNYS,GMBXF,us,ordinary,US,USD,BBG000BS5R19,BBG001SF7CB7,,true,true,0.7,finnhub_directory
GMED,Globus Medical,US,NYSE,true,resolved,matched US directory as GMED,US,XNYS,GMED,us,ordinary,US,USD,BBG002V87SD0,BBG002V87T57,,true,true,0.95,finnhub_directory
GMWK.F,Games Workshop Group PLC,US,OTCPK,false,resolved,resolved by name search to GWKSY on US,US,XNYS,GWKSY,us,adr,US,USD,BBG01T2H8T03,BBG01T2H8TV9,,true,true,0.7,finnhub_directory
GMWK.F,Games Workshop Group PLC,US,OTCPK,false,resolved,resolved by name search to GWKSY on US,US,OOTC,GMWKF,us,ordinary,US,USD,BBG000KNQZW5,BBG001S89BD1,,false,true,0.7,finnhub_directory
GNRC,Generac Holdings Inc,US,NYSE,true,resolved,matched US directory as GNRC,US,XNYS,GNRC,us,ordinary,US,USD,BBG000PQ4W72,BBG001T5VGH6,,true,true,0.95,finnhub_directory
GNTX,Gentex Corporation,US,NASDAQGS,true,resolved,matched US directory as GNTX,US,XNAS,GNTX,us,ordinary,US,USD,BBG000BKJ092,BBG001S5RMR8,,true,true,0.95,finnhub_directory
GOLD,Goldcom Inc,US,NYSE,true,resolved,no identifier source could confirm this security; using the supplier's US ticker at reduced confidence,US,,GOLD,us,ordinary,US,USD,BBG005ZVDK48,BBG005ZVDK57,,true,true,0.5,finnhub_directory
GOLF,Acushnet Holdings Corp,US,NYSE,true,resolved,matched US directory as GOLF,US,XNYS,GOLF,us,ordinary,US,USD,BBG00D5L3SS4,BBG00D5L3ST3,,true,true,0.95,finnhub_directory
GOOGL,Alphabet Inc,US,,true,resolved,matched US directory as GOOGL,US,XNAS,GOOGL,us,ordinary,US,USD,BBG009S39JX6,BBG009S39JY5,,true,true,0.95,finnhub_directory
GOOGL,Alphabet Inc,US,,true,resolved,matched US directory as GOOGL,US,XNAS,GOOG,us,ordinary,US,USD,BBG009S3NB30,BBG009S3NB21,,false,true,0.75,finnhub_directory
GPC,Genuine Parts Co,US,NYSE,true,resolved,matched US directory as GPC,US,XNYS,GPC,us,ordinary,US,USD,BBG000BKL348,BBG001S5RNH7,,true,true,0.95,finnhub_directory
GPN,Global Payments Inc,US,NYSE,true,resolved,matched US directory as GPN,US,XNYS,GPN,us,ordinary,US,USD,BBG000CX0P89,BBG001SGS2Z8,,true,true,0.95,finnhub_directory
GQPI.L,GQG Partners Inc.,US,OTCPK,false,resolved,resolved by name search to GQPIL on US,US,XNYS,GQPIL,us,depositary,US,USD,BBG0133RCYG4,BBG0131F7GB2,,true,true,0.7,finnhub_directory
GRAB,Grab Holdings Ltd,SG,NASDAQGS,true,resolved,matched US directory as GRAB,US,XNAS,GRAB,us,ordinary,US,USD,BBG011768M53,BBG011768M71,,true,true,0.95,finnhub_directory
GRBK,Green Brick Partners Inc,US,NYSE,true,resolved,matched US directory as GRBK,US,XNYS,GRBK,us,ordinary,US,USD,BBG000QGYG84,BBG001SS5LM9,,true,true,0.95,finnhub_directory
GRC,Gorman-Rupp Company,US,NYSE,true,resolved,matched US directory as GRC,US,XNYS,GRC,us,ordinary,US,USD,BBG000BKN0V2,BBG001S5RP00,,true,true,0.95,finnhub_directory
GRDN,Guardian Pharmacy Services Inc,US,NYSE,true,resolved,matched US directory as GRDN,US,XNYS,GRDN,us,ordinary,US,USD,BBG01JM69P40,BBG01JM69PZ6,,true,true,0.95,finnhub_directory
GRG,Greggs PLC,GB,LSE,false,resolved,,LN,XLON,GRG,suffixed,ordinary,GB,GBP,BBG000BDKLH1,BBG001S624Z4,,true,false,0.95,openfigi
GRG,Greggs PLC,GB,LSE,false,resolved,,US,OOTC,GGGSF,us,ordinary,US,USD,BBG000D1PWH6,BBG001S624Z4,,false,true,0.9,finnhub_directory
GRG,Greggs PLC,GB,LSE,false,resolved,,US,OOTC,GGGSY,us,adr,US,USD,BBG000JSF901,BBG001T3NYB7,,false,true,0.75,finnhub_directory
GRMN,Garmin Ltd,US,NYSE,true,resolved,matched US directory as GRMN,US,XNYS,GRMN,us,ordinary,US,USD,BBG000C4LN67,BBG001SG0H12,,true,true,0.95,finnhub_directory
GRND,Grindr,US,NYSE,true,resolved,matched US directory as GRND,US,XNYS,GRND,us,ordinary,US,USD,BBG00YV3H700,BBG00YV3H7V6,,true,true,0.95,finnhub_directory
GRUMAB,Gruma SAB de CV,MX,BMV,false,resolved,"name match 0.88 against ""GRUMA S.A.B.-B""",MM,XMEX,GRUMAB,suffixed,ordinary,MX,MXN,BBG000LXPKV7,BBG001SF7FF6,,true,false,0.95,openfigi
GRUMAB,Gruma SAB de CV,MX,BMV,false,resolved,"name match 0.88 against ""GRUMA S.A.B.-B""",US,OOTC,GPAGF,us,ordinary,US,USD,BBG000PWJCB2,BBG001SF7FF6,,false,true,0.9,finnhub_directory
GRUMAB,Gruma SAB de CV,MX,BMV,false,resolved,"name match 0.88 against ""GRUMA S.A.B.-B""",US,OOTC,GMKKY,us,adr,US,USD,BBG00BR9R3F4,BBG00BR9R444,,false,true,0.75,finnhub_directory
GS,Goldman Sachs Group Inc,US,NYSE,true,resolved,matched US directory as GS,US,XNYS,GS,us,ordinary,US,USD,BBG000C6CFJ5,BBG001SC07Z6,,true,true,0.95,finnhub_directory
GSL,Global Ship Lease Inc,US,NYSE,true,resolved,matched US directory as GSL,US,XNYS,GSL,us,ordinary,US,USD,BBG000C3TZ64,BBG001SV7NS0,,true,true,0.95,finnhub_directory
GVA,Granite Construction Incorporated,US,NYSE,true,resolved,matched US directory as GVA,US,XNYS,GVA,us,ordinary,US,USD,BBG000DVB833,BBG001S8WD96,,true,true,0.95,finnhub_directory
GWLL.F,Great Wall Motor Co Ltd,US,OTCPK,false,resolved,resolved by name search to GWLLF on US,US,XNYS,GWLLF,us,ordinary,US,USD,BBG000KH7K89,BBG001SFWS51,,true,true,0.7,finnhub_directory
GWRE,Guidewire Software Inc,US,NYSE,true,resolved,matched US directory as GWRE,US,XNYS,GWRE,us,ordinary,US,USD,BBG001C7PM75,BBG001TWHGX5,,true,true,0.95,finnhub_directory
GWW,WW Grainger Inc,US,NYSE,true,resolved,matched US directory as GWW,US,XNYS,GWW,us,ordinary,US,USD,BBG000BKR1D6,BBG001S5RRD2,,true,true,0.95,finnhub_directory
GXO,GXO Logistics Inc,US,NYSE,true,resolved,matched US directory as GXO,US,XNYS,GXO,us,ordinary,US,USD,BBG00YDGX945,BBG00YDGX9Z1,,true,true,0.95,finnhub_directory
GXYE.F,Galaxy Entertainment Group Ltd,US,OTCPK,false,resolved,resolved by name search to GXYEF on US,US,XNYS,GXYEF,us,ordinary,US,USD,BBG000C00HC4,BBG001S70377,,true,true,0.7,finnhub_directory
HAFN,Hafnia Ltd,US,NYSE,true,resolved,matched US directory as HAFN,US,XNYS,HAFN,us,ordinary,US,USD,BBG00RFF7H50,BBG007PK3J70,,true,true,0.95,finnhub_directory
HAL,Halliburton Company,US,NYSE,true,resolved,matched US directory as HAL,US,XNYS,HAL,us,ordinary,US,USD,BBG000BKTFN2,BBG001S5RS59,,true,true,0.95,finnhub_directory
HALO,Halozyme Therapeutics Inc,US,NASDAQGS,true,resolved,matched US directory as HALO,US,XNAS,HALO,us,ordinary,US,USD,BBG000CZ8W54,BBG001SGX585,,true,true,0.95,finnhub_directory
HAS,Hasbro Inc,US,NASDAQGS,true,resolved,matched US directory as HAS,US,XNAS,HAS,us,ordinary,US,USD,BBG000BKVJK4,BBG001S5RSQ6,,true,true,0.95,finnhub_directory
HBAN,Huntington Bancshares Incorporated,US,NASDAQGS,true,resolved,matched US directory as HBAN,US,XNAS,HBAN,us,ordinary,US,USD,BBG000BKWSR6,BBG001S5RSZ6,,true,true,0.95,finnhub_directory
HBM,HudBay Minerals Inc,US,NYSE,true,resolved,matched US directory as HBM,US,XNYS,HBM,us,ordinary,US,USD,BBG000PM99H6,BBG001SL27N7,,true,true,0.95,finnhub_directory
HCA,HCA Holdings Inc,US,NYSE,true,resolved,"likely renamed: catalogue says ""HCA Holdings Inc"", venue says ""HCA HEALTHCARE INC""",US,XNYS,HCA,us,ordinary,US,USD,BBG000QW7VC1,BBG001T8NTY2,,true,true,0.6,finnhub_directory
HCHD.F,Hochschild Mining PLC,US,OTCPK,false,resolved,resolved by name search to HCHDF on US,US,XNYS,HCHDF,us,ordinary,US,USD,BBG000QPFNN3,BBG001SNJV52,,true,true,0.7,finnhub_directory
HCI,HCI Group Inc,US,NYSE,true,resolved,matched US directory as HCI,US,XNYS,HCI,us,ordinary,US,USD,BBG000F4DVC8,BBG001T2C2P6,,true,true,0.95,finnhub_directory
HCXL.F,Hiscox Ltd,US,OTCPK,false,resolved,resolved by name search to HCXLF on US,US,XNYS,HCXLF,us,ordinary,US,USD,BBG000PRWVY1,BBG001S7ZWG5,,true,true,0.7,finnhub_directory
HCXL.F,Hiscox Ltd,US,OTCPK,false,resolved,resolved by name search to HCXLF on US,US,OOTC,HCXLY,us,adr,US,USD,BBG000JX7RJ9,BBG001SBX540,,false,true,0.7,finnhub_directory
HD,Home Depot Inc,US,NYSE,true,resolved,matched US directory as HD,US,XNYS,HD,us,ordinary,US,USD,BBG000BKZB36,BBG001S5RTW7,,true,true,0.95,finnhub_directory
HEI,Heico Corporation,US,NYSE,true,resolved,matched US directory as HEI,US,XNYS,HEI,us,ordinary,US,USD,BBG000BL16Q7,BBG001S5RVC4,,true,true,0.95,finnhub_directory
HEI,Heico Corporation,US,NYSE,true,resolved,matched US directory as HEI,US,XNYS,HEI.A,us,ordinary,US,USD,BBG000F0CD91,BBG001S96YM2,,false,true,0.75,finnhub_directory
HEI.A,Heico Corp A,US,NYSE,true,resolved,matched US directory as HEI.A,US,XNYS,HEI.A,us,ordinary,US,USD,BBG000F0CD91,BBG001S96YM2,,true,true,0.95,finnhub_directory
HEI.A,Heico Corp A,US,NYSE,true,resolved,matched US directory as HEI.A,US,XNYS,HEI,us,ordinary,US,USD,BBG000BL16Q7,BBG001S5RVC4,,false,true,0.75,finnhub_directory
HESM,Hess Midstream Partners LP,US,NYSE,true,resolved,matched US directory as HESM,US,XNYS,HESM,us,ordinary,US,USD,BBG00R02H8D5,BBG00R02H8F3,,true,true,0.95,finnhub_directory
HG,Hamilton Insurance Group Ltd B,BM,NYSE,true,resolved,matched US directory as HG,US,XNYS,HG,us,ordinary,US,USD,BBG01JRQ9QJ3,BBG01JRQ9RC8,,true,true,0.95,finnhub_directory
HGTY,Hagerty Inc,US,NYSE,true,resolved,matched US directory as HGTY,US,XNYS,HGTY,us,ordinary,US,USD,BBG00Z9FKMG1,BBG00Z9FKN97,,true,true,0.95,finnhub_directory
HIG,Hartford Financial Services Group,US,NYSE,true,resolved,"likely renamed: catalogue says ""Hartford Financial Services Group"", venue says ""HARTFORD INSURANCE GROUP INC""",US,XNYS,HIG,us,ordinary,US,USD,BBG000G0Z878,BBG001S8PXF3,,true,true,0.6,finnhub_directory
HII,Huntington Ingalls Industries Inc,US,NYSE,true,resolved,matched US directory as HII,US,XNYS,HII,us,ordinary,US,USD,BBG001KJ2HM9,BBG001V0PDL3,,true,true,0.95,finnhub_directory
HIK,Hikma Pharmaceuticals PLC,GB,LSE,false,resolved,,LN,XLON,HIK,suffixed,ordinary,GB,GBP,BBG000FG1MF1,BBG001SNK879,,true,false,0.95,openfigi
HIK,Hikma Pharmaceuticals PLC,GB,LSE,false,resolved,,US,OOTC,HKMPF,us,ordinary,US,USD,BBG000J7LQT1,BBG001SNK879,,false,true,0.9,finnhub_directory
HILS,Hill & Smith PLC,GB,LSE,false,resolved,,LN,XLON,HILS,suffixed,ordinary,GB,GBP,BBG000BDLLL5,BBG001S627W0,,true,false,0.95,openfigi
HILS,Hill & Smith PLC,GB,LSE,false,resolved,,US,OOTC,HSHPF,us,ordinary,US,USD,BBG000JDHW47,BBG001S627W0,,false,true,0.9,finnhub_directory
HL,Hecla Mining Company,US,NYSE,true,resolved,matched US directory as HL,US,XNYS,HL,us,ordinary,US,USD,BBG000BL5W86,BBG001S5RXF7,,true,true,0.95,finnhub_directory
HLMA,Halma PLC,GB,LSE,false,resolved,,LN,XLON,HLMA,suffixed,ordinary,GB,GBP,BBG000BDLT47,BBG001S628F7,,true,false,0.95,openfigi
HLMA,Halma PLC,GB,LSE,false,resolved,,US,OOTC,HLMAF,us,ordinary,US,USD,BBG000CZJY94,BBG001S628F7,,false,true,0.9,finnhub_directory
HLMA,Halma PLC,GB,LSE,false,resolved,,US,OOTC,HALMY,us,adr,US,USD,BBG00K7H0L49,BBG00K7H0M65,,false,true,0.75,finnhub_directory
HLMA.F,Halma PLC,US,OTCPK,false,resolved,resolved by name search to HLMAF on US,US,XNYS,HLMAF,us,ordinary,US,USD,BBG000CZJY94,BBG001S628F7,,true,true,0.7,finnhub_directory
HLMA.F,Halma PLC,US,OTCPK,false,resolved,resolved by name search to HLMAF on US,US,OOTC,HALMY,us,adr,US,USD,BBG00K7H0L49,BBG00K7H0M65,,false,true,0.7,finnhub_directory
HLNE,Hamilton Lane Inc,US,NASDAQGS,true,resolved,matched US directory as HLNE,US,XNAS,HLNE,us,ordinary,US,USD,BBG00FX58Q66,BBG00FX58Q75,,true,true,0.95,finnhub_directory
HLT,Hilton Worldwide Holdings Inc,US,NYSE,true,resolved,matched US directory as HLT,US,XNYS,HLT,us,ordinary,US,USD,BBG0058KMH30,BBG0058KMH49,,true,true,0.95,finnhub_directory
HLX,Helix Energy Solutions Group Inc,US,NYSE,true,resolved,matched US directory as HLX,US,XNYS,HLX,us,ordinary,US,USD,BBG000J7Q1L9,BBG001S978V8,,true,true,0.95,finnhub_directory
HMDP.F,Hammond Power Solutions Inc,US,OTCPK,false,resolved,resolved by name search to HMDPF on US,US,XNYS,HMDPF,us,ordinary,US,USD,BBG000J50B66,BBG001SBH511,,true,true,0.7,finnhub_directory
HMN,Horace Mann Educators Corporation,US,NYSE,true,resolved,matched US directory as HMN,US,XNYS,HMN,us,ordinary,US,USD,BBG000BL7VL1,BBG001S5RY01,,true,true,0.95,finnhub_directory
HNNM.Y,H & M Hennes & Mauritz AB ADR,US,OTCPK,true,resolved,resolved by name search to HNNMY on US,US,XNYS,HNNMY,us,adr,US,USD,BBG000CVL085,BBG001SVD2P2,,true,true,0.7,finnhub_directory
HNR1,Hannover Rueck SE,US,DB,false,resolved,,GR,XETR,HNR1,suffixed,ordinary,DE,EUR,BBG000MDN4R3,BBG001SFVD28,,true,false,0.95,openfigi
HNR1,Hannover Rueck SE,US,DB,false,resolved,,US,OOTC,HVRRF,us,ordinary,US,USD,BBG000MS3287,BBG001SFVD28,,false,true,0.9,finnhub_directory
HOC,Hochschild Mining PLC,GB,LSE,false,resolved,,LN,XLON,HOC,suffixed,ordinary,GB,GBP,BBG000Q49X82,BBG001SNJV52,,true,false,0.95,openfigi
HOC,Hochschild Mining PLC,GB,LSE,false,resolved,,US,OOTC,HCHDF,us,ordinary,US,USD,BBG000QPFNN3,BBG001SNJV52,,false,true,0.9,finnhub_directory
HON,Honeywell International Inc,US,NASDAQGS,true,resolved,matched US directory as HON,US,XNAS,HON,us,ordinary,US,USD,BBG000H556T9,BBG001S5X1N1,,true,true,0.95,finnhub_directory
HONA,Honeywell Aerospace Inc,US,NASDAQGS,true,resolved,matched US directory as HONA,US,XNAS,HONA,us,ordinary,US,USD,BBG020QYV152,BBG020QYV2Q7,,true,true,0.95,finnhub_directory
HOOD,Robinhood Markets Inc,US,NASDAQGS,true,resolved,matched US directory as HOOD,US,XNAS,HOOD,us,ordinary,US,USD,BBG008NMBXN8,BBG008NMBXP6,,true,true,0.95,finnhub_directory
HOT,Hochtief AG,US,SWX,true,resolved,,SW,XSWX,HOT,suffixed,ordinary,CH,CHF,BBG006TLQKD1,BBG001S68MQ8,,true,false,0.95,openfigi
HOT,Hochtief AG,US,SWX,true,resolved,,US,OOTC,HOCFF,us,ordinary,US,USD,BBG000C14F32,BBG001S68MQ8,,false,true,0.9,finnhub_directory
HPE,Hewlett Packard Enterprise Co,US,NYSE,true,resolved,matched US directory as HPE,US,XNYS,HPE,us,ordinary,US,USD,BBG0078W3NQ3,BBG0078W3NP4,,true,true,0.95,finnhub_directory
HPQ,HP Inc,US,NYSE,true,resolved,matched US directory as HPQ,US,XNYS,HPQ,us,ordinary,US,USD,BBG000KHWT55,BBG001S6W7N7,,true,true,0.95,finnhub_directory
HQY,Healthequity Inc,US,NASDAQGS,true,resolved,matched US directory as HQY,US,XNAS,HQY,us,ordinary,US,USD,BBG000TYXCT9,BBG001T8JKN8,,true,true,0.95,finnhub_directory
HRL,Hormel Foods Corporation,US,NYSE,true,resolved,matched US directory as HRL,US,XNYS,HRL,us,ordinary,US,USD,BBG000BLF8D2,BBG001S5S0D0,,true,true,0.95,finnhub_directory
HRMY,Harmony Biosciences Holdings,US,NASDAQGM,true,resolved,matched US directory as HRMY,US,XNAS,HRMY,us,ordinary,US,USD,BBG00WBPG4C2,BBG00WBPG548,,true,true,0.95,finnhub_directory
HSIC,Henry Schein Inc,US,NASDAQGS,true,resolved,matched US directory as HSIC,US,XNAS,HSIC,us,ordinary,US,USD,BBG000BNMMJ3,BBG001S6S7F1,,true,true,0.95,finnhub_directory
HST,Host Hotels & Resorts Inc,US,NASDAQGS,true,resolved,matched US directory as HST,US,XNAS,HST,us,other,US,USD,BBG000BL8804,BBG001S5RY83,,true,true,0.95,finnhub_directory
HSX,Hiscox Ltd,GB,LSE,false,resolved,,LN,XLON,HSX,suffixed,ordinary,GB,GBP,BBG000FD8G46,BBG001S7ZWG5,,true,false,0.95,openfigi
HSX,Hiscox Ltd,GB,LSE,false,resolved,,US,OOTC,HCXLF,us,ordinary,US,USD,BBG000PRWVY1,BBG001S7ZWG5,,false,true,0.9,finnhub_directory
HSX,Hiscox Ltd,GB,LSE,false,resolved,,US,OOTC,HCXLY,us,adr,US,USD,BBG000JX7RJ9,BBG001SBX540,,false,true,0.75,finnhub_directory
HSY,Hershey Co,US,NYSE,true,resolved,matched US directory as HSY,US,XNYS,HSY,us,ordinary,US,USD,BBG000BLHRS2,BBG001S5S148,,true,true,0.95,finnhub_directory
HTWS,Helios Towers Plc,GB,LSE,false,resolved,,LN,XLON,HTWS,suffixed,ordinary,GB,GBP,BBG00K7MFFV5,BBG00K7MFFY2,,true,false,0.95,openfigi
HTWS,Helios Towers Plc,GB,LSE,false,resolved,,US,OOTC,HTWSF,us,ordinary,US,USD,BBG00WLLNLD3,BBG00K7MFFY2,,false,true,0.9,finnhub_directory
HUBB,Hubbell Inc,US,NYSE,true,resolved,matched US directory as HUBB,US,XNYS,HUBB,us,ordinary,US,USD,BBG000BLK267,BBG001S5S1L9,,true,true,0.95,finnhub_directory
HUBS,HubSpot Inc,US,NYSE,true,resolved,matched US directory as HUBS,US,XNYS,HUBS,us,ordinary,US,USD,BBG000N7MZ06,BBG001T53670,,true,true,0.95,finnhub_directory
HUM,Humana Inc,US,NYSE,true,resolved,matched US directory as HUM,US,XNYS,HUM,us,ordinary,US,USD,BBG000BLKK03,BBG001S5S1X6,,true,true,0.95,finnhub_directory
HURN,Huron Consulting Group Inc,US,NASDAQGS,true,resolved,matched US directory as HURN,US,XNAS,HURN,us,ordinary,US,USD,BBG000PV2M48,BBG001SLSXM3,,true,true,0.95,finnhub_directory
HWKN,Hawkins Inc,US,NASDAQGS,true,resolved,matched US directory as HWKN,US,XNAS,HWKN,us,ordinary,US,USD,BBG000BLLWV2,BBG001S5S282,,true,true,0.95,finnhub_directory
HWM,Howmet Aerospace Inc,US,NYSE,true,resolved,matched US directory as HWM,US,XNYS,HWM,us,ordinary,US,USD,BBG00DYNJGH9,BBG00DYNJH69,,true,true,0.95,finnhub_directory
IAG,Iamgold Corporation,CA,,true,resolved,matched US directory as IAG,US,XNYS,IAG,us,ordinary,US,USD,BBG000LL9LQ5,BBG001S8SMV6,,true,true,0.95,finnhub_directory
IBAD.F,"Inaba Denki Sangyo Co.,Ltd.",US,OTCPK,false,resolved,resolved by name search to IBADF on US,US,XNYS,IBADF,us,ordinary,US,USD,BBG000NYJBC1,BBG001S76QZ9,,true,true,0.7,finnhub_directory
IBKR,Interactive Brokers Group Inc,US,NASDAQGS,true,resolved,matched US directory as IBKR,US,XNAS,IBKR,us,ordinary,US,USD,BBG000LV0836,BBG001SQ4YC7,,true,true,0.95,finnhub_directory
IBM,International Business Machines,US,NYSE,true,resolved,matched US directory as IBM,US,XNYS,IBM,us,ordinary,US,USD,BBG000BLNNH6,BBG001S5S399,,true,true,0.95,finnhub_directory
ICE,Intercontinental Exchange Inc,US,NYSE,true,resolved,matched US directory as ICE,US,XNYS,ICE,us,ordinary,US,USD,BBG000C1FB75,BBG001SDJ4R0,,true,true,0.95,finnhub_directory
ICTE.F,"International Container Terminal Services, Inc.",US,OTCPK,false,resolved,resolved by name search to ICTEF on US,US,XNYS,ICTEF,us,ordinary,US,USD,BBG000BX7JH7,BBG001S8JCN7,,true,true,0.7,finnhub_directory
IDCC,InterDigital Inc,US,NASDAQGS,true,resolved,matched US directory as IDCC,US,XNAS,IDCC,us,ordinary,US,USD,BBG000HLJ7M4,BBG001S8DV79,,true,true,0.95,finnhub_directory
IDXX,IDEXX Laboratories Inc,US,NASDAQGS,true,resolved,matched US directory as IDXX,US,XNAS,IDXX,us,ordinary,US,USD,BBG000BLRT07,BBG001S5S4Y9,,true,true,0.95,finnhub_directory
IESC,IES Holdings Inc,US,NASDAQGM,true,resolved,matched US directory as IESC,US,XNAS,IESC,us,ordinary,US,USD,BBG000PHV438,BBG001SR2L71,,true,true,0.95,finnhub_directory
IEX,IDEX Corporation,US,NYSE,true,resolved,matched US directory as IEX,US,XNYS,IEX,us,ordinary,US,USD,BBG000C1HN22,BBG001S67N14,,true,true,0.95,finnhub_directory
IFC,Intact Financial Corporation,CA,TSX,false,resolved,,CN,XTSE,IFC,suffixed,ordinary,CA,CAD,BBG000QDQ4F9,BBG001SMH2T4,,true,false,0.95,openfigi
IFC,Intact Financial Corporation,CA,TSX,false,resolved,,US,OOTC,IFCZF,us,ordinary,US,USD,BBG000Q9QBV4,BBG001SMH2T4,,false,true,0.9,finnhub_directory
IFC,Intact Financial Corporation,CA,TSX,false,resolved,,US,OOTC,INFFF,us,other,US,USD,,,,false,true,0.75,finnhub_directory
IFC,Intact Financial Corporation,CA,TSX,false,resolved,,US,OOTC,IFTPF,us,other,US,USD,,,,false,true,0.75,finnhub_directory
IFC,Intact Financial Corporation,CA,TSX,false,resolved,,US,OOTC,INTAF,us,other,US,USD,,,,false,true,0.75,finnhub_directory
IFC,Intact Financial Corporation,CA,TSX,false,resolved,,US,OOTC,ITFCY,us,adr,US,USD,BBG01VV0LY70,BBG01VV0LZ68,,false,true,0.75,finnhub_directory
IFCN,Inficon Holding,CH,SWX,false,resolved,,SW,XSWX,IFCN,suffixed,ordinary,CH,CHF,BBG000CMKZ52,BBG001S8GBM3,,true,false,0.95,openfigi
IFCN,Inficon Holding,CH,SWX,false,resolved,,US,OOTC,IFCNF,us,ordinary,US,USD,BBG000BDZXM3,BBG001S8GBM3,,false,true,0.9,finnhub_directory
IFF,International Flavors & Fragrances Inc,US,NYSE,true,resolved,matched US directory as IFF,US,XNYS,IFF,us,ordinary,US,USD,BBG000BLSL58,BBG001S5S5F7,,true,true,0.95,finnhub_directory
IGIC,International General Insurance Holdings Ltd,JO,NASDAQCM,true,resolved,matched US directory as IGIC,US,XNAS,IGIC,us,ordinary,US,USD,BBG00QX7WLC5,BBG00QX7WLD4,,true,true,0.95,finnhub_directory
IGIF.F,IGM Financial Inc,US,OTCPK,false,resolved,resolved by name search to IGIFF on US,US,XNYS,IGIFF,us,ordinary,US,USD,BBG000K514H7,BBG001S5Z667,,true,true,0.7,finnhub_directory
III,3I Group PLC,US,LSE,true,resolved,,LN,XLON,III,suffixed,ordinary,GB,GBP,BBG000BZZ876,BBG001S7L828,,true,false,0.95,openfigi
III,3I Group PLC,US,LSE,true,resolved,,US,OOTC,TGOPF,us,ordinary,US,USD,BBG000P9VNR8,BBG001S7L828,,false,true,0.9,finnhub_directory
III,3I Group PLC,US,LSE,true,resolved,,US,OOTC,TGOPY,us,adr,US,USD,BBG000Q4KV74,BBG001SQQX44,,false,true,0.75,finnhub_directory
IMAX,Imax Corporation,CA,NYSE,true,resolved,matched US directory as IMAX,US,XNYS,IMAX,us,ordinary,US,USD,BBG000K8KKL9,BBG001S5Z701,,true,true,0.95,finnhub_directory
IN,Infield Minerals Corp,CA,TSXV,false,resolved,,CV,XTSX,IN,suffixed,ordinary,CA,CAD,BBG00JXQR317,BBG00JXQR2W5,,true,false,0.95,openfigi
IN,Infield Minerals Corp,CA,TSXV,false,resolved,,US,OOTC,INMLF,us,ordinary,US,USD,BBG0238TDDY9,BBG00JXQR2W5,,false,true,0.9,finnhub_directory
INCY,Incyte Corporation,US,NASDAQGS,true,resolved,matched US directory as INCY,US,XNAS,INCY,us,ordinary,US,USD,BBG000BNPSQ9,BBG001S8Q6N2,,true,true,0.95,finnhub_directory
INOD,Innodata Inc,US,NASDAQGM,true,resolved,matched US directory as INOD,US,XNAS,INOD,us,ordinary,US,USD,BBG000BHZYZ8,BBG001S7DVN3,,true,true,0.95,finnhub_directory
INSP,Inspire Medical Systems Inc,US,NYSE,true,resolved,matched US directory as INSP,US,XNYS,INSP,us,ordinary,US,USD,BBG00209SZJ7,BBG00209SZK5,,true,true,0.95,finnhub_directory
INTC,Intel Corporation,US,NASDAQGS,true,resolved,matched US directory as INTC,US,XNAS,INTC,us,ordinary,US,USD,BBG000C0G1D1,BBG001S5SF65,,true,true,0.95,finnhub_directory
INTU,Intuit Inc,US,NASDAQGS,true,resolved,matched US directory as INTU,US,XNAS,INTU,us,ordinary,US,USD,BBG000BH5DV1,BBG001S6TWR2,,true,true,0.95,finnhub_directory
INVA,Innoviva Inc,US,NASDAQGS,true,resolved,matched US directory as INVA,US,XNAS,INVA,us,ordinary,US,USD,BBG000CG9XT7,BBG001SF23V0,,true,true,0.95,finnhub_directory
INVH,Invitation Homes Inc,US,NYSE,true,resolved,matched US directory as INVH,US,XNYS,INVH,us,other,US,USD,BBG00FQH6BS9,BBG00FQH6CJ7,,true,true,0.95,finnhub_directory
INVX,Innovex International Inc,US,NYSE,true,resolved,matched US directory as INVX,US,XNYS,INVX,us,ordinary,US,USD,BBG000BVDBY2,BBG001SB9LK4,,true,true,0.95,finnhub_directory
IP,International Paper,US,NYSE,true,resolved,matched US directory as IP,US,XNYS,IP,us,ordinary,US,USD,BBG000BM5SR2,BBG001S5SBF4,,true,true,0.95,finnhub_directory
IP,International Paper,US,NYSE,true,resolved,matched US directory as IP,US,OOTC,INPAP,us,other,US,USD,,,,false,true,0.75,finnhub_directory
IPAR,Inter Parfums Inc,US,NASDAQGS,true,resolved,matched US directory as IPAR,US,XNAS,IPAR,us,ordinary,US,USD,BBG000GCSWR5,BBG001SD06N9,,true,true,0.95,finnhub_directory
IPHX.F,Phoenix Financial Ltd.,US,OTCPK,false,resolved,resolved by name search to IPHXF on US,US,XNYS,IPHXF,us,ordinary,US,USD,BBG00361M5H0,BBG001S8QBG9,,true,true,0.7,finnhub_directory
IPOA.F,Industrias Penoles SAB de CV,US,OTCPK,false,resolved,resolved by name search to IPOAF on US,US,XNYS,IPOAF,us,ordinary,US,USD,BBG000BLXD14,BBG001S6M6N0,,true,true,0.7,finnhub_directory
IQV,IQVIA Holdings Inc,US,NYSE,true,resolved,matched US directory as IQV,US,XNYS,IQV,us,ordinary,US,USD,BBG00333FYS2,BBG00333FZ54,,true,true,0.95,finnhub_directory
IR,Ingersoll Rand Inc,US,NYSE,true,resolved,matched US directory as IR,US,XNYS,IR,us,ordinary,US,USD,BBG002R1CW27,BBG002R1CW36,,true,true,0.95,finnhub_directory
IRDM,Iridium Communications Inc,US,NASDAQGS,true,resolved,matched US directory as IRDM,US,XNAS,IRDM,us,ordinary,US,USD,BBG000VC0FC1,BBG001T21JT7,,true,true,0.95,finnhub_directory
IRM,Iron Mountain Incorporated,US,NYSE,true,resolved,matched US directory as IRM,US,XNYS,IRM,us,other,US,USD,BBG000KCZPC3,BBG001SCQ2X1,,true,true,0.95,finnhub_directory
IRMD,Iradimed Co,US,NASDAQGM,true,resolved,matched US directory as IRMD,US,XNAS,IRMD,us,ordinary,US,USD,BBG006NM92X2,BBG006NM92Y1,,true,true,0.95,finnhub_directory
ISRG,Intuitive Surgical Inc,US,NASDAQGS,true,resolved,matched US directory as ISRG,US,XNAS,ISRG,us,ordinary,US,USD,BBG000BJPDZ1,BBG001S7XR78,,true,true,0.95,finnhub_directory
IT,Gartner Inc,US,NYSE,true,resolved,matched US directory as IT,US,XNYS,IT,us,ordinary,US,USD,BBG000BB65D0,BBG001S5SD60,,true,true,0.95,finnhub_directory
ITGR,Integer Holdings Corp,US,NYSE,true,resolved,matched US directory as ITGR,US,XNYS,ITGR,us,ordinary,US,USD,BBG000BW6JV4,BBG001SFBS27,,true,true,0.95,finnhub_directory
ITRI,Itron Inc,US,NASDAQGS,true,resolved,matched US directory as ITRI,US,XNAS,ITRI,us,ordinary,US,USD,BBG000BD2167,BBG001S6DJQ9,,true,true,0.95,finnhub_directory
ITT,ITT Inc,US,NYSE,true,resolved,matched US directory as ITT,US,XNYS,ITT,us,ordinary,US,USD,BBG00CVQZQ96,BBG00CVQZQB3,,true,true,0.95,finnhub_directory
ITW,Illinois Tool Works Inc,US,NYSE,true,resolved,matched US directory as ITW,US,XNYS,ITW,us,ordinary,US,USD,BBG000BMBL90,BBG001S5SDX0,,true,true,0.95,finnhub_directory
IVZ,Invesco Plc,US,NYSE,true,resolved,matched US directory as IVZ,US,XNYS,IVZ,us,ordinary,US,USD,BBG000BY2Y78,BBG001S9RD81,,true,true,0.95,finnhub_directory
J,Jacobs Engineering Group Inc,US,NYSE,true,resolved,"likely renamed: catalogue says ""Jacobs Engineering Group Inc"", venue says ""JACOBS SOLUTIONS INC""",US,XNYS,J,us,ordinary,US,USD,BBG019C1BQR4,BBG019C1BQS3,,true,true,0.6,finnhub_directory
JAPA.F,Japan Tobacco Inc,US,OTCPK,false,resolved,resolved by name search to JAPAF on US,US,XNYS,JAPAF,us,ordinary,US,USD,BBG000M0VFT5,BBG001S87PK4,,true,true,0.7,finnhub_directory
JAPA.F,Japan Tobacco Inc,US,OTCPK,false,resolved,resolved by name search to JAPAF on US,US,OOTC,JAPAY,us,adr,US,USD,BBG0074G7168,BBG0074G71Y7,,false,true,0.7,finnhub_directory
JBHT,JB Hunt Transport Services Inc,US,NASDAQGS,true,resolved,matched US directory as JBHT,US,XNAS,JBHT,us,ordinary,US,USD,BBG000BMDBZ1,BBG001S5SFY4,,true,true,0.95,finnhub_directory
JBL,Jabil Circuit Inc,US,NYSE,true,resolved,"likely renamed: catalogue says ""Jabil Circuit Inc"", venue says ""JABIL INC""",US,XNYS,JBL,us,ordinary,US,USD,BBG000BJNGN9,BBG001S7RB70,,true,true,0.6,finnhub_directory
JBS,JBS NV,US,NYSE,true,resolved,matched US directory as JBS,US,XNYS,JBS,us,ordinary,US,USD,BBG01V30BCK5,BBG01V30BCM3,,true,true,0.95,finnhub_directory
JBSS,John B Sanfilippo & Son Inc,US,NASDAQGS,true,resolved,matched US directory as JBSS,US,XNAS,JBSS,us,ordinary,US,USD,BBG000CHPMY5,BBG001S6WMC6,,true,true,0.95,finnhub_directory
JBTM,JBTMarel Corp,US,NYSE,true,resolved,matched US directory as JBTM,US,XNYS,JBTM,us,ordinary,US,USD,BBG000VLBCQ1,BBG001SQLKR2,,true,true,0.95,finnhub_directory
JCI,Johnson Controls International PLC,IE,NYSE,true,resolved,matched US directory as JCI,US,XNYS,JCI,us,ordinary,US,USD,BBG000BVWLJ6,BBG001S5WZ84,,true,true,0.95,finnhub_directory
JEN,Jensen-Group,BE,ENXTBR,false,resolved,,BB,XBRU,JEN,suffixed,ordinary,BE,EUR,BBG000CQ7894,BBG001SGRS55,,true,false,0.95,openfigi
JHG,Janus Henderson Group PLC,US,NYSE,true,resolved,no identifier source could confirm this security; using the supplier's US ticker at reduced confidence,US,,JHG,us,ordinary,US,USD,,,,true,true,0.5,catalogue
JHIU.F,James Hardie Industries plc,US,OTCPK,false,resolved,resolved by name search to JHX on US,US,XNYS,JHX,us,ordinary,US,USD,BBG000C1HL99,BBG001SD0CF5,,true,true,0.7,finnhub_directory
JKHY,Jack Henry & Associates Inc,US,NASDAQGS,true,resolved,matched US directory as JKHY,US,XNAS,JKHY,us,ordinary,US,USD,BBG000BMH2Q7,BBG001S5SHB5,,true,true,0.95,finnhub_directory
JNJ,Johnson & Johnson,US,,true,resolved,matched US directory as JNJ,US,XNYS,JNJ,us,ordinary,US,USD,BBG000BMHYD1,BBG001S5SHQ9,,true,true,0.95,finnhub_directory
JPM,JPMorgan Chase & Co,US,NYSE,true,resolved,matched US directory as JPM,US,XNYS,JPM,us,ordinary,US,USD,BBG000DMBXR2,BBG001S8CRC3,,true,true,0.95,finnhub_directory
KARO,Karooooo Ltd,US,NASDAQCM,true,resolved,matched US directory as KARO,US,XNAS,KARO,us,ordinary,US,USD,BBG00PQMJSW0,BBG00PQMJSX9,,true,true,0.95,finnhub_directory
KBR,KBR Inc,US,NYSE,true,resolved,matched US directory as KBR,US,XNYS,KBR,us,ordinary,US,USD,BBG000P28YZ6,BBG001SP11V3,,true,true,0.95,finnhub_directory
KDP,Keurig Dr Pepper Inc,US,NASDAQGS,true,resolved,matched US directory as KDP,US,XNAS,KDP,us,ordinary,US,USD,BBG000TJM7F0,BBG001ST5W34,,true,true,0.95,finnhub_directory
KEDA,Keda Industrial Group Co Ltd DRC,CH,SWX,false,resolved,"name match 0.92 against ""KEDA INDUSTRIAL GROUP CO-GDR""",SW,XSWX,KEDA,suffixed,gdr,CH,CHF,BBG018YPXZ77,BBG018YPXZG7,,true,false,0.95,openfigi
KEY,KeyCorp,US,NYSE,true,resolved,matched US directory as KEY,US,XNYS,KEY,us,ordinary,US,USD,BBG000BMQPL1,BBG001S5SKV6,,true,true,0.95,finnhub_directory
KEYS,Keysight Technologies Inc,US,NYSE,true,resolved,matched US directory as KEYS,US,XNYS,KEYS,us,ordinary,US,USD,BBG0059FN811,BBG0059FN820,,true,true,0.95,finnhub_directory
KG,Kinross Gold Corp,US,SWX,true,resolved,,SW,XSWX,KG,suffixed,ordinary,CH,CHF,BBG006TLRB95,BBG001S5R0C2,,true,false,0.95,openfigi
KG,Kinross Gold Corp,US,SWX,true,resolved,,US,XNYS,KGC,us,ordinary,US,USD,BBG000BB2DM7,BBG001S5R0C2,,false,true,0.9,finnhub_directory
KG,Kinross Gold Corp,US,SWX,true,resolved,,US,OOTC,KGCRF,us,other,US,USD,BBG01N91RVP1,BBG01N91RWL3,,false,true,0.75,finnhub_directory
KGC,Kinross Gold Corp,US,NYSE,true,resolved,matched US directory as KGC,US,XNYS,KGC,us,ordinary,US,USD,BBG000BB2DM7,BBG001S5R0C2,,true,true,0.95,finnhub_directory
KGC,Kinross Gold Corp,US,NYSE,true,resolved,matched US directory as KGC,US,OOTC,KGCRF,us,other,US,USD,BBG01N91RVP1,BBG01N91RWL3,,false,true,0.75,finnhub_directory
KGS,Kodiak Gas Services Inc,US,NYSE,true,resolved,matched US directory as KGS,US,XNYS,KGS,us,ordinary,US,USD,BBG01G4G6XV0,BBG01G4G6YQ4,,true,true,0.95,finnhub_directory
KHC,Kraft Heinz Co,US,NASDAQGS,true,resolved,matched US directory as KHC,US,XNAS,KHC,us,ordinary,US,USD,BBG005CPNTQ2,BBG005CPNTR1,,true,true,0.95,finnhub_directory
KID,Kid ASA,NO,OB,false,resolved,,NO,XOSL,KID,suffixed,ordinary,NO,NOK,BBG00B45YNW6,BBG00B45YNT0,,true,false,0.95,openfigi
KIM,Kimco Realty Corp,US,NYSE,true,resolved,matched US directory as KIM,US,XNYS,KIM,us,other,US,USD,BBG000CN3S73,BBG001S70279,,true,true,0.95,finnhub_directory
KITS,Kits Eyecare Ltd,CA,TSX,false,resolved,,CN,XTSE,KITS,suffixed,ordinary,CA,CAD,BBG00YJRXTT4,BBG00YJRXTV1,,true,false,0.95,openfigi
KITS,Kits Eyecare Ltd,CA,TSX,false,resolved,,US,OOTC,KTYCF,us,ordinary,US,USD,BBG00ZXPYHR6,BBG00YJRXTV1,,false,true,0.9,finnhub_directory
KKR,KKR & Co LP,US,NYSE,true,resolved,matched US directory as KKR,US,XNYS,KKR,us,ordinary,US,USD,BBG000BCQ6J8,BBG001S6PW05,,true,true,0.95,finnhub_directory
KLAC,KLA Corporation,US,,true,resolved,matched US directory as KLAC,US,XNAS,KLAC,us,ordinary,US,USD,BBG000BMTFR4,BBG001S5SLM4,,true,true,0.95,finnhub_directory
KMB,Kimberly-Clark Corp,US,NASDAQGS,true,resolved,matched US directory as KMB,US,XNAS,KMB,us,ordinary,US,USD,BBG000BMW2Z0,BBG001S5SLZ0,,true,true,0.95,finnhub_directory
KMI,Kinder Morgan Inc,US,NYSE,true,resolved,matched US directory as KMI,US,XNYS,KMI,us,ordinary,US,USD,BBG0019JZ882,BBG001TG2YZ5,,true,true,0.95,finnhub_directory
KN,Knowles Cor,US,NYSE,true,resolved,"likely renamed: catalogue says ""Knowles Cor"", venue says ""KNOWLES CORP""",US,XNYS,KN,us,ordinary,US,USD,BBG004M8M6J1,BBG004M8M6K9,,true,true,0.6,finnhub_directory
KNF,Knife River Corp,US,NYSE,true,resolved,matched US directory as KNF,US,XNYS,KNF,us,ordinary,US,USD,BBG002N3N2R4,BBG002N3N2W8,,true,true,0.95,finnhub_directory
KNM,Konami Holdings Corporation,GB,LSE,false,resolved,,LN,XLON,KNM,suffixed,ordinary,GB,GBP,BBG000BXJR40,BBG001S6GB83,,true,false,0.95,openfigi
KNM,Konami Holdings Corporation,GB,LSE,false,resolved,,US,OOTC,KNAMF,us,ordinary,US,USD,BBG000F0G4Q8,BBG001S6GB83,,false,true,0.9,finnhub_directory
KNSA,Kiniksa Pharmaceuticals Ltd,US,NASDAQGS,true,resolved,matched US directory as KNSA,US,XNAS,KNSA,us,ordinary,US,USD,BBG00KT2KFX7,BBG00KT2KGM7,,true,true,0.95,finnhub_directory
KNSL,Kinsale Capital Group Inc,US,NYSE,true,resolved,matched US directory as KNSL,US,XNYS,KNSL,us,ordinary,US,USD,BBG00D8JD9Z9,BBG00D8JDB02,,true,true,0.95,finnhub_directory
KNTN.F,K92 Mining Inc,US,OTCPK,false,resolved,resolved by name search to KNTNF on US,US,XNYS,KNTNF,us,ordinary,US,USD,BBG00D0H85P6,BBG001TCWD14,,true,true,0.7,finnhub_directory
KO,Coca-Cola Co,US,NYSE,true,resolved,matched US directory as KO,US,XNYS,KO,us,ordinary,US,USD,BBG000BMX289,BBG001S5SMQ8,,true,true,0.95,finnhub_directory
KR,Kroger Company,US,NYSE,true,resolved,matched US directory as KR,US,XNYS,KR,us,ordinary,US,USD,BBG000BMY992,BBG001S5SN40,,true,true,0.95,finnhub_directory
KRI,Kri-Kri Milk,US,ATSE,false,resolved,"name match 0.92 against ""KRI-KRI MILK INDUSTRY SA""",GA,XATH,KRI,suffixed,ordinary,GR,EUR,BBG000BP5K29,BBG001SDSFX8,,true,false,0.95,openfigi
KSPI,Kaspi.kz AO ADR,KZ,NASDAQGS,true,resolved,"likely renamed: catalogue says ""Kaspi.kz AO ADR"", venue says ""JSC KASPI.KZ ADR""",US,XNYS,KSPI,us,adr,US,USD,BBG00NNN9QQ8,BBG00QD4Z4X6,,true,true,0.6,finnhub_directory
KTB,Kontoor Brands Inc,US,NYSE,true,resolved,matched US directory as KTB,US,XNYS,KTB,us,ordinary,US,USD,BBG00LPTHYD5,BBG00LPTHYM5,,true,true,0.95,finnhub_directory
KTOS,Kratos Defense & Security Solutions,US,NASDAQGS,true,resolved,matched US directory as KTOS,US,XNAS,KTOS,us,ordinary,US,USD,BBG000C1HQ43,BBG001SD5VL1,,true,true,0.95,finnhub_directory
KVUE,Kenvue Inc,US,NYSE,true,resolved,matched US directory as KVUE,US,XNYS,KVUE,us,ordinary,US,USD,BBG01C79X561,BBG01C79X614,,true,true,0.95,finnhub_directory
KXSC.F,Kinaxis Inc.,US,OTCPK,false,resolved,resolved by name search to KXSCF on US,US,XNYS,KXSCF,us,ordinary,US,USD,BBG006W7VJZ1,BBG002GM1FB2,,true,true,0.7,finnhub_directory
KYCC.F,Keyence Corp,US,OTCPK,false,resolved,resolved by name search to KYCCF on US,US,XNYS,KYCCF,us,ordinary,US,USD,BBG000DV3KJ8,BBG001S6JLS6,,true,true,0.7,finnhub_directory
L,Loews Corp,US,NYSE,true,resolved,matched US directory as L,US,XNYS,L,us,ordinary,US,USD,BBG000C45984,BBG001S6KQC0,,true,true,0.95,finnhub_directory
LAUR,Laureate Education Inc,US,NASDAQGS,true,resolved,matched US directory as LAUR,US,XNAS,LAUR,us,ordinary,US,USD,BBG00B4Z2YX0,BBG00B4Z2YY9,,true,true,0.95,finnhub_directory
LBGU.F,L E Lundbergföretagen AB (publ),US,OTCPK,false,unresolved,no identifier matched this ticker and name,,,,,,,,,,,,,,
LCSH.F,Lancashire Holdings Ltd,US,OTCPK,false,resolved,resolved by name search to LCSHF on US,US,XNYS,LCSHF,us,ordinary,US,USD,BBG000NCD0Z4,BBG001SKRQ05,,true,true,0.7,finnhub_directory
LCSH.F,Lancashire Holdings Ltd,US,OTCPK,false,resolved,resolved by name search to LCSHF on US,US,OOTC,LCSHY,us,adr,US,USD,BBG00RTY2DC0,BBG00RTY2F35,,false,true,0.7,finnhub_directory
LDOS,Leidos Holdings Inc,US,NYSE,true,resolved,matched US directory as LDOS,US,XNYS,LDOS,us,ordinary,US,USD,BBG000C23PB0,BBG001SKW6M9,,true,true,0.95,finnhub_directory
LEN,Lennar Corporation,US,NYSE,true,resolved,matched US directory as LEN,US,XNYS,LEN,us,ordinary,US,USD,BBG000BN5HF7,BBG001S5SRK3,,true,true,0.95,finnhub_directory
LEN,Lennar Corporation,US,NYSE,true,resolved,matched US directory as LEN,US,XNYS,LEN.WD,us,other,US,USD,,,,false,true,0.75,finnhub_directory
LEN,Lennar Corporation,US,NYSE,true,resolved,matched US directory as LEN,US,XNYS,LEN.B,us,ordinary,US,USD,BBG000KKVD81,BBG001SKR1T9,,false,true,0.75,finnhub_directory
LEU,Centrus Energy,US,NYSE,true,resolved,matched US directory as LEU,US,XNYS,LEU,us,ordinary,US,USD,BBG000BQ2JM1,BBG001S9F7B3,,true,true,0.95,finnhub_directory
LEVI,Levi Strauss & Co Class A,US,NYSE,true,resolved,matched US directory as LEVI,US,XNYS,LEVI,us,ordinary,US,USD,BBG000BQDF10,BBG001S9NVN8,,true,true,0.95,finnhub_directory
LFST,Lifestance Health Group Inc,US,NASDAQGS,true,resolved,matched US directory as LFST,US,XNAS,LFST,us,ordinary,US,USD,BBG01138DGZ7,BBG01138DHT2,,true,true,0.95,finnhub_directory
LGEN,Legal & General Group PLC,GB,LSE,false,resolved,,LN,XLON,LGEN,suffixed,ordinary,GB,GBP,BBG000BDQCG6,BBG001S62JD5,,true,false,0.95,openfigi
LGEN,Legal & General Group PLC,GB,LSE,false,resolved,,US,OOTC,LGGNF,us,ordinary,US,USD,BBG000CYN586,BBG001S62JD5,,false,true,0.9,finnhub_directory
LGND,Ligand Pharmaceuticals Incorporated,US,NASDAQGM,true,resolved,matched US directory as LGND,US,XNAS,LGND,us,ordinary,US,USD,BBG000BKF014,BBG001S8CH99,,true,true,0.95,finnhub_directory
LH,Labcorp Holdings Inc,US,NYSE,true,resolved,matched US directory as LH,US,XNYS,LH,us,ordinary,US,USD,BBG01MMT6PL7,BBG01MMT6PQ2,,true,true,0.95,finnhub_directory
LHX,L3Harris Technologies Inc,US,NYSE,true,resolved,matched US directory as LHX,US,XNYS,LHX,us,ordinary,US,USD,BBG000BLGFJ9,BBG001S5S0N9,,true,true,0.95,finnhub_directory
LICI,Life Insurance Corporation Of India,US,NSEI,false,resolved,"name match 0.92 against ""LIFE INSURANCE CORPORATION""",IS,XNSE,LICI,suffixed,ordinary,IN,INR,BBG015D3B9P7,BBG001SFZQT6,,true,false,0.95,openfigi
LIF,Life360 Inc,US,NASDAQGS,true,resolved,matched US directory as LIF,US,XNAS,LIF,us,ordinary,US,USD,BBG00256NGB3,BBG00256NGD1,,true,true,0.95,finnhub_directory
LIFX,"Life360, Inc.",US,OTCPK,true,resolved,"likely renamed: catalogue says ""Life360, Inc."", venue says ""LIFE360 INC-CDI""",US,XNYS,LIFX,us,depositary,US,USD,BBG00PT90896,BBG00NV88776,,true,true,0.6,openfigi
LIFX,"Life360, Inc.",US,OTCPK,true,resolved,"likely renamed: catalogue says ""Life360, Inc."", venue says ""LIFE360 INC-CDI""",US,XNAS,LIF,us,ordinary,US,USD,BBG00256NGB3,BBG00256NGD1,,false,true,0.6,finnhub_directory
LII,Lennox International Inc,US,NYSE,true,resolved,matched US directory as LII,US,XNYS,LII,us,ordinary,US,USD,BBG000BB5B84,BBG001S5SST2,,true,true,0.95,finnhub_directory
LIN,Linde PLC,GB,NASDAQGS,true,resolved,matched US directory as LIN,US,XNAS,LIN,us,ordinary,US,USD,BBG01FND0CC1,BBG01FND0CH6,,true,true,0.95,finnhub_directory
LINC,Lincoln Educational Services,US,NASDAQGS,true,resolved,matched US directory as LINC,US,XNAS,LINC,us,ordinary,US,USD,BBG000GM1PH8,BBG001SH9DM7,,true,true,0.95,finnhub_directory
LISN,Chocoladefabriken Lindt & Spruengli AG N,CH,SWX,false,resolved,"name match 0.92 against ""CHOCOLADEFABRIKEN LINDT-REG""",SW,XSWX,LISN,suffixed,ordinary,CH,CHF,BBG000BC5J58,BBG001S68VR7,,true,false,0.95,openfigi
LISN,Chocoladefabriken Lindt & Spruengli AG N,CH,SWX,false,resolved,"name match 0.92 against ""CHOCOLADEFABRIKEN LINDT-REG""",US,OOTC,COCXF,us,ordinary,US,USD,BBG000BT8ZD3,BBG001S68VR7,,false,true,0.9,finnhub_directory
LISNE,Chocoladefabriken Lindt & Spruengli AG,CH,SWX,false,resolved,"name match 0.92 against ""CHOCOLADEFABRIKEN LINDT-NEW""",SW,XSWX,LISNE,suffixed,ordinary,CH,CHF,BBG01P1Z7SC2,BBG01P1Z7SN0,,true,false,0.95,openfigi
LISNE,Chocoladefabriken Lindt & Spruengli AG,CH,SWX,false,resolved,"name match 0.92 against ""CHOCOLADEFABRIKEN LINDT-NEW""",US,OOTC,COCXF,us,ordinary,US,USD,BBG000BT8ZD3,BBG001S68VR7,,false,true,0.75,finnhub_directory
LITE,Lumentum Holdings Inc,US,NASDAQGS,true,resolved,matched US directory as LITE,US,XNAS,LITE,us,ordinary,US,USD,BBG0073F9RT7,BBG0073F9RS8,,true,true,0.95,finnhub_directory
LIVN,LivaNova PLC,US,NASDAQGS,true,resolved,matched US directory as LIVN,US,XNAS,LIVN,us,ordinary,US,USD,BBG009LGHG16,BBG009LGHG25,,true,true,0.95,finnhub_directory
LKNC.Y,Luckin Coffee,US,OTCPK,true,resolved,resolved by name search to LKNCY on US,US,XNYS,LKNCY,us,adr,US,USD,BBG00NZ6MSZ3,BBG00NZ6MTQ1,,true,true,0.7,finnhub_directory
LLY,Eli Lilly and Company,US,,true,resolved,matched US directory as LLY,US,XNYS,LLY,us,ordinary,US,USD,BBG000BNBDC2,BBG001S5STL8,,true,true,0.95,finnhub_directory
LMAT,LeMaitre Vascular Inc,US,NASDAQGM,true,resolved,matched US directory as LMAT,US,XNAS,LMAT,us,ordinary,US,USD,BBG000LY1HS2,BBG001SK6CX3,,true,true,0.95,finnhub_directory
LMGI.F,Lumine Group Inc.,US,OTCPK,false,resolved,resolved by name search to LMGIF on US,US,XNYS,LMGIF,us,ordinary,US,USD,BBG01G275Q48,BBG012TFRBV1,,true,true,0.7,finnhub_directory
LMT,Lockheed Martin Corporation,US,NYSE,true,resolved,matched US directory as LMT,US,XNYS,LMT,us,ordinary,US,USD,BBG000C1BW00,BBG001S7PS57,,true,true,0.95,finnhub_directory
LNT,Alliant Energy Corp,US,NASDAQGS,true,resolved,matched US directory as LNT,US,XNAS,LNT,us,ordinary,US,USD,BBG000DW4Q75,BBG001S8ZQ30,,true,true,0.95,finnhub_directory
LNTH,Lantheus Holdings Inc,US,NASDAQGM,true,resolved,matched US directory as LNTH,US,XNAS,LNTH,us,ordinary,US,USD,BBG006Q52RD0,BBG006Q52RF8,,true,true,0.95,finnhub_directory
LNWO,Light & Wonder Inc,US,OTCPK,true,resolved,matched US directory as LNWO,US,OOTC,LNWO,us,ordinary,US,USD,BBG00JR5MM31,BBG00JR5MM40,,true,true,0.95,finnhub_directory
LOPE,Grand Canyon Education Inc,US,NASDAQGS,true,resolved,matched US directory as LOPE,US,XNAS,LOPE,us,ordinary,US,USD,BBG000FV28W9,BBG001T01JZ4,,true,true,0.95,finnhub_directory
LOW,Lowe’s Companies Inc,US,NYSE,true,resolved,matched US directory as LOW,US,XNYS,LOW,us,ordinary,US,USD,BBG000BNDN65,BBG001S5SVL3,,true,true,0.95,finnhub_directory
LPG,Dorian LPG Ltd,US,NYSE,true,resolved,matched US directory as LPG,US,XNYS,LPG,us,ordinary,US,USD,BBG006476H39,BBG006476HV8,,true,true,0.95,finnhub_directory
LQDA,Liquidia Technologies Inc,US,NASDAQCM,true,resolved,"likely renamed: catalogue says ""Liquidia Technologies Inc"", venue says ""LIQUIDIA CORP""",US,XNYS,LQDA,us,ordinary,US,USD,BBG001J2P905,BBG001V0GFD7,,true,true,0.6,finnhub_directory
LQDT,Liquidity Services Inc,US,NASDAQGS,true,resolved,matched US directory as LQDT,US,XNAS,LQDT,us,ordinary,US,USD,BBG000QXXMF7,BBG001SLKD81,,true,true,0.95,finnhub_directory
LRCX,Lam Research Corp,US,NASDAQGS,true,resolved,matched US directory as LRCX,US,XNAS,LRCX,us,ordinary,US,USD,BBG000BNFLM9,BBG001S5SW40,,true,true,0.95,finnhub_directory
LRN,Stride Inc,US,NYSE,true,resolved,matched US directory as LRN,US,XNYS,LRN,us,ordinary,US,USD,BBG000QSXPZ9,BBG001SNN4P5,,true,true,0.95,finnhub_directory
LTH,Life Time Group Holdings Inc,US,NYSE,true,resolved,matched US directory as LTH,US,XNYS,LTH,us,ordinary,US,USD,BBG012J3H017,BBG012J3H0X2,,true,true,0.95,finnhub_directory
LTM,LATAM Airlines Group SA ADR,US,NYSE,true,resolved,matched US directory as LTM,US,XNYS,LTM,us,adr,US,USD,BBG01PDH58Y1,BBG01PDH59W1,,true,true,0.95,finnhub_directory
LUFTHANSA,Deutsche Lufthansa AG,US,BUSE,false,resolved,resolved by name search to LHAGR L 02/13/14 FA on null,US,OOTC,DLAKF,us,ordinary,US,USD,BBG000BQQFV3,BBG001S68VH8,,true,true,0.7,finnhub_directory
LUGD.F,Lundin Gold Inc,US,OTCPK,false,resolved,resolved by name search to LUGDF on US,US,XNYS,LUGDF,us,ordinary,US,USD,BBG000MVF0V5,BBG001S7L6R5,,true,true,0.7,finnhub_directory
LULU,Lululemon Athletica Inc,CA,NASDAQGS,true,resolved,matched US directory as LULU,US,XNAS,LULU,us,ordinary,US,USD,BBG000R8ZVD1,BBG001STBM75,,true,true,0.95,finnhub_directory
LUNM.F,Lundin Mining Corp,US,OTCPK,false,resolved,resolved by name search to LNDMY on US,US,XNYS,LNDMY,us,adr,US,USD,BBG01VWMHQ37,BBG01VWMHR08,,true,true,0.7,finnhub_directory
LUNM.F,Lundin Mining Corp,US,OTCPK,false,resolved,resolved by name search to LNDMY on US,US,OOTC,LUNMF,us,ordinary,US,USD,BBG000PFSLZ3,BBG001SC6W94,,false,true,0.7,finnhub_directory
LUV,Southwest Airlines Company,US,NYSE,true,resolved,matched US directory as LUV,US,XNYS,LUV,us,ordinary,US,USD,BBG000BNJHS8,BBG001S5SXC9,,true,true,0.95,finnhub_directory
LVMH_F,"LVMH Moët Hennessy - Louis Vuitton, Société Européenne",,,false,unresolved,no identifier matched this ticker and name,,,,,,,,,,,,,,
LVMU.Y,LVMH Moet Hennessy Louis Vuitton SA ADR,US,OTCPK,true,resolved,resolved by name search to LVMHF on US,US,XNYS,LVMHF,us,ordinary,US,USD,BBG000BXRM15,BBG001S641T5,,true,true,0.7,openfigi
LVMU_Y,LVMH Moet Hennessy Louis Vuitton SA ADR,,,false,resolved,resolved by name search to LVMHF on US,US,XNYS,LVMHF,us,ordinary,US,USD,BBG000BXRM15,BBG001S641T5,,true,true,0.7,finnhub_directory
LVS,Las Vegas Sands Corp,US,NYSE,true,resolved,matched US directory as LVS,US,XNYS,LVS,us,ordinary,US,USD,BBG000JWD753,BBG001SJCGP9,,true,true,0.95,finnhub_directory
LW,Lamb Weston Holdings Inc,US,NYSE,true,resolved,matched US directory as LW,US,XNYS,LW,us,ordinary,US,USD,BBG003CVMLQ2,BBG003CVMLR1,,true,true,0.95,finnhub_directory
LYB,LyondellBasell Industries NV,US,NYSE,true,resolved,matched US directory as LYB,US,XNYS,LYB,us,ordinary,US,USD,BBG000WCFV84,BBG001T8LMY9,,true,true,0.95,finnhub_directory
LYV,Live Nation Entertainment Inc,US,NYSE,true,resolved,matched US directory as LYV,US,XNYS,LYV,us,ordinary,US,USD,BBG000FQ7YR4,BBG001SNP2B2,,true,true,0.95,finnhub_directory
MA,Mastercard Inc,US,,true,resolved,matched US directory as MA,US,XNYS,MA,us,ordinary,US,USD,BBG000F1ZSQ2,BBG001SKNNS6,,true,true,0.95,finnhub_directory
MAA,Mid-America Apartment Communities Inc,US,NYSE,true,resolved,matched US directory as MAA,US,XNYS,MAA,us,other,US,USD,BBG000BLMY92,BBG001S7HZ69,,true,true,0.95,finnhub_directory
MAKS.F,Marks and Spencer Group PLC,US,OTCPK,false,resolved,resolved by name search to MAKSF on US,US,XNYS,MAKSF,us,ordinary,US,USD,BBG000BYHN30,BBG001S62PF9,,true,true,0.7,openfigi
MAKS.F,Marks and Spencer Group PLC,US,OTCPK,false,resolved,resolved by name search to MAKSF on US,US,OOTC,MAKSY,us,adr,US,USD,BBG000D8Y0N4,BBG001SKDNK5,,false,true,0.7,finnhub_directory
MANH,Manhattan Associates Inc,US,NASDAQGS,true,resolved,matched US directory as MANH,US,XNAS,MANH,us,ordinary,US,USD,BBG000BFV758,BBG001S71S35,,true,true,0.95,finnhub_directory
MAR,Marriott International Inc,US,NASDAQGS,true,resolved,matched US directory as MAR,US,XNAS,MAR,us,ordinary,US,USD,BBG000BGD7W6,BBG001S78K44,,true,true,0.95,finnhub_directory
MAS,Masco Corporation,US,NYSE,true,resolved,matched US directory as MAS,US,XNYS,MAS,us,ordinary,US,USD,BBG000BNNKG9,BBG001S5SZ70,,true,true,0.95,finnhub_directory
MCD,McDonald’s Corporation,US,NYSE,true,resolved,matched US directory as MCD,US,XNYS,MCD,us,ordinary,US,USD,BBG000BNSZP1,BBG001S5T110,,true,true,0.95,finnhub_directory
MCHP,Microchip Technology Inc,US,NASDAQGS,true,resolved,matched US directory as MCHP,US,XNAS,MCHP,us,ordinary,US,USD,BBG000BHCP19,BBG001S787B5,,true,true,0.95,finnhub_directory
MCK,McKesson Corporation,US,NYSE,true,resolved,matched US directory as MCK,US,XNYS,MCK,us,ordinary,US,USD,BBG000DYGNW7,BBG001S8F8P8,,true,true,0.95,finnhub_directory
MCO,Moodys Corporation,US,NYSE,true,resolved,matched US directory as MCO,US,XNYS,MCO,us,ordinary,US,USD,BBG000F86GP6,BBG001S5VP87,,true,true,0.95,finnhub_directory
MCY,Mercury General Corporation,US,NYSE,true,resolved,matched US directory as MCY,US,XNYS,MCY,us,ordinary,US,USD,BBG000F1C7F5,BBG001S98VJ0,,true,true,0.95,finnhub_directory
MDA,MDA Space Ltd,US,NYSE,true,resolved,matched US directory as MDA,US,XNYS,MDA,us,ordinary,US,USD,BBG0113JHT18,BBG00ZS4RR31,,true,true,0.95,finnhub_directory
MDB,MongoDB,US,NASDAQGM,true,resolved,matched US directory as MDB,US,XNAS,MDB,us,ordinary,US,USD,BBG0022FDRY8,BBG0022FDRZ7,,true,true,0.95,finnhub_directory
MDLN,Medline Inc,US,NASDAQGS,true,resolved,matched US directory as MDLN,US,XNAS,MDLN,us,ordinary,US,USD,BBG01Y6778L4,BBG01Y6779J5,,true,true,0.95,finnhub_directory
MDLZ,Mondelez International Inc,US,NASDAQGS,true,resolved,matched US directory as MDLZ,US,XNAS,MDLZ,us,ordinary,US,USD,BBG000D4LWF6,BBG001SHHZJ3,,true,true,0.95,finnhub_directory
MDT,Medtronic PLC,US,NYSE,true,resolved,matched US directory as MDT,US,XNYS,MDT,us,ordinary,US,USD,BBG000BNWG87,BBG001S5T2S9,,true,true,0.95,finnhub_directory
MEDP,Medpace Holdings Inc,US,NASDAQGS,true,resolved,matched US directory as MEDP,US,XNAS,MEDP,us,ordinary,US,USD,BBG0065B7K59,BBG0065B7K40,,true,true,0.95,finnhub_directory
MELI,MercadoLibre Inc,UY,NASDAQGS,true,resolved,matched US directory as MELI,US,XNAS,MELI,us,ordinary,US,USD,BBG000GQPB11,BBG001SM32G3,,true,true,0.95,finnhub_directory
MET,MetLife Inc,US,NYSE,true,resolved,matched US directory as MET,US,XNYS,MET,us,ordinary,US,USD,BBG000BB6KF5,BBG001S5T3R8,,true,true,0.95,finnhub_directory
META,Meta Platforms Inc,US,,true,resolved,matched US directory as META,US,XNAS,META,us,ordinary,US,USD,BBG000MM2P62,BBG001SQCQC5,,true,true,0.95,finnhub_directory
MFC,Manulife Financial Corp,CA,NYSE,true,resolved,matched US directory as MFC,US,XNYS,MFC,us,ordinary,US,USD,BBG000C0Q0K4,BBG001S76KD6,,true,true,0.95,finnhub_directory
MFC,Manulife Financial Corp,CA,NYSE,true,resolved,matched US directory as MFC,US,OOTC,MNUFF,us,other,US,USD,,,,false,true,0.75,finnhub_directory
MFC,Manulife Financial Corp,CA,NYSE,true,resolved,matched US directory as MFC,US,OOTC,MNUPF,us,other,US,USD,,,,false,true,0.75,finnhub_directory
MFC,Manulife Financial Corp,CA,NYSE,true,resolved,matched US directory as MFC,US,OOTC,MNLCF,us,other,US,USD,,,,false,true,0.75,finnhub_directory
MGM,MGM Resorts International,US,NYSE,true,resolved,matched US directory as MGM,US,XNYS,MGM,us,ordinary,US,USD,BBG000C2BXK4,BBG001S6BYT5,,true,true,0.95,finnhub_directory
MGNI,Magnite Inc,US,NASDAQGS,true,resolved,matched US directory as MGNI,US,XNAS,MGNI,us,ordinary,US,USD,BBG000PBDRC0,BBG001T5LB97,,true,true,0.95,finnhub_directory
MGNS,Morgan Sindall Group PLC,GB,LSE,false,resolved,,LN,XLON,MGNS,suffixed,ordinary,GB,GBP,BBG000CGJSS8,BBG001SGQLB4,,true,false,0.95,openfigi
MGPU.F,M&G PLC,US,OTCPK,false,resolved,resolved by name search to MGPFY on US,US,XNYS,MGPFY,us,adr,US,USD,BBG01HQNWHS9,BBG01HQNWJM1,,true,true,0.7,finnhub_directory
MGPU.F,M&G PLC,US,OTCPK,false,resolved,resolved by name search to MGPFY on US,US,OOTC,MGPUF,us,ordinary,US,USD,BBG00QNKSL69,BBG00K9ZPS72,,false,true,0.7,finnhub_directory
MGRC,McGrath RentCorp,US,NASDAQGS,true,resolved,matched US directory as MGRC,US,XNAS,MGRC,us,ordinary,US,USD,BBG000BP02D2,BBG001S5T593,,true,true,0.95,finnhub_directory
MGRT,Mega Fortune Co Ltd,CN,NASDAQCM,true,resolved,matched US directory as MGRT,US,XNAS,MGRT,us,ordinary,US,USD,BBG01NR7GST3,BBG01NR7GSV0,,true,true,0.95,finnhub_directory
MIA,Malta International Airport PLC,US,MTSE,false,resolved,,EO,,MIA,unknown,ordinary,,,BBG000RSSBS3,BBG001SKJJ64,,true,false,0.8,openfigi
MIAX,Miami International Holdings Inc,US,NYSE,true,resolved,matched US directory as MIAX,US,XNYS,MIAX,us,ordinary,US,USD,BBG004RKDWL9,BBG004RKDWM8,,true,true,0.95,finnhub_directory
MIR,Mirion Technologies Inc,US,NYSE,true,resolved,matched US directory as MIR,US,XNYS,MIR,us,ordinary,US,USD,BBG00VHJ1K96,BBG00VHJ1KB3,,true,true,0.95,finnhub_directory
MKC,McCormick & Company Incorporated,US,NYSE,true,resolved,"likely renamed: catalogue says ""McCormick & Company Incorporated"", venue says ""MCCORMICK & CO-NON VTG SHRS""",US,XNYS,MKC,us,ordinary,US,USD,BBG000G6Y5W4,BBG001S79S19,,true,true,0.6,finnhub_directory
MKL,Markel Group Inc,US,NYSE,true,resolved,matched US directory as MKL,US,XNYS,MKL,us,ordinary,US,USD,BBG000FC7366,BBG001S9ZK95,,true,true,0.95,finnhub_directory
MKTX,MarketAxess Holdings Inc,US,NASDAQGS,true,resolved,matched US directory as MKTX,US,XNAS,MKTX,us,ordinary,US,USD,BBG000BJBZ23,BBG001S8R6K4,,true,true,0.95,finnhub_directory
MLHK.F,H&K AG,US,OTCPK,false,resolved,resolved by name search to MLHKF on US,US,XNYS,MLHKF,us,ordinary,US,USD,BBG01VPWKWC6,BBG004LNRLZ3,,true,true,0.7,finnhub_directory
MLM,Martin Marietta Materials Inc,US,NYSE,true,resolved,matched US directory as MLM,US,XNYS,MLM,us,ordinary,US,USD,BBG000BGYMH7,BBG001S7QC51,,true,true,0.95,finnhub_directory
MMM,3M Company,US,NYSE,true,resolved,matched US directory as MMM,US,XNYS,MMM,us,ordinary,US,USD,BBG000BP52R2,BBG001S5T7X2,,true,true,0.95,finnhub_directory
MMS,Maximus Inc,US,NYSE,true,resolved,matched US directory as MMS,US,XNYS,MMS,us,ordinary,US,USD,BBG000BC5WJ4,BBG001S6G4K5,,true,true,0.95,finnhub_directory
MMSI,Merit Medical Systems Inc,US,NASDAQGS,true,resolved,matched US directory as MMSI,US,XNAS,MMSI,us,ordinary,US,USD,BBG000C42VX0,BBG001S6KLT3,,true,true,0.95,finnhub_directory
MMYT,MakeMyTrip Limited,IN,NASDAQGS,true,resolved,matched US directory as MMYT,US,XNAS,MMYT,us,ordinary,US,USD,BBG000BB34J0,BBG001T4NKS7,,true,true,0.95,finnhub_directory
MNDY,Monday.Com Ltd,IL,NASDAQGS,true,resolved,matched US directory as MNDY,US,XNAS,MNDY,us,ordinary,US,USD,BBG00GF8K4W4,BBG00GF8K4X3,,true,true,0.95,finnhub_directory
MNST,Monster Beverage Corp,US,NASDAQGS,true,resolved,matched US directory as MNST,US,XNAS,MNST,us,ordinary,US,USD,BBG008NVB1C0,BBG008NVB1F7,,true,true,0.95,finnhub_directory
MO,Altria Group,US,NYSE,true,resolved,matched US directory as MO,US,XNYS,MO,us,ordinary,US,USD,BBG000BP6LJ8,BBG001S5T8T5,,true,true,0.95,finnhub_directory
MOD,Modine Manufacturing Company,US,NYSE,true,resolved,matched US directory as MOD,US,XNYS,MOD,us,ordinary,US,USD,BBG000BP7CL4,BBG001S5T913,,true,true,0.95,finnhub_directory
MOG.A,Moog Inc,US,NYSE,true,resolved,matched US directory as MOG.A,US,XNYS,MOG.A,us,ordinary,US,USD,BBG000BP7RH6,BBG001S5T922,,true,true,0.95,finnhub_directory
MOG.A,Moog Inc,US,NYSE,true,resolved,matched US directory as MOG.A,US,XNYS,MOG.B,us,ordinary,US,USD,BBG000BP8360,BBG001S5T931,,false,true,0.75,finnhub_directory
MOG.B,Moog Inc B,US,NYSE,true,resolved,matched US directory as MOG.B,US,XNYS,MOG.B,us,ordinary,US,USD,BBG000BP8360,BBG001S5T931,,true,true,0.95,finnhub_directory
MOG.B,Moog Inc B,US,NYSE,true,resolved,matched US directory as MOG.B,US,XNYS,MOG.A,us,ordinary,US,USD,BBG000BP7RH6,BBG001S5T922,,false,true,0.75,finnhub_directory
MOH,Molina Healthcare Inc,US,NYSE,true,resolved,matched US directory as MOH,US,XNYS,MOH,us,ordinary,US,USD,BBG000MBHNC8,BBG001SKBQ20,,true,true,0.95,finnhub_directory
MONC,Moncler SpA,IT,BIT,false,resolved,,IM,MTAA,MONC,suffixed,ordinary,IT,EUR,BBG001MCDSD6,BBG001T3D077,,true,false,0.95,openfigi
MONC,Moncler SpA,IT,BIT,false,resolved,,US,OOTC,MONRF,us,ordinary,US,USD,BBG005Q53R41,BBG001T3D077,,false,true,0.9,finnhub_directory
MONC,Moncler SpA,IT,BIT,false,resolved,,US,OOTC,MONRY,us,adr,US,USD,BBG006C0BQB0,BBG006C0BR28,,false,true,0.75,finnhub_directory
MORN,Morningstar Inc,US,NASDAQGS,true,resolved,matched US directory as MORN,US,XNAS,MORN,us,ordinary,US,USD,BBG000CGQ4F7,BBG001SC6FV6,,true,true,0.95,finnhub_directory
MOS,The Mosaic Company,US,NYSE,true,resolved,matched US directory as MOS,US,XNYS,MOS,us,ordinary,US,USD,BBG000BFXHL6,BBG001S7LJN1,,true,true,0.95,finnhub_directory
MOVE,Medacta Group SA,US,SWX,true,resolved,,SW,XSWX,MOVE,suffixed,ordinary,CH,CHF,BBG00NPRXKK9,BBG00NPRXKS1,,true,false,0.95,openfigi
MOVE,Medacta Group SA,US,SWX,true,resolved,,US,OOTC,MEDGF,us,ordinary,US,USD,BBG00NXBJTS4,BBG00NPRXKS1,,false,true,0.9,finnhub_directory
MPC,Marathon Petroleum Corp,US,NYSE,true,resolved,matched US directory as MPC,US,XNYS,MPC,us,ordinary,US,USD,BBG001DCCGR8,BBG001S169P1,,true,true,0.95,finnhub_directory
MPWR,Monolithic Power Systems Inc,US,NASDAQGS,true,resolved,matched US directory as MPWR,US,XNAS,MPWR,us,ordinary,US,USD,BBG000C30L48,BBG001SDRGP6,,true,true,0.95,finnhub_directory
MRK,Merck & Company Inc,US,NYSE,true,resolved,matched US directory as MRK,US,XNYS,MRK,us,ordinary,US,USD,BBG000BPD168,BBG001S5TC52,,true,true,0.95,finnhub_directory
MRK,Merck & Company Inc,US,NYSE,true,resolved,matched US directory as MRK,US,OOTC,MKKGY,us,adr,US,USD,BBG00H8V3ZJ4,BBG00H8V4073,,false,true,0.75,finnhub_directory
MRK,Merck & Company Inc,US,NYSE,true,resolved,matched US directory as MRK,US,OOTC,MKGAF,us,ordinary,US,USD,BBG000P3VNQ2,BBG001S79GY9,,false,true,0.75,finnhub_directory
MRNA,Moderna Inc,US,NASDAQGS,true,resolved,matched US directory as MRNA,US,XNAS,MRNA,us,ordinary,US,USD,BBG003PHHZT1,BBG003PHHZV8,,true,true,0.95,finnhub_directory
MRSH,Marsh & McLennan Companies Inc,US,NYSE,true,resolved,matched US directory as MRSH,US,XNYS,MRSH,us,ordinary,US,USD,BBG000BP4MH0,BBG001S5T7M4,,true,true,0.95,finnhub_directory
MRVL,Marvell Technology Inc,US,,true,resolved,matched US directory as MRVL,US,XNAS,MRVL,us,ordinary,US,USD,BBG00ZXBJ153,BBG00ZXBJ162,,true,true,0.95,finnhub_directory
MS,Morgan Stanley,US,NYSE,true,resolved,matched US directory as MS,US,XNYS,MS,us,ordinary,US,USD,BBG000BLZRJ2,BBG001S9V5Z3,,true,true,0.95,finnhub_directory
MSA,MSA Safety,US,NYSE,true,resolved,matched US directory as MSA,US,XNYS,MSA,us,ordinary,US,USD,BBG000BPDXF8,BBG001S5TCN2,,true,true,0.95,finnhub_directory
MSA,MSA Safety,US,NYSE,true,resolved,matched US directory as MSA,US,OOTC,MNESP,us,other,US,USD,,,,false,true,0.75,finnhub_directory
MSCI,MSCI Inc,US,NYSE,true,resolved,matched US directory as MSCI,US,XNYS,MSCI,us,ordinary,US,USD,BBG000RTDY25,BBG001SV8B05,,true,true,0.95,finnhub_directory
MSFT,Microsoft Corp,US,,true,resolved,matched US directory as MSFT,US,XNAS,MSFT,us,ordinary,US,USD,BBG000BPH459,BBG001S5TD05,,true,true,0.95,finnhub_directory
MSGE,Madison Square Garden Entertainment Corp,US,NYSE,true,resolved,matched US directory as MSGE,US,XNYS,MSGE,us,ordinary,US,USD,BBG019980TD4,BBG019980TF2,,true,true,0.95,finnhub_directory
MSI,Motorola Solutions Inc,US,NYSE,true,resolved,matched US directory as MSI,US,XNYS,MSI,us,ordinary,US,USD,BBG000BP8Z50,BBG001S5T9L1,,true,true,0.95,finnhub_directory
MTB,M&T Bank Corp,US,NYSE,true,resolved,matched US directory as MTB,US,XNYS,MTB,us,ordinary,US,USD,BBG000D9KWL9,BBG001S7S2B4,,true,true,0.95,finnhub_directory
MTD,Mettler-Toledo International Inc,US,NYSE,true,resolved,matched US directory as MTD,US,XNYS,MTD,us,ordinary,US,USD,BBG000BZCKH3,BBG001SB87G1,,true,true,0.95,finnhub_directory
MTN,Vail Resorts Inc,US,NYSE,true,resolved,matched US directory as MTN,US,XNYS,MTN,us,ordinary,US,USD,BBG000BCMWM1,BBG001S5TFD6,,true,true,0.95,finnhub_directory
MTO,Mitie Group PLC,GB,LSE,false,resolved,,LN,XLON,MTO,suffixed,ordinary,GB,GBP,BBG000BFR1G4,BBG001S6B3J4,,true,false,0.95,openfigi
MTO,Mitie Group PLC,GB,LSE,false,resolved,,US,OOTC,MITFF,us,ordinary,US,USD,BBG000F1RPQ7,BBG001S6B3J4,,false,true,0.9,finnhub_directory
MTSI,MACOM Technology Solutions Holdings Inc,US,NASDAQGS,true,resolved,matched US directory as MTSI,US,XNAS,MTSI,us,ordinary,US,USD,BBG000LJQ3H1,BBG001T4BB37,,true,true,0.95,finnhub_directory
MTZ,MasTec Inc,US,NYSE,true,resolved,matched US directory as MTZ,US,XNYS,MTZ,us,ordinary,US,USD,BBG000DYXD23,BBG001S95HF8,,true,true,0.95,finnhub_directory
MU,Micron Technology Inc,US,,true,resolved,matched US directory as MU,US,XNAS,MU,us,ordinary,US,USD,BBG000C5Z1S3,BBG001S6P675,,true,true,0.95,finnhub_directory
MUV2,Munich Reinsurance,DE,XTRA,false,resolved,,GY,XETR,MUV2,suffixed,ordinary,DE,EUR,BBG000BD9FD1,BBG001S6LNJ9,,true,false,0.95,openfigi
MUV2,Munich Reinsurance,DE,XTRA,false,resolved,,US,OOTC,MURGF,us,ordinary,US,USD,BBG000BW32R9,BBG001S6LNJ9,,false,true,0.9,finnhub_directory
MYRG,MYR Group Inc,US,NASDAQGS,true,resolved,"likely renamed: catalogue says ""MYR Group Inc"", venue says ""MYR GROUP INC/DELAWARE""",US,XNYS,MYRG,us,ordinary,US,USD,BBG000BC7VW9,BBG001S8GYM3,,true,true,0.6,finnhub_directory
NBIS,Nebius Group NV,US,NASDAQGS,true,resolved,matched US directory as NBIS,US,XNAS,NBIS,us,ordinary,US,USD,BBG001NVJ6W4,BBG001TBY593,,true,true,0.95,finnhub_directory
NBIX,Neurocrine Biosciences Inc,US,NASDAQGS,true,resolved,matched US directory as NBIX,US,XNAS,NBIX,us,ordinary,US,USD,BBG000GJS7C1,BBG001S8W4X9,,true,true,0.95,finnhub_directory
NCLH,Norwegian Cruise Line Holdings Ltd,US,NYSE,true,resolved,matched US directory as NCLH,US,XNYS,NCLH,us,ordinary,US,USD,BBG000BSRN78,BBG001SCKPS2,,true,true,0.95,finnhub_directory
NCNO,Ncino,US,NASDAQGS,true,resolved,matched US directory as NCNO,US,XNAS,NCNO,us,ordinary,US,USD,BBG014GJ8XH2,BBG014GJ8XJ0,,true,true,0.95,finnhub_directory
NCSY.F,NICE Ltd.,US,OTCPK,false,resolved,resolved by name search to NCSYF on US,US,XNYS,NCSYF,us,ordinary,US,USD,BBG000PGM671,BBG001S8Q457,,true,true,0.7,finnhub_directory
NCSY.F,NICE Ltd.,US,OTCPK,false,resolved,resolved by name search to NCSYF on US,US,XNAS,NICE,us,adr,US,USD,BBG000KC17R4,BBG001S9RK49,,false,true,0.7,finnhub_directory
NDAQ,Nasdaq Inc,US,NASDAQGS,true,resolved,matched US directory as NDAQ,US,XNAS,NDAQ,us,ordinary,US,USD,BBG000F5VVB6,BBG001SKTBJ6,,true,true,0.95,finnhub_directory
NDSN,Nordson Corporation,US,NASDAQGS,true,resolved,matched US directory as NDSN,US,XNAS,NDSN,us,ordinary,US,USD,BBG000BPWGR1,BBG001S5TKK7,,true,true,0.95,finnhub_directory
NDX1,Nordex SE,CH,SWX,false,resolved,,SW,XSWX,NDX1,suffixed,ordinary,CH,CHF,BBG006TLSLV7,BBG001SD31B0,,true,false,0.95,openfigi
NDX1,Nordex SE,CH,SWX,false,resolved,,US,OOTC,NRDXF,us,ordinary,US,USD,BBG000BYKD10,BBG001SD31B0,,false,true,0.9,finnhub_directory
NDX1,Nordex SE,CH,SWX,false,resolved,,US,OOTC,NRXXY,us,adr,US,USD,BBG00B0SFXZ6,BBG00B0SFYP5,,false,true,0.75,finnhub_directory
NE,Noble Corp,US,NYSE,true,resolved,matched US directory as NE,US,XNYS,NE,us,ordinary,US,USD,BBG018KBK3G8,BBG018KBK3H7,,true,true,0.95,finnhub_directory
NE,Noble Corp,US,NYSE,true,resolved,matched US directory as NE,US,OOTC,NOBGY,us,adr,US,USD,BBG000H36TX8,BBG001T3ZJL6,,false,true,0.75,finnhub_directory
NEE,Nextera Energy Inc,US,NYSE,true,resolved,matched US directory as NEE,US,XNYS,NEE,us,ordinary,US,USD,BBG000BJSBJ0,BBG001S5RB29,,true,true,0.95,finnhub_directory
NEM,Newmont Goldcorp Corp,US,,true,resolved,resolved by name search to NEM11EUR on EO,EO,,NEM11EUR,unknown,ordinary,,,BBG00FZLLZQ2,BBG001S5TKX3,,true,false,0.7,openfigi
NEM,Newmont Goldcorp Corp,US,,true,resolved,resolved by name search to NEM11EUR on EO,US,XNYS,NEM,us,ordinary,US,USD,BBG000BPWXK1,BBG001S5TKX3,,false,true,0.7,finnhub_directory
NEMA,Nemetschek SE,CH,SWX,false,resolved,,SW,XSWX,NEMA,suffixed,ordinary,CH,CHF,BBG007FJN0Q2,BBG001SCL658,,true,false,0.95,openfigi
NEMA,Nemetschek SE,CH,SWX,false,resolved,,US,OOTC,NEMTF,us,ordinary,US,USD,BBG000FL3351,BBG001SCL658,,false,true,0.9,finnhub_directory
NEMA,Nemetschek SE,CH,SWX,false,resolved,,US,OOTC,NEMKY,us,adr,US,USD,BBG00Z91TSX1,BBG00Z91TTV1,,false,true,0.75,finnhub_directory
NEMC.L,Newmont Corporation,US,OTCPK,false,resolved,resolved by name search to NEM on US,US,XNYS,NEM,us,ordinary,US,USD,BBG000BPWXK1,BBG001S5TKX3,,true,true,0.7,openfigi
NESR.F,Northern Star Resources Ltd,US,OTCPK,false,resolved,resolved by name search to NESRF on US,US,XNYS,NESRF,us,ordinary,US,USD,BBG005YKMQL1,BBG001S50HF1,,true,true,0.7,finnhub_directory
NFLX,Netflix Inc,US,,true,resolved,matched US directory as NFLX,US,XNAS,NFLX,us,ordinary,US,USD,BBG000CL9VN6,BBG001SF6L46,,true,true,0.95,finnhub_directory
NGCR.F,Nagacorp Ltd,US,OTCPK,false,resolved,resolved by name search to NGCRF on US,US,XNYS,NGCRF,us,ordinary,US,USD,BBG000R9TW62,BBG001SQLDM3,,true,true,0.7,finnhub_directory
NHC,National HealthCare Corporation,US,NYSEAM,true,resolved,matched US directory as NHC,US,XASE,NHC,us,ordinary,US,USD,BBG000BY3T87,BBG001SBJ378,,true,true,0.95,finnhub_directory
NI,NiSource Inc,US,NYSE,true,resolved,matched US directory as NI,US,XNYS,NI,us,ordinary,US,USD,BBG000BPZBB6,BBG001S5TMF9,,true,true,0.95,finnhub_directory
NIU,Niu Technologies,US,NASDAQGM,true,resolved,matched US directory as NIU,US,XNAS,NIU,us,adr,US,USD,BBG00M37BS44,BBG00M37BSW3,,true,true,0.95,finnhub_directory
NKE,Nike Inc,US,NYSE,true,resolved,matched US directory as NKE,US,XNYS,NKE,us,ordinary,US,USD,BBG000C5HS04,BBG001S6NTK2,,true,true,0.95,finnhub_directory
NMIH,NMI Holdings Inc,US,NASDAQGM,true,resolved,matched US directory as NMIH,US,XNAS,NMIH,us,ordinary,US,USD,BBG005DLMMZ6,BBG005DLMPF1,,true,true,0.95,finnhub_directory
NOC,Northrop Grumman Corporation,US,NYSE,true,resolved,matched US directory as NOC,US,XNYS,NOC,us,ordinary,US,USD,BBG000BQ2C28,BBG001S5TP26,,true,true,0.95,finnhub_directory
NOK,Nokia Corp ADR,FI,NYSE,true,resolved,matched US directory as NOK,US,XNYS,NOK,us,adr,US,USD,BBG000BNGBW9,BBG001SCPCG9,,true,true,0.95,finnhub_directory
NOK,Nokia Corp ADR,FI,NYSE,true,resolved,matched US directory as NOK,US,OOTC,NOKBF,us,ordinary,US,USD,BBG000C02J56,BBG001S67PX4,,false,true,0.75,finnhub_directory
NOV,Novo Nordisk A/S,US,DB,true,resolved,,GR,XETR,NOV,suffixed,ordinary,DE,EUR,BBG000DYN772,BBG001S6RN12,,true,false,0.95,openfigi
NOV,Novo Nordisk A/S,US,DB,true,resolved,,US,OOTC,NONOF,us,ordinary,US,USD,BBG000K11Z96,BBG001S6RN12,,false,true,0.9,finnhub_directory
NOV,Novo Nordisk A/S,US,DB,true,resolved,,US,XNYS,NVO,us,adr,US,USD,BBG000BQBKR3,BBG001S5TSK0,,false,true,0.75,finnhub_directory
NOVN,Novartis AG,CH,SWX,false,resolved,,SW,XSWX,NOVN,suffixed,ordinary,CH,CHF,BBG000NQV2C4,BBG001SD31N7,,true,false,0.95,openfigi
NOVN,Novartis AG,CH,SWX,false,resolved,,US,OOTC,NVSEF,us,ordinary,US,USD,BBG000KSBX82,BBG001SD31N7,,false,true,0.9,finnhub_directory
NOVN,Novartis AG,CH,SWX,false,resolved,,US,XNYS,NVS,us,adr,US,USD,BBG000LYF3S8,BBG001SF5LW6,,false,true,0.75,finnhub_directory
NOVNEE,Novartis AG,CH,SWX,false,resolved,resolved by name search to NOVN on SW,SW,XSWX,NOVN,suffixed,ordinary,CH,CHF,BBG000NQV2C4,BBG001SD31N7,,true,false,0.7,openfigi
NOVNEE,Novartis AG,CH,SWX,false,resolved,resolved by name search to NOVN on SW,US,XNYS,NVS,us,adr,US,USD,BBG000LYF3S8,BBG001SF5LW6,,false,true,0.7,finnhub_directory
NOVNEE,Novartis AG,CH,SWX,false,resolved,resolved by name search to NOVN on SW,US,OOTC,NVSEF,us,ordinary,US,USD,BBG000KSBX82,BBG001SD31N7,,false,true,0.7,finnhub_directory
NOW,ServiceNow Inc,US,NYSE,true,resolved,matched US directory as NOW,US,XNYS,NOW,us,ordinary,US,USD,BBG000M1R011,BBG001T4JFC0,,true,true,0.95,finnhub_directory
NPKI,NPK International Inc,US,NYSE,true,resolved,matched US directory as NPKI,US,XNYS,NPKI,us,ordinary,US,USD,BBG000C2HWL9,BBG001S6CQY5,,true,true,0.95,finnhub_directory
NRG,NRG Energy Inc,US,NYSE,true,resolved,matched US directory as NRG,US,XNYS,NRG,us,ordinary,US,USD,BBG000D8RG11,BBG001SDD8F0,,true,true,0.95,finnhub_directory
NSC,Norfolk Southern Corporation,US,NYSE,true,resolved,matched US directory as NSC,US,XNYS,NSC,us,ordinary,US,USD,BBG000BQ5DS5,BBG001S5TQJ6,,true,true,0.95,finnhub_directory
NSSC,NAPCO Security Technologies Inc,US,NASDAQGS,true,resolved,matched US directory as NSSC,US,XNAS,NSSC,us,ordinary,US,USD,BBG000BQ6CT5,BBG001S5TR13,,true,true,0.95,finnhub_directory
NTAP,NetApp Inc,US,NASDAQGS,true,resolved,matched US directory as NTAP,US,XNAS,NTAP,us,ordinary,US,USD,BBG000FP1N32,BBG001S8LYX5,,true,true,0.95,finnhub_directory
NTRS,Northern Trust Corporation,US,NASDAQGS,true,resolved,matched US directory as NTRS,US,XNAS,NTRS,us,ordinary,US,USD,BBG000BQ74K1,BBG001S5TRG7,,true,true,0.95,finnhub_directory
NTTM.F,"Nittetsu Mining Co., Ltd.",US,OTCPK,false,resolved,resolved by name search to NTTMF on US,US,XNYS,NTTMF,us,ordinary,US,USD,BBG000CPX9D0,BBG001S6C161,,true,true,0.7,finnhub_directory
NUE,Nucor Corp,US,NYSE,true,resolved,matched US directory as NUE,US,XNYS,NUE,us,ordinary,US,USD,BBG000BQ8KV2,BBG001S5TRV0,,true,true,0.95,finnhub_directory
NUTX,Nutex Health Inc,US,NASDAQCM,true,resolved,matched US directory as NUTX,US,XNAS,NUTX,us,ordinary,US,USD,BBG000PQN2M0,BBG001T5W5K5,,true,true,0.95,finnhub_directory
NVDA,NVIDIA Corp,US,,true,resolved,matched US directory as NVDA,US,XNAS,NVDA,us,ordinary,US,USD,BBG000BBJQV0,BBG001S5TZJ6,,true,true,0.95,finnhub_directory
NVGS,Navigator Holdings Ltd,GB,NYSE,true,resolved,matched US directory as NVGS,US,XNYS,NVGS,us,ordinary,US,USD,BBG000R9BLC8,BBG001SRNVY6,,true,true,0.95,finnhub_directory
NVGS,Navigator Holdings Ltd,GB,NYSE,true,resolved,matched US directory as NVGS,US,OOTC,POELF,us,ordinary,US,USD,BBG002VS55C9,BBG001S5Q1T3,,false,true,0.75,finnhub_directory
NVMI,Nova Measuring Instruments Ltd,IL,NASDAQGS,true,resolved,"likely renamed: catalogue says ""Nova Measuring Instruments Ltd"", venue says ""NOVA LTD""",US,XNYS,NVMI,us,ordinary,US,USD,BBG000BSY1Y8,BBG001SD4C89,,true,true,0.6,finnhub_directory
NVPT.F,"Navitas Petroleum, Limited Partnership",US,OTCPK,false,unresolved,no identifier matched this ticker and name,,,,,,,,,,,,,,
NVR,NVR Inc,US,NYSE,true,resolved,matched US directory as NVR,US,XNYS,NVR,us,ordinary,US,USD,BBG000BQBYR3,BBG001S5TSM8,,true,true,0.95,finnhub_directory
NVT,nVent Electric PLC,US,NYSE,true,resolved,matched US directory as NVT,US,XNYS,NVT,us,ordinary,US,USD,BBG00GNT7999,BBG00GNT7B03,,true,true,0.95,finnhub_directory
NVZM.F,Novozymes AS,US,OTCPK,false,unresolved,no identifier matched this ticker and name,,,,,,,,,,,,,,
NWAR.F,Norwegian Air Shuttle ASA,US,OTCPK,false,resolved,resolved by name search to NWARF on US,US,XNYS,NWARF,us,ordinary,US,USD,BBG000GXLD25,BBG001SFCVW6,,true,true,0.7,finnhub_directory
NWOE.F,New Oriental Education & Technology Group Inc.,US,OTCPK,false,resolved,resolved by name search to NWOEF on US,US,XNYS,NWOEF,us,ordinary,US,USD,BBG019Y13Q53,BBG001SJC9C9,,true,true,0.7,finnhub_directory
NWS,News Corp B,US,NASDAQGS,true,resolved,matched US directory as NWS,US,XNAS,NWS,us,ordinary,US,USD,BBG0035M2ZB7,BBG0035M2ZC6,,true,true,0.95,finnhub_directory
NWS,News Corp B,US,NASDAQGS,true,resolved,matched US directory as NWS,US,XNAS,NWSA,us,ordinary,US,USD,BBG0035LY913,BBG0035LY922,,false,true,0.75,finnhub_directory
NWSA,News Corp A,US,NASDAQGS,true,resolved,matched US directory as NWSA,US,XNAS,NWSA,us,ordinary,US,USD,BBG0035LY913,BBG0035LY922,,true,true,0.95,finnhub_directory
NWSA,News Corp A,US,NASDAQGS,true,resolved,matched US directory as NWSA,US,XNAS,NWS,us,ordinary,US,USD,BBG0035M2ZB7,BBG0035M2ZC6,,false,true,0.75,finnhub_directory
NXGP.Y,Next PLC ADR,US,OTCPK,true,resolved,resolved by name search to NXGPY on US,US,XNYS,NXGPY,us,adr,US,USD,BBG000JT32F1,BBG001T3NZZ8,,true,true,0.7,openfigi
NXGP.Y,Next PLC ADR,US,OTCPK,true,resolved,resolved by name search to NXGPY on US,US,OOTC,NXGPF,us,ordinary,US,USD,BBG000C840P6,BBG001S62VV8,,false,true,0.7,finnhub_directory
NXPI,NXP Semiconductors NV,NL,NASDAQGS,true,resolved,matched US directory as NXPI,US,XNAS,NXPI,us,ordinary,US,USD,BBG000BND699,BBG001SF62F6,,true,true,0.95,finnhub_directory
NXT,Nextpower Inc,US,,true,resolved,matched US directory as NXT,US,XNAS,NXT,us,ordinary,US,USD,BBG00835TPZ2,BBG00835TQ17,,true,true,0.95,finnhub_directory
NYAX,Nayax Ltd,IL,NASDAQGS,true,resolved,matched US directory as NYAX,US,XNAS,NYAX,us,ordinary,US,USD,BBG012N0LZQ9,BBG00FJRT843,,true,true,0.95,finnhub_directory
NYT,New York Times Company,US,NYSE,true,resolved,matched US directory as NYT,US,XNYS,NYT,us,ordinary,US,USD,BBG000FFC0B3,BBG001S90X31,,true,true,0.95,finnhub_directory
O,Realty Income Corp,US,NYSE,true,resolved,matched US directory as O,US,XNYS,O,us,other,US,USD,BBG000DHPN63,BBG001S884K0,,true,true,0.95,finnhub_directory
O4D,Oil-Dri Corporation of America,US,BST,false,resolved,,GR,XETR,O4D,suffixed,ordinary,DE,EUR,BBG00WYH0FW5,BBG001S7J3C1,,true,false,0.8,openfigi
O4D,Oil-Dri Corporation of America,US,BST,false,resolved,,US,XNYS,ODC,us,ordinary,US,USD,BBG000D61MB9,BBG001S7J3C1,,false,true,0.8,finnhub_directory
ODC,Oil-Dri Corporation Of America,US,NYSE,true,resolved,matched US directory as ODC,US,XNYS,ODC,us,ordinary,US,USD,BBG000D61MB9,BBG001S7J3C1,,true,true,0.95,finnhub_directory
ODFJ.F,Odfjell Drilling Ltd.,US,OTCPK,false,resolved,resolved by name search to ODFJF on US,US,XNYS,ODFJF,us,ordinary,US,USD,BBG0194F01N3,BBG001SQ39M2,,true,true,0.7,finnhub_directory
ODFL,Old Dominion Freight Line Inc,US,NASDAQGS,true,resolved,matched US directory as ODFL,US,XNAS,ODFL,us,ordinary,US,USD,BBG000CHSS88,BBG001S6WQT9,,true,true,0.95,finnhub_directory
OGC,OceanaGold Corp,US,NYSE,true,resolved,matched US directory as OGC,US,XNYS,OGC,us,ordinary,US,USD,BBG000TT7MW3,BBG001SR9LP4,,true,true,0.95,finnhub_directory
OII,Oceaneering International Inc,US,NYSE,true,resolved,matched US directory as OII,US,XNYS,OII,us,ordinary,US,USD,BBG000CPBCL8,BBG001S61HT3,,true,true,0.95,finnhub_directory
OKE,ONEOK Inc,US,NYSE,true,resolved,matched US directory as OKE,US,XNYS,OKE,us,ordinary,US,USD,BBG000BQHGR6,BBG001S5TWK1,,true,true,0.95,finnhub_directory
OKTA,Okta Inc,US,NASDAQGS,true,resolved,matched US directory as OKTA,US,XNAS,OKTA,us,ordinary,US,USD,BBG001YV1SM4,BBG001YV1SN3,,true,true,0.95,finnhub_directory
OLLI,"Ollie's Bargain Outlet Holdings, Inc.",US,NASDAQGM,true,resolved,matched US directory as OLLI,US,XNAS,OLLI,us,ordinary,US,USD,BBG0098VVDT9,BBG0098VVDS0,,true,true,0.95,finnhub_directory
OMAB,Grupo Aeroportuario Del CentroNorte,US,BMV,true,resolved,"name match 0.95 against ""GRUPO AEROPORTUARIO DEL CENT""",MM,XMEX,OMAB,suffixed,ordinary,MX,MXN,BBG000LHL0S4,BBG001SM0GX6,,true,false,0.95,openfigi
OMAB,Grupo Aeroportuario Del CentroNorte,US,BMV,true,resolved,"name match 0.95 against ""GRUPO AEROPORTUARIO DEL CENT""",US,OOTC,GAERF,us,ordinary,US,USD,BBG000TR2V61,BBG001SM0GX6,,false,true,0.9,finnhub_directory
OMC,Omnicom Group Inc,US,NYSE,true,resolved,matched US directory as OMC,US,XNYS,OMC,us,ordinary,US,USD,BBG000BS9489,BBG001S5VR10,,true,true,0.95,finnhub_directory
ON,ON Semiconductor Corporation,US,NASDAQGS,true,resolved,matched US directory as ON,US,XNAS,ON,us,ordinary,US,USD,BBG000DV7MX4,BBG001SF7RS6,,true,true,0.95,finnhub_directory
ONEX.F,Onex Corp,US,OTCPK,false,resolved,resolved by name search to ONEXF on US,US,XNYS,ONEXF,us,ordinary,US,USD,BBG000BZZY15,BBG001S5ZW24,,true,true,0.7,finnhub_directory
ONON,On Holding AG,CH,NYSE,true,resolved,matched US directory as ONON,US,XNYS,ONON,us,ordinary,US,USD,BBG00LQK89F6,BBG00LQK89G5,,true,true,0.95,finnhub_directory
ONTO,Onto Innovation Inc,US,NYSE,true,resolved,matched US directory as ONTO,US,XNYS,ONTO,us,ordinary,US,USD,BBG000BPRN29,BBG001S5THX0,,true,true,0.95,finnhub_directory
OPCH,Option Care Health Inc,US,NASDAQGS,true,resolved,matched US directory as OPCH,US,XNAS,OPCH,us,ordinary,US,USD,BBG000BQK480,BBG001S6X756,,true,true,0.95,finnhub_directory
OR,OR Royalties Inc,US,NYSE,true,resolved,matched US directory as OR,US,XNYS,OR,us,ordinary,US,USD,BBG006NTSJ78,BBG006L2SZD6,,true,true,0.95,finnhub_directory
ORCL,Oracle Corporation,US,NYSE,true,resolved,matched US directory as ORCL,US,XNYS,ORCL,us,ordinary,US,USD,BBG000BQLTW7,BBG001S5SJG6,,true,true,0.95,finnhub_directory
ORKL.F,Orkla ASA,US,OTCPK,false,resolved,resolved by name search to ORKLF on US,US,XNYS,ORKLF,us,ordinary,US,USD,BBG000BX73D6,BBG001S6MCX6,,true,true,0.7,finnhub_directory
ORKL.F,Orkla ASA,US,OTCPK,false,resolved,resolved by name search to ORKLF on US,US,OOTC,ORKLY,us,adr,US,USD,BBG000BN2RR5,BBG001SBVXF9,,false,true,0.7,finnhub_directory
ORLA,Orla Mining Ltd,US,NYSEAM,true,resolved,no identifier source could confirm this security; using the supplier's US ticker at reduced confidence,US,,ORLA,us,ordinary,US,USD,,,,true,true,0.5,catalogue
ORLY,O’Reilly Automotive Inc,US,NASDAQGS,true,resolved,matched US directory as ORLY,US,XNAS,ORLY,us,ordinary,US,USD,BBG000BGYWY6,BBG001S78TL6,,true,true,0.95,finnhub_directory
ORZC.F,Orezone Gold Corp,US,OTCPK,false,resolved,resolved by name search to ORZCF on US,US,XNYS,ORZCF,us,ordinary,US,USD,BBG000F4YLX4,BBG001STT6Q0,,true,true,0.7,finnhub_directory
OSIS,OSI Systems Inc,US,NASDAQGS,true,resolved,matched US directory as OSIS,US,XNAS,OSIS,us,ordinary,US,USD,BBG000BWPR54,BBG001SB1J54,,true,true,0.95,finnhub_directory
OSK,Oshkosh Corporation,US,NYSE,true,resolved,matched US directory as OSK,US,XNYS,OSK,us,ordinary,US,USD,BBG000CC53X1,BBG001S6SX46,,true,true,0.95,finnhub_directory
OSW,OneSpaWorld Holdings Ltd,BS,NASDAQCM,true,resolved,matched US directory as OSW,US,XNAS,OSW,us,ordinary,US,USD,BBG00MKMQ6M4,BBG00MKMQ6N3,,true,true,0.95,finnhub_directory
OTEX,Open Text Corporation,CA,NASDAQGS,true,resolved,matched US directory as OTEX,US,XNAS,OTEX,us,ordinary,US,USD,BBG000K712R6,BBG001SBS5H2,,true,true,0.95,finnhub_directory
OTIS,Otis Worldwide Corp,US,NYSE,true,resolved,matched US directory as OTIS,US,XNYS,OTIS,us,ordinary,US,USD,BBG00RP60KV0,BBG00RP60LN7,,true,true,0.95,finnhub_directory
OWL,Blue Owl Capital Inc,US,NYSE,true,resolved,matched US directory as OWL,US,XNYS,OWL,us,ordinary,US,USD,BBG00XV417R8,BBG00XV417S7,,true,true,0.95,finnhub_directory
OWL,Blue Owl Capital Inc,US,NYSE,true,resolved,matched US directory as OWL,US,XNYS,OBDC,us,ordinary,US,USD,BBG00DB0XYC4,BBG00DB0XYD3,,false,true,0.75,finnhub_directory
OWL,Blue Owl Capital Inc,US,NYSE,true,resolved,matched US directory as OWL,US,XNYS,OWL.WS,us,other,US,USD,,,,false,true,0.75,finnhub_directory
OXY,Occidental Petroleum Corporation,US,NYSE,true,resolved,matched US directory as OXY,US,XNYS,OXY,us,ordinary,US,USD,BBG000BQQ2S6,BBG001S5TZG9,,true,true,0.95,finnhub_directory
P,Pure Storage Inc,US,NYSE,true,resolved,resolved by name search to PSTGEUR on X1,US,,P,us,ordinary,US,USD,,,,true,true,0.5,catalogue
P,Pure Storage Inc,US,NYSE,true,resolved,resolved by name search to PSTGEUR on X1,X1,,PSTGEUR,unknown,ordinary,,,BBG00QFZ9LN7,,,false,false,0.7,openfigi
PAAS,Pan American Silver Corp,CA,,true,resolved,matched US directory as PAAS,US,XNYS,PAAS,us,ordinary,US,USD,BBG000C0RGY3,BBG001S5ZXR5,,true,true,0.95,finnhub_directory
PACS,PACS Group Inc,US,NYSE,true,resolved,matched US directory as PACS,US,XNYS,PACS,us,ordinary,US,USD,BBG01LYPSDK8,BBG01LYPSFF9,,true,true,0.95,finnhub_directory
PAF,Pan African Resources PLC,GB,LSE,false,resolved,,LN,XLON,PAF,suffixed,ordinary,GB,GBP,BBG000DK30N1,BBG001SJHRS7,,true,false,0.95,openfigi
PAF,Pan African Resources PLC,GB,LSE,false,resolved,,US,OOTC,PAFRF,us,ordinary,US,USD,BBG003GW8DT7,BBG001SJHRS7,,false,true,0.9,finnhub_directory
PAGS,PagSeguro Digital Ltd,US,NYSE,true,resolved,matched US directory as PAGS,US,XNYS,PAGS,us,ordinary,US,USD,BBG00JM7QBR6,BBG00JM7QCG6,,true,true,0.95,finnhub_directory
PAHC,Phibro Animal Health Corporation,US,NASDAQGM,true,resolved,matched US directory as PAHC,US,XNAS,PAHC,us,ordinary,US,USD,BBG000C31ZH2,BBG0069NW5X3,,true,true,0.95,finnhub_directory
PANW,Palo Alto Networks Inc,US,NASDAQGS,true,resolved,matched US directory as PANW,US,XNAS,PANW,us,ordinary,US,USD,BBG0014GJCT9,BBG001T9NWN5,,true,true,0.95,finnhub_directory
PATH,UiPath Inc,US,NYSE,true,resolved,matched US directory as PATH,US,XNYS,PATH,us,ordinary,US,USD,BBG00GKS1G03,BBG00GKS1G12,,true,true,0.95,finnhub_directory
PAX,Patria Investments Ltd,KY,NASDAQGS,true,resolved,matched US directory as PAX,US,XNAS,PAX,us,ordinary,US,USD,BBG00YQ7XJT2,BBG00YQ7XKN5,,true,true,0.95,finnhub_directory
PAY,Paymentus Holdings Inc,US,NYSE,true,resolved,matched US directory as PAY,US,XNYS,PAY,us,ordinary,US,USD,BBG010MW0N84,BBG010MW0P43,,true,true,0.95,finnhub_directory
PAYC,Paycom,US,NYSE,true,resolved,"likely renamed: catalogue says ""Paycom"", venue says ""PAYCOM SOFTWARE INC""",US,XNYS,PAYC,us,ordinary,US,USD,BBG0064N0ZZ5,BBG0064N1009,,true,true,0.6,finnhub_directory
PAYO,Payoneer Global Inc,US,NASDAQGM,true,resolved,matched US directory as PAYO,US,XNAS,PAYO,us,ordinary,US,USD,BBG00Z5JLLB3,BBG00Z5JLLD1,,true,true,0.95,finnhub_directory
PAYX,Paychex Inc,US,NASDAQGS,true,resolved,matched US directory as PAYX,US,XNAS,PAYX,us,ordinary,US,USD,BBG000BQSQ38,BBG001S5V135,,true,true,0.95,finnhub_directory
PBR,Petroleo Brasileiro Petrobras SA ADR,US,NYSE,true,resolved,matched US directory as PBR,US,XNYS,PBR,us,adr,US,USD,BBG000BS6FX9,BBG001SF6W88,,true,true,0.95,finnhub_directory
PBTD.F,Plover Bay Technologies Limited,US,OTCPK,false,resolved,resolved by name search to PBTDF on US,US,XNYS,PBTDF,us,ordinary,US,USD,BBG00VVST0W8,BBG00D7J6NX9,,true,true,0.7,openfigi
PCAR,PACCAR Inc,US,NASDAQGS,true,resolved,matched US directory as PCAR,US,XNAS,PCAR,us,ordinary,US,USD,BBG000BQVTF5,BBG001S5V1S8,,true,true,0.95,finnhub_directory
PCG,PG&E Corp,US,NYSE,true,resolved,matched US directory as PCG,US,XNYS,PCG,us,ordinary,US,USD,BBG000BQWPC5,BBG001S5V206,,true,true,0.95,finnhub_directory
PCG,PG&E Corp,US,NYSE,true,resolved,matched US directory as PCG,US,OOTC,PPOEF,us,ordinary,US,USD,BBG0038D6PZ6,BBG001S96L04,,false,true,0.75,finnhub_directory
PCTY,Paylocity Holdng,US,NASDAQGS,true,resolved,"likely renamed: catalogue says ""Paylocity Holdng"", venue says ""PAYLOCITY HOLDING CORP""",US,XNYS,PCTY,us,ordinary,US,USD,BBG006598YS8,BBG006598YZ0,,true,true,0.6,finnhub_directory
PDD,PDD Holdings Inc DRC,US,NASDAQGS,true,resolved,"likely renamed: catalogue says ""PDD Holdings Inc DRC"", venue says ""PDD HOLDINGS INC""",US,XNYS,PDD,us,adr,US,USD,BBG00LBLDDR2,BBG00LBLDFH8,,true,true,0.6,finnhub_directory
PDFS,PDF Solutions Inc,US,NASDAQGS,true,resolved,matched US directory as PDFS,US,XNAS,PDFS,us,ordinary,US,USD,BBG000CYCKR4,BBG001SFSR85,,true,true,0.95,finnhub_directory
PEG,Public Service Enterprise Group Inc,US,NYSE,true,resolved,matched US directory as PEG,US,XNYS,PEG,us,ordinary,US,USD,BBG000BQZMH4,BBG001S5V3C1,,true,true,0.95,finnhub_directory
PEGA,Pegasystems Inc,US,NASDAQGS,true,resolved,matched US directory as PEGA,US,XNAS,PEGA,us,ordinary,US,USD,BBG000H1RYG7,BBG001S93CK5,,true,true,0.95,finnhub_directory
PEN,Penumbra Inc,US,NYSE,true,resolved,matched US directory as PEN,US,XNYS,PEN,us,ordinary,US,USD,BBG001BP92V1,BBG001TRHPB0,,true,true,0.95,finnhub_directory
PEP,PepsiCo Inc,US,NASDAQGS,true,resolved,matched US directory as PEP,US,XNAS,PEP,us,ordinary,US,USD,BBG000DH7JK6,BBG001S695T1,,true,true,0.95,finnhub_directory
PFE,Pfizer Inc,US,NYSE,true,resolved,matched US directory as PFE,US,XNYS,PFE,us,ordinary,US,USD,BBG000BR2B91,BBG001S5V466,,true,true,0.95,finnhub_directory
PFG,Principal Financial Group Inc,US,NASDAQGS,true,resolved,matched US directory as PFG,US,XNAS,PFG,us,ordinary,US,USD,BBG000NSCNT7,BBG001SD3148,,true,true,0.95,finnhub_directory
PG,Procter & Gamble Company,US,NYSE,true,resolved,matched US directory as PG,US,XNYS,PG,us,ordinary,US,USD,BBG000BR2TH3,BBG001S5V4L9,,true,true,0.95,finnhub_directory
PGHN,Partners Group,CH,SWX,false,resolved,,SW,XSWX,PGHN,suffixed,ordinary,CH,CHF,BBG000DYF655,BBG001SJVNZ2,,true,false,0.95,openfigi
PGHN,Partners Group,CH,SWX,false,resolved,,US,OOTC,PGPHF,us,ordinary,US,USD,BBG000GP5GW0,BBG001SJVNZ2,,false,true,0.9,finnhub_directory
PGNY,Progyny Inc,US,NASDAQGS,true,resolved,matched US directory as PGNY,US,XNAS,PGNY,us,ordinary,US,USD,BBG002H1K1H1,BBG002H1K1K7,,true,true,0.95,finnhub_directory
PGPH.F,Partners Group Holding AG,US,OTCPK,false,resolved,resolved by name search to PGPHF on US,US,XNYS,PGPHF,us,ordinary,US,USD,BBG000GP5GW0,BBG001SJVNZ2,,true,true,0.7,finnhub_directory
PGR,Progressive Corp,US,,true,resolved,matched US directory as PGR,US,XNYS,PGR,us,ordinary,US,USD,BBG000BR37X2,BBG001S5V509,,true,true,0.95,finnhub_directory
PGY,Pagaya,US,NASDAQCM,true,resolved,"likely renamed: catalogue says ""Pagaya"", venue says ""PAGAYA TECHNOLOGIES LTD -A""",US,XNYS,PGY,us,ordinary,US,USD,BBG00VJFX5J9,BBG00VJFX5K7,,true,true,0.6,finnhub_directory
PH,Parker-Hannifin Corporation,US,,true,resolved,matched US directory as PH,US,XNYS,PH,us,ordinary,US,USD,BBG000BR3KL6,BBG001S5V554,,true,true,0.95,finnhub_directory
PHM,PulteGroup Inc,US,NYSE,true,resolved,matched US directory as PHM,US,XNYS,PHM,us,ordinary,US,USD,BBG000BR54L0,BBG001S5V5K7,,true,true,0.95,finnhub_directory
PICS,PicS PicPay Inc,US,NASDAQGS,true,resolved,"likely renamed: catalogue says ""PicS PicPay Inc"", venue says ""PICS NV""",US,XNYS,PICS,us,ordinary,US,USD,BBG01ZF805Z7,BBG01ZF806D9,,true,true,0.6,finnhub_directory
PINS,Pinterest Inc,US,NYSE,true,resolved,matched US directory as PINS,US,XNYS,PINS,us,ordinary,US,USD,BBG002583CV8,BBG002583CW7,,true,true,0.95,finnhub_directory
PKG,Packaging Corp of America,US,NYSE,true,resolved,matched US directory as PKG,US,XNYS,PKG,us,ordinary,US,USD,BBG000BB8SW7,BBG001S5V741,,true,true,0.95,finnhub_directory
PLD,Prologis Inc,US,NYSE,true,resolved,matched US directory as PLD,US,XNYS,PLD,us,other,US,USD,BBG000B9Z0J8,BBG001S5NMN6,,true,true,0.95,finnhub_directory
PLD,Prologis Inc,US,NYSE,true,resolved,matched US directory as PLD,US,OOTC,PLDGP,us,other,US,USD,,,,false,true,0.75,finnhub_directory
PLGO,Pelagos Insurance Capital Ltd,US,NYSE,true,resolved,matched US directory as PLGO,US,XNYS,PLGO,us,ordinary,US,USD,BBG009CWCN93,BBG009CWCNB0,,true,true,0.95,finnhub_directory
PLMR,Palomar Holdings Inc,US,NASDAQGS,true,resolved,matched US directory as PLMR,US,XNAS,PLMR,us,ordinary,US,USD,BBG00NLMRY30,BBG00NLMRYV9,,true,true,0.95,finnhub_directory
PLTR,Palantir Technologies Inc,US,,true,resolved,matched US directory as PLTR,US,XNAS,PLTR,us,ordinary,US,USD,BBG000N7QR55,BBG001T53796,,true,true,0.95,finnhub_directory
PM,Philip Morris International Inc,US,NYSE,true,resolved,matched US directory as PM,US,XNYS,PM,us,ordinary,US,USD,BBG000J2XL74,BBG001STP9N1,,true,true,0.95,finnhub_directory
PNC,PNC Financial Services Group Inc,US,NYSE,true,resolved,matched US directory as PNC,US,XNYS,PNC,us,ordinary,US,USD,BBG000BRD0D8,BBG001S5V947,,true,true,0.95,finnhub_directory
PNR,Pentair PLC,GB,NYSE,true,resolved,matched US directory as PNR,US,XNYS,PNR,us,ordinary,US,USD,BBG000C221G9,BBG001S69VB3,,true,true,0.95,finnhub_directory
PNTG,Pennant Group Inc,US,NASDAQGS,true,resolved,matched US directory as PNTG,US,XNAS,PNTG,us,ordinary,US,USD,BBG00P33SY72,BBG00P33SZ15,,true,true,0.95,finnhub_directory
PNW,Pinnacle West Capital Corp,US,NYSE,true,resolved,matched US directory as PNW,US,XNYS,PNW,us,ordinary,US,USD,BBG000BRDSX5,BBG001S5VB15,,true,true,0.95,finnhub_directory
PODD,Insulet Corporation,US,NASDAQGS,true,resolved,matched US directory as PODD,US,XNAS,PODD,us,ordinary,US,USD,BBG000R7XX87,BBG001SRF439,,true,true,0.95,finnhub_directory
POWL,Powell Industries Inc,US,NASDAQGS,true,resolved,matched US directory as POWL,US,XNAS,POWL,us,ordinary,US,USD,BBG000BRGWN4,BBG001S5VBT5,,true,true,0.95,finnhub_directory
PPC,Pilgrims Pride Corp,US,NASDAQGS,true,resolved,matched US directory as PPC,US,XNAS,PPC,us,ordinary,US,USD,BBG000BFLXV3,BBG001S5PSN1,,true,true,0.95,finnhub_directory
PPG,PPG Industries Inc,US,NYSE,true,resolved,matched US directory as PPG,US,XNYS,PPG,us,ordinary,US,USD,BBG000BRJ809,BBG001S5VC13,,true,true,0.95,finnhub_directory
PPL,PPL Corporation,US,NYSE,true,resolved,matched US directory as PPL,US,XNYS,PPL,us,ordinary,US,USD,BBG000BRJL00,BBG001S5VC31,,true,true,0.95,finnhub_directory
PPRU.Y,Kering SA,US,OTCPK,true,resolved,resolved by name search to PPRUF on US,US,XNYS,PPRUF,us,ordinary,US,USD,BBG000BXDCS3,BBG001S698B4,,true,true,0.7,finnhub_directory
PPRU.Y,Kering SA,US,OTCPK,true,resolved,resolved by name search to PPRUF on US,US,OOTC,PPRUY,us,adr,US,USD,BBG000MH8HP4,BBG001T32G92,,false,true,0.7,finnhub_directory
PPRU_Y,Kering SA,,,false,resolved,resolved by name search to PPRUF on US,US,XNYS,PPRUF,us,ordinary,US,USD,BBG000BXDCS3,BBG001S698B4,,true,true,0.7,finnhub_directory
PPRU_Y,Kering SA,,,false,resolved,resolved by name search to PPRUF on US,US,OOTC,PPRUY,us,adr,US,USD,BBG000MH8HP4,BBG001T32G92,,false,true,0.7,finnhub_directory
PR,Permian Resources Corp,US,NYSE,true,resolved,matched US directory as PR,US,XNYS,PR,us,ordinary,US,USD,BBG00CNYBQ76,BBG00D61Y2G3,,true,true,0.95,finnhub_directory
PRGS,Progress Software Corporation,US,NASDAQGS,true,resolved,matched US directory as PRGS,US,XNAS,PRGS,us,ordinary,US,USD,BBG000C4QP94,BBG001S6MCY5,,true,true,0.95,finnhub_directory
PRI,Primerica Inc,US,NYSE,true,resolved,matched US directory as PRI,US,XNYS,PRI,us,ordinary,US,USD,BBG000T8ZF80,BBG001T5ZSQ6,,true,true,0.95,finnhub_directory
PRIM,Primoris Services Corporation,US,NYSE,true,resolved,matched US directory as PRIM,US,XNYS,PRIM,us,ordinary,US,USD,BBG000BBLPH5,BBG001S64801,,true,true,0.95,finnhub_directory
PRMB,Primo Water Corp,US,NYSE,true,resolved,"likely renamed: catalogue says ""Primo Water Corp"", venue says ""PRIMO BRANDS CORP""",US,XNYS,PRMB,us,ordinary,US,USD,BBG01QNB0RS1,BBG01QNB0RT0,,true,true,0.6,finnhub_directory
PROS.F,Prosus NV,US,OTCPK,false,resolved,resolved by name search to PROSF on US,US,XNYS,PROSF,us,ordinary,US,USD,BBG00QDGMRS8,BBG00NQKSQ35,,true,true,0.7,finnhub_directory
PROS.F,Prosus NV,US,OTCPK,false,resolved,resolved by name search to PROSF on US,US,OOTC,PROSY,us,adr,US,USD,BBG00PGBZX47,BBG00PGBZX56,,false,true,0.7,finnhub_directory
PRSU,Pursuit Attractions and Hospitality Inc,US,NYSE,true,resolved,matched US directory as PRSU,US,XNYS,PRSU,us,ordinary,US,USD,BBG000D79DL8,BBG001S77S57,,true,true,0.95,finnhub_directory
PRU,Prudential PLC,US,,true,resolved,,GR,XETR,PRU,suffixed,ordinary,DE,EUR,BBG000BVSHR1,BBG001S63063,,true,false,0.8,openfigi
PRU,Prudential PLC,US,,true,resolved,,US,OOTC,PUKPF,us,ordinary,US,USD,BBG000CCHY88,BBG001S63063,,false,true,0.8,finnhub_directory
PRU,Prudential PLC,US,,true,resolved,,US,XNYS,PUK,us,adr,US,USD,BBG000C58NY8,BBG001SF5MH1,,false,true,0.75,finnhub_directory
PRVA,Privia Health Group Inc,US,NASDAQGS,true,resolved,matched US directory as PRVA,US,XNAS,PRVA,us,ordinary,US,USD,BBG00ZXYXVP9,BBG00ZXYXWJ4,,true,true,0.95,finnhub_directory
PRX,Prosus NV,CH,SWX,false,resolved,,SW,XSWX,PRX,suffixed,ordinary,CH,CHF,BBG01J9QLBR3,BBG00NQKSQ35,,true,false,0.95,openfigi
PRX,Prosus NV,CH,SWX,false,resolved,,US,OOTC,PROSF,us,ordinary,US,USD,BBG00QDGMRS8,BBG00NQKSQ35,,false,true,0.9,finnhub_directory
PRX,Prosus NV,CH,SWX,false,resolved,,US,OOTC,PROSY,us,adr,US,USD,BBG00PGBZX47,BBG00PGBZX56,,false,true,0.75,finnhub_directory
PSA,Public Storage,US,NYSE,true,resolved,matched US directory as PSA,US,XNYS,PSA,us,other,US,USD,BBG000BPPN67,BBG001S5TH79,,true,true,0.95,finnhub_directory
PSKY,Paramount Skydance Corp,US,NASDAQGS,true,resolved,matched US directory as PSKY,US,XNAS,PSKY,us,ordinary,US,USD,BBG01VS5NK99,BBG01VS5NKB6,,true,true,0.95,finnhub_directory
PSMT,PriceSmart Inc,US,NASDAQGS,true,resolved,matched US directory as PSMT,US,XNAS,PSMT,us,ordinary,US,USD,BBG000BTKR92,BBG001SB78V3,,true,true,0.95,finnhub_directory
PSN,Parsons Corp,US,NYSE,true,resolved,matched US directory as PSN,US,XNYS,PSN,us,ordinary,US,USD,BBG000C3TKY6,BBG001SDWJQ3,,true,true,0.95,finnhub_directory
PSX,Phillips 66,US,NYSE,true,resolved,matched US directory as PSX,US,XNYS,PSX,us,ordinary,US,USD,BBG00286S4N9,BBG00286S4P7,,true,true,0.95,finnhub_directory
PTC,PTC Inc,US,NASDAQGS,true,resolved,matched US directory as PTC,US,XNAS,PTC,us,ordinary,US,USD,BBG000C2VBB0,BBG001S6DNK6,,true,true,0.95,finnhub_directory
PUK,Prudential Public Limited Company,US,NYSE,true,resolved,"likely renamed: catalogue says ""Prudential Public Limited Company"", venue says ""PRUDENTIAL PLC-ADR""",US,XNYS,PUK,us,adr,US,USD,BBG000C58NY8,BBG001SF5MH1,,true,true,0.6,finnhub_directory
PWR,Quanta Services Inc,US,NYSE,true,resolved,matched US directory as PWR,US,XNYS,PWR,us,ordinary,US,USD,BBG000BBL8V7,BBG001S5VH85,,true,true,0.95,finnhub_directory
PYPL,PayPal Holdings Inc,US,,true,resolved,matched US directory as PYPL,US,XNAS,PYPL,us,ordinary,US,USD,BBG0077VNXV6,BBG0077VNXW5,,true,true,0.95,finnhub_directory
Q,Qnity Electronics Inc,US,NYSE,true,resolved,matched US directory as Q,US,XNYS,Q,us,ordinary,US,USD,BBG01TRL73S5,BBG01TRL7564,,true,true,0.95,finnhub_directory
QBEI.F,QBE Insurance Group Limited,US,OTCPK,false,resolved,resolved by name search to QBEIF on US,US,XNYS,QBEIF,us,ordinary,US,USD,BBG000DLY965,BBG001S5PVX3,,true,true,0.7,openfigi
QBEI_F,QBE Insurance Group Limited,,,false,resolved,resolved by name search to QBEAU L 12/30/04 ** on null,US,OOTC,QBEIF,us,ordinary,US,USD,BBG000DLY965,BBG001S5PVX3,,true,true,0.7,finnhub_directory
QCOM,Qualcomm Incorporated,US,NASDAQGS,true,resolved,matched US directory as QCOM,US,XNAS,QCOM,us,ordinary,US,USD,BBG000CGC1X8,BBG001S6VS70,,true,true,0.95,finnhub_directory
QLYS,Qualys Inc,US,NASDAQGS,true,resolved,matched US directory as QLYS,US,XNAS,QLYS,us,ordinary,US,USD,BBG000HT5G06,BBG001SYH860,,true,true,0.95,finnhub_directory
QQ.,Qinetiq Group PLC,GB,LSE,false,resolved,resolved by name search to QQ/ on LN,LN,XLON,QQ/,suffixed,ordinary,GB,GBP,BBG000HF5083,BBG001SHP0T0,,true,false,0.7,openfigi
QQ.,Qinetiq Group PLC,GB,LSE,false,resolved,resolved by name search to QQ/ on LN,US,OOTC,QNTQF,us,ordinary,US,USD,BBG000R486Y2,BBG001SHP0T0,,false,true,0.7,finnhub_directory
QTWO,Q2 Holdings,US,NYSE,true,resolved,matched US directory as QTWO,US,XNYS,QTWO,us,ordinary,US,USD,BBG005ZVK9P2,BBG005ZVK9Q1,,true,true,0.95,finnhub_directory
R3NK,RENK Group AG,CH,SWX,false,resolved,,SW,XSWX,R3NK,suffixed,ordinary,CH,CHF,BBG01NT2YB73,BBG01DMTTSX3,,true,false,0.95,openfigi
R3NK,RENK Group AG,CH,SWX,false,resolved,,US,OOTC,RNKGF,us,ordinary,US,USD,BBG01MMSXR35,BBG01DMTTSX3,,false,true,0.9,finnhub_directory
R3NK,RENK Group AG,CH,SWX,false,resolved,,US,OOTC,RKGRY,us,adr,US,USD,BBG01Y787Q95,BBG01Y787RC9,,false,true,0.75,finnhub_directory
RACE,Ferrari NV,IT,NYSE,true,resolved,matched US directory as RACE,US,XNYS,RACE,us,ordinary,US,USD,BBG009PH3Q86,BBG009PH3Q95,,true,true,0.95,finnhub_directory
RAMP,Liveramp Holdings Inc,US,NYSE,true,resolved,matched US directory as RAMP,US,XNYS,RAMP,us,ordinary,US,USD,BBG000BB4HM6,BBG001S5NCJ3,,true,true,0.95,finnhub_directory
RBA,RB Global Inc,US,NYSE,true,resolved,matched US directory as RBA,US,XNYS,RBA,us,ordinary,US,USD,BBG000C1DF05,BBG001SBQWW8,,true,true,0.95,finnhub_directory
RBC,RBC Bearings Incorporated,US,NYSE,true,resolved,matched US directory as RBC,US,XNYS,RBC,us,ordinary,US,USD,BBG000GMGNB3,BBG001SNYTV1,,true,true,0.95,finnhub_directory
RCL,Royal Caribbean Cruises Ltd,US,NYSE,true,resolved,matched US directory as RCL,US,XNYS,RCL,us,ordinary,US,USD,BBG000BB5792,BBG001S5RMJ7,,true,true,0.95,finnhub_directory
RDDT,Reddit Inc,US,NYSE,true,resolved,matched US directory as RDDT,US,XNYS,RDDT,us,ordinary,US,USD,BBG005K1D4S0,BBG015RGX648,,true,true,0.95,finnhub_directory
REG,Regency Centers Corporation,US,NASDAQGS,true,resolved,matched US directory as REG,US,XNAS,REG,us,other,US,USD,BBG000BL46Q4,BBG001S7H752,,true,true,0.95,finnhub_directory
REGN,Regeneron Pharmaceuticals Inc,US,NASDAQGS,true,resolved,matched US directory as REGN,US,XNAS,REGN,us,ordinary,US,USD,BBG000C734W3,BBG001S6PX49,,true,true,0.95,finnhub_directory
RELY,Remitly Global Inc,US,NASDAQGS,true,resolved,matched US directory as RELY,US,XNAS,RELY,us,ordinary,US,USD,BBG012C7JST2,BBG012C7JTN6,,true,true,0.95,finnhub_directory
RF,Regions Financial Corporation,US,NYSE,true,resolved,matched US directory as RF,US,XNYS,RF,us,ordinary,US,USD,BBG000Q3JN03,BBG001SM4KY2,,true,true,0.95,finnhub_directory
RGA,Reinsurance Group of America,US,NYSE,true,resolved,matched US directory as RGA,US,XNYS,RGA,us,ordinary,US,USD,BBG000BDLCQ0,BBG001S6P9Q8,,true,true,0.95,finnhub_directory
RGLD,Royal Gold Inc,US,NASDAQGS,true,resolved,matched US directory as RGLD,US,XNAS,RGLD,us,ordinary,US,USD,BBG000BS5170,BBG001S5VNX4,,true,true,0.95,finnhub_directory
RGRN.F,Regis Resources Ltd,US,OTCPK,false,resolved,resolved by name search to RGRNF on US,US,XNYS,RGRNF,us,ordinary,US,USD,BBG000BD2B10,BBG001S5W7J4,,true,true,0.7,finnhub_directory
RHM,Rheinmetall AG,CH,SWX,false,resolved,,SW,XSWX,RHM,suffixed,ordinary,CH,CHF,BBG006TLTL19,BBG001S699S4,,true,false,0.95,openfigi
RHM,Rheinmetall AG,CH,SWX,false,resolved,,US,OOTC,RNMBF,us,ordinary,US,USD,BBG000BWT790,BBG001S699S4,,false,true,0.9,finnhub_directory
RJET,Republic Airways Holdings Inc,US,NASDAQGS,true,resolved,matched US directory as RJET,US,XNAS,RJET,us,ordinary,US,USD,BBG00LFWMKM3,BBG00LFWMLC2,,true,true,0.95,finnhub_directory
RJF,Raymond James Financial Inc,US,NYSE,true,resolved,matched US directory as RJF,US,XNYS,RJF,us,ordinary,US,USD,BBG000BS73J1,BBG001S5VQ03,,true,true,0.95,finnhub_directory
RL,Ralph Lauren Corp Class A,US,NYSE,true,resolved,matched US directory as RL,US,XNYS,RL,us,ordinary,US,USD,BBG000BS0ZF1,BBG001S9TL45,,true,true,0.95,finnhub_directory
RMBS,Rambus Inc,US,NASDAQGS,true,resolved,matched US directory as RMBS,US,XNAS,RMBS,us,ordinary,US,USD,BBG000BR32C6,BBG001S7RF80,,true,true,0.95,finnhub_directory
RMD,ResMed Inc,US,NYSE,true,resolved,matched US directory as RMD,US,XNYS,RMD,us,ordinary,US,USD,BBG000L4M7F1,BBG001SBGRC2,,true,true,0.95,finnhub_directory
RMLR.F,Ramelius Resources Ltd,US,OTCPK,false,resolved,resolved by name search to RMLRF on US,US,XNYS,RMLRF,us,ordinary,US,USD,BBG000R52CF3,BBG001SGXQ07,,true,true,0.7,finnhub_directory
RMS,Hermes International SCA,FR,ENXTPA,false,resolved,,FP,XPAR,RMS,suffixed,ordinary,FR,EUR,BBG000BDYY97,BBG001S7CH28,,true,false,0.95,openfigi
RMS,Hermes International SCA,FR,ENXTPA,false,resolved,,US,OOTC,HESAF,us,ordinary,US,USD,BBG000BTJD31,BBG001S7CH28,,false,true,0.9,finnhub_directory
RMS,Hermes International SCA,FR,ENXTPA,false,resolved,,US,OOTC,HESAY,us,adr,US,USD,BBG000PS06W1,BBG001T3TVS9,,false,true,0.75,finnhub_directory
RMV,Rightmove PLC,GB,LSE,false,resolved,,LN,XLON,RMV,suffixed,ordinary,GB,GBP,BBG000DD5X08,BBG001SKHV14,,true,false,0.95,openfigi
RMV,Rightmove PLC,GB,LSE,false,resolved,,US,OOTC,RTMVF,us,ordinary,US,USD,BBG000Q0XMR6,BBG001SKHV14,,false,true,0.9,finnhub_directory
RMV,Rightmove PLC,GB,LSE,false,resolved,,US,OOTC,RMVEY,us,adr,US,USD,BBG021MGFBS4,BBG021MGFD37,,false,true,0.75,finnhub_directory
RNR,Renaissancere Holdings Ltd,BM,NYSE,true,resolved,matched US directory as RNR,US,XNYS,RNR,us,ordinary,US,USD,BBG000BFVZ83,BBG001S6T1Z1,,true,true,0.95,finnhub_directory
ROAD,Construction Partners Inc,US,NASDAQGS,true,resolved,matched US directory as ROAD,US,XNAS,ROAD,us,ordinary,US,USD,BBG00KK0CFX9,BBG00KK0CFZ7,,true,true,0.95,finnhub_directory
ROCKA,Rockwool International A,DK,CPSE,false,resolved,"likely renamed: catalogue says ""Rockwool International A"", venue says ""ROCKWOOL A/S-A SHS""",DC,XCSE,ROCKA,suffixed,ordinary,DK,DKK,BBG000BQNGS8,BBG001SB5NT5,,true,false,0.6,openfigi
ROCKA,Rockwool International A,DK,CPSE,false,resolved,"likely renamed: catalogue says ""Rockwool International A"", venue says ""ROCKWOOL A/S-A SHS""",US,OOTC,RKWAF,us,ordinary,US,USD,BBG000C0X561,BBG001SB5NT5,,false,true,0.6,finnhub_directory
ROK,Rockwell Automation Inc,US,NYSE,true,resolved,matched US directory as ROK,US,XNYS,ROK,us,ordinary,US,USD,BBG000BBCDZ2,BBG001S5VRF5,,true,true,0.95,finnhub_directory
ROKU,Roku Inc,US,NASDAQGS,true,resolved,matched US directory as ROKU,US,XNAS,ROKU,us,ordinary,US,USD,BBG001ZZPQJ6,BBG001ZZPQM2,,true,true,0.95,finnhub_directory
ROL,Rollins Inc,US,NYSE,true,resolved,matched US directory as ROL,US,XNYS,ROL,us,ordinary,US,USD,BBG000BSBBP1,BBG001S5VRG4,,true,true,0.95,finnhub_directory
ROP,Roper Technologies Inc,US,NASDAQGS,true,resolved,matched US directory as ROP,US,XNAS,ROP,us,ordinary,US,USD,BBG000F1ZSN5,BBG001S9B362,,true,true,0.95,finnhub_directory
ROR,Rotork PLC,GB,LSE,false,resolved,,LN,XLON,ROR,suffixed,ordinary,GB,GBP,BBG000BDZHT1,BBG001S63410,,true,false,0.95,openfigi
ROR,Rotork PLC,GB,LSE,false,resolved,,US,OOTC,RTOXF,us,ordinary,US,USD,BBG000BX7X04,BBG001S63410,,false,true,0.9,finnhub_directory
ROST,Ross Stores Inc,US,NASDAQGS,true,resolved,matched US directory as ROST,US,XNAS,ROST,us,ordinary,US,USD,BBG000BSBZH7,BBG001S5VRS1,,true,true,0.95,finnhub_directory
RPYT.F,Reply SpA,US,OTCPK,false,resolved,resolved by name search to RPYTF on US,US,XNYS,RPYTF,us,ordinary,US,USD,BBG00NZTQZG4,BBG001SF3ZQ4,,true,true,0.7,finnhub_directory
RR.,Rolls-Royce Holdings PLC,GB,LSE,false,resolved,resolved by name search to RR/ on LN,LN,XLON,RR/,suffixed,ordinary,GB,GBP,BBG000BTG1B1,BBG001S634G4,,true,false,0.7,openfigi
RR.,Rolls-Royce Holdings PLC,GB,LSE,false,resolved,resolved by name search to RR/ on LN,US,OOTC,RYCEF,us,ordinary,US,USD,BBG000D5S681,BBG001S634G4,,false,true,0.7,finnhub_directory
RSG,Republic Services Inc,US,NYSE,true,resolved,matched US directory as RSG,US,XNYS,RSG,us,ordinary,US,USD,BBG000BPXVJ6,BBG001S9DL33,,true,true,0.95,finnhub_directory
RSI,Rush Street Interactive Inc,US,NYSE,true,resolved,matched US directory as RSI,US,XNYS,RSI,us,ordinary,US,USD,BBG00RMKRQM0,BBG00RMKRQN9,,true,true,0.95,finnhub_directory
RTX,Rtx Corp,US,NYSE,true,resolved,matched US directory as RTX,US,XNYS,RTX,us,ordinary,US,USD,BBG000BW8S60,BBG001S5X5Q9,,true,true,0.95,finnhub_directory
RVTY,Revvity Inc,US,NYSE,true,resolved,matched US directory as RVTY,US,XNYS,RVTY,us,ordinary,US,USD,BBG000FXW512,BBG001SBKS35,,true,true,0.95,finnhub_directory
RYAA.Y,Ryanair Holdings PLC ADR,US,NASDAQGS,true,resolved,resolved by name search to RYAOF on US,US,XNYS,RYAOF,us,ordinary,US,USD,BBG000PB54D9,BBG001S8FHN0,,true,true,0.7,openfigi
RYAA_Y,Ryanair Holdings PLC ADR,,,false,resolved,resolved by name search to RYAOF on US,US,XNYS,RYAOF,us,ordinary,US,USD,BBG000PB54D9,BBG001S8FHN0,,true,true,0.7,finnhub_directory
RYAN,Ryan Specialty Group Holdings Inc,US,NYSE,true,resolved,matched US directory as RYAN,US,XNYS,RYAN,us,ordinary,US,USD,BBG011K4W134,BBG011K4W1Y0,,true,true,0.95,finnhub_directory
RYAO.F,Ryanair Holdings PLC,US,OTCPK,false,resolved,resolved by name search to RYAOF on US,US,XNYS,RYAOF,us,ordinary,US,USD,BBG000PB54D9,BBG001S8FHN0,,true,true,0.7,finnhub_directory
RYCE.F,Rolls-Royce Holdings PLC,US,OTCPK,false,resolved,resolved by name search to RYCEF on US,US,XNYS,RYCEF,us,ordinary,US,USD,BBG000D5S681,BBG001S634G4,,true,true,0.7,finnhub_directory
SAFARI,Safari Industries,US,NSEI,false,resolved,resolved by name search to SII on IS,IS,XNSE,SII,suffixed,ordinary,IN,INR,BBG000CZ3558,BBG001S84KW5,,true,false,0.7,openfigi
SAFR.F,Safran SA,US,OTCPK,false,resolved,resolved by name search to SAFRF on US,US,XNYS,SAFRF,us,ordinary,US,USD,BBG000BWVMZ5,BBG001SCDDY0,,true,true,0.7,finnhub_directory
SAFR.F,Safran SA,US,OTCPK,false,resolved,resolved by name search to SAFRF on US,US,OOTC,SAFRY,us,adr,US,USD,BBG000GX46R2,BBG001SVBFK0,,false,true,0.7,finnhub_directory
SAFT,Safety Insurance Group Inc,US,NASDAQGS,true,resolved,matched US directory as SAFT,US,XNAS,SAFT,us,ordinary,US,USD,BBG000BF73Y2,BBG001S78T90,,true,true,0.95,finnhub_directory
SAMPO,Sampo Oyj A,US,HLSE,false,resolved,,FH,XHEL,SAMPO,suffixed,ordinary,FI,EUR,BBG000BRP3P6,BBG001S7XYB8,,true,false,0.95,openfigi
SAMPO,Sampo Oyj A,US,HLSE,false,resolved,,US,OOTC,SAXPF,us,ordinary,US,USD,BBG000C0YBQ5,BBG001S7XYB8,,false,true,0.9,finnhub_directory
SAP,SAP SE,DE,,true,resolved,matched US directory as SAP,US,XNYS,SAP,us,adr,US,USD,BBG000BDSLD7,BBG001S6RD41,,true,true,0.95,finnhub_directory
SAP,SAP SE,DE,,true,resolved,matched US directory as SAP,US,OOTC,SAPGF,us,ordinary,US,USD,BBG000BQKGR2,BBG001S6RK27,,false,true,0.75,finnhub_directory
SAPG.F,SAP SE,US,OTCPK,false,resolved,resolved by name search to SAP on US,US,XNYS,SAP,us,adr,US,USD,BBG000BDSLD7,BBG001S6RD41,,true,true,0.7,finnhub_directory
SAPG.F,SAP SE,US,OTCPK,false,resolved,resolved by name search to SAP on US,US,OOTC,SAPGF,us,ordinary,US,USD,BBG000BQKGR2,BBG001S6RK27,,false,true,0.7,finnhub_directory
SARO,StandardAero Inc,US,NYSE,true,resolved,matched US directory as SARO,US,XNYS,SARO,us,ordinary,US,USD,BBG000RD8M04,BBG001STH0V0,,true,true,0.95,finnhub_directory
SATS,Satsuma Technology PLC,US,LSE,true,resolved,,LN,XLON,SATS,suffixed,ordinary,GB,GBP,BBG019SMQWM7,BBG019SMQWQ3,,true,false,0.95,openfigi
SATS,Satsuma Technology PLC,US,LSE,true,resolved,,US,OOTC,STSUF,us,ordinary,US,USD,BBG022DRVJZ5,BBG019SMQWQ3,,false,true,0.9,finnhub_directory
SBAC,SBA Communications Corp,US,NASDAQGS,true,resolved,matched US directory as SBAC,US,XNAS,SBAC,us,other,US,USD,BBG000D2M0Z7,BBG001SCWNN9,,true,true,0.95,finnhub_directory
SBUX,Starbucks Corporation,US,NASDAQGS,true,resolved,matched US directory as SBUX,US,XNAS,SBUX,us,ordinary,US,USD,BBG000CTQBF3,BBG001S72KH6,,true,true,0.95,finnhub_directory
SCCO,Southern Copper Corporation,US,NYSE,true,resolved,matched US directory as SCCO,US,XNYS,SCCO,us,ordinary,US,USD,BBG000BSHH72,BBG001S6ZM88,,true,true,0.95,finnhub_directory
SCHW,Charles Schwab Corp,US,NYSE,true,resolved,matched US directory as SCHW,US,XNYS,SCHW,us,ordinary,US,USD,BBG000BSLZY7,BBG001S5VXD4,,true,true,0.95,finnhub_directory
SCHY.F,Sands China Ltd.,US,OTCPK,false,resolved,resolved by name search to SCHYF on US,US,XNYS,SCHYF,us,ordinary,US,USD,BBG0039FX637,BBG001T5YQ27,,true,true,0.7,finnhub_directory
SCT,Softcat PLC,GB,LSE,false,resolved,,LN,XLON,SCT,suffixed,ordinary,GB,GBP,BBG00B8F59B6,BBG001TD1C90,,true,false,0.95,openfigi
SCVP.Y,Siam Cement PCL ADR,US,OTCPK,true,resolved,resolved by name search to SCVPY on US,US,XNYS,SCVPY,us,adr,US,USD,BBG00286MWJ8,BBG00286MX97,,true,true,0.7,finnhub_directory
SEPL,Seplat Petroleum Development Company PLC,GB,LSE,false,resolved,"likely renamed: catalogue says ""Seplat Petroleum Development Company PLC"", venue says ""SEPLAT ENERGY PLC""",LN,XLON,SEPL,suffixed,ordinary,GB,GBP,BBG0064NZQ69,BBG0064NZPS7,,true,false,0.6,openfigi
SEPL,Seplat Petroleum Development Company PLC,GB,LSE,false,resolved,"likely renamed: catalogue says ""Seplat Petroleum Development Company PLC"", venue says ""SEPLAT ENERGY PLC""",US,OOTC,SEPLF,us,ordinary,US,USD,BBG0183FJPK6,BBG0064NZPS7,,false,true,0.6,finnhub_directory
SEPL.F,Seplat Energy Plc,US,OTCPK,false,resolved,resolved by name search to SEPLF on US,US,XNYS,SEPLF,us,ordinary,US,USD,BBG0183FJPK6,BBG0064NZPS7,,true,true,0.7,finnhub_directory
SEZL,Sezzle Inc,US,NASDAQCM,true,resolved,matched US directory as SEZL,US,XNAS,SEZL,us,ordinary,US,USD,BBG00MKN0917,BBG00MKN0926,,true,true,0.95,finnhub_directory
SFM,Sprouts Farmers Market Inc,US,NASDAQGS,true,resolved,matched US directory as SFM,US,XNAS,SFM,us,ordinary,US,USD,BBG001KFKQM7,BBG001V0MZS0,,true,true,0.95,finnhub_directory
SGE,Sage Group PLC,GB,LSE,false,resolved,,LN,XLON,SGE,suffixed,ordinary,GB,GBP,BBG000BN0PP3,BBG001S6G327,,true,false,0.95,openfigi
SGE,Sage Group PLC,GB,LSE,false,resolved,,US,OOTC,SGGEF,us,ordinary,US,USD,BBG000D5YNZ7,BBG001S6G327,,false,true,0.9,finnhub_directory
SGE,Sage Group PLC,GB,LSE,false,resolved,,US,OOTC,SGPYY,us,adr,US,USD,BBG000CN6KV0,BBG001SHSWK6,,false,true,0.75,finnhub_directory
SGHC,SGHC Limited,GG,NYSE,true,resolved,"likely renamed: catalogue says ""SGHC Limited"", venue says ""SUPER GROUP SGHC LTD""",US,XNYS,SGHC,us,ordinary,US,USD,BBG014V541D3,BBG014V541F1,,true,true,0.6,finnhub_directory
SGI,Somnigroup International Inc,US,NYSE,true,resolved,matched US directory as SGI,US,XNYS,SGI,us,ordinary,US,USD,BBG000PXGT62,BBG001SH81D4,,true,true,0.95,finnhub_directory
SHAK,Shake Shack Inc,US,NYSE,true,resolved,matched US directory as SHAK,US,XNYS,SHAK,us,ordinary,US,USD,BBG0063GCHH8,BBG0063GCHJ6,,true,true,0.95,finnhub_directory
SHC,Sotera Health Co,US,NASDAQGS,true,resolved,matched US directory as SHC,US,XNAS,SHC,us,ordinary,US,USD,BBG008LZG0Z5,BBG008LZG101,,true,true,0.95,finnhub_directory
SHEL,Shell PLC ADR,US,NYSE,true,resolved,matched US directory as SHEL,US,XNYS,SHEL,us,adr,US,USD,BBG0147BN6G2,BBG0147BN6H1,,true,true,0.95,finnhub_directory
SHEL,Shell PLC ADR,US,NYSE,true,resolved,matched US directory as SHEL,US,OOTC,RYDAF,us,ordinary,US,USD,BBG01530LQZ4,BBG0149N4YG4,,false,true,0.75,finnhub_directory
SHLS,Shoals Technologies Group Inc,US,NASDAQGM,true,resolved,matched US directory as SHLS,US,XNAS,SHLS,us,ordinary,US,USD,BBG00YQ82275,BBG00YQ82328,,true,true,0.95,finnhub_directory
SHOO,Steven Madden Ltd,US,NASDAQGS,true,resolved,matched US directory as SHOO,US,XNAS,SHOO,us,ordinary,US,USD,BBG000BLV2Q3,BBG001S7JHQ5,,true,true,0.95,finnhub_directory
SHOP,Shopify Inc,CA,NASDAQGS,true,resolved,matched US directory as SHOP,US,XNAS,SHOP,us,ordinary,US,USD,BBG008HBD923,BBG004DW5NC7,,true,true,0.95,finnhub_directory
SHW,Sherwin-Williams Co,US,NYSE,true,resolved,matched US directory as SHW,US,XNYS,SHW,us,ordinary,US,USD,BBG000BSXQV7,BBG001S5W2F9,,true,true,0.95,finnhub_directory
SIGI,Selective Insurance Group Inc,US,NASDAQGS,true,resolved,matched US directory as SIGI,US,XNAS,SIGI,us,ordinary,US,USD,BBG000BSZ738,BBG001S5W2R6,,true,true,0.95,finnhub_directory
SII,Sprott Inc,CA,NYSE,true,resolved,matched US directory as SII,US,XNYS,SII,us,ordinary,US,USD,BBG000VX8S02,BBG001T2FK64,,true,true,0.95,finnhub_directory
SIXG,Sixt SE,DE,XTRA,false,resolved,resolved by name search to SIX2 on GY,GY,XETR,SIX2,suffixed,ordinary,DE,EUR,BBG000BCR723,BBG001S6HDJ6,,true,false,0.7,openfigi
SIXG,Sixt SE,DE,XTRA,false,resolved,resolved by name search to SIX2 on GY,US,OOTC,SIXGF,us,ordinary,US,USD,BBG000BT4909,BBG001S6HDJ6,,false,true,0.7,finnhub_directory
SJM,JM Smucker Company,US,NYSE,true,resolved,matched US directory as SJM,US,XNYS,SJM,us,ordinary,US,USD,BBG000BT1715,BBG001S5W3H5,,true,true,0.95,finnhub_directory
SKWD,Skyward Specialty Insurance Group Inc,US,NASDAQGS,true,resolved,matched US directory as SKWD,US,XNAS,SKWD,us,ordinary,US,USD,BBG002QHKLM6,BBG002QHKLR1,,true,true,0.95,finnhub_directory
SKX,Skechers USA Inc,US,NYSE,false,resolved,resolved by name search to SKAA on SW,SW,XSWX,SKAA,suffixed,ordinary,CH,CHF,BBG00LVGF970,BBG001S5XTG8,,true,false,0.7,openfigi
SKYW,SkyWest Inc,US,NASDAQGS,true,resolved,matched US directory as SKYW,US,XNAS,SKYW,us,ordinary,US,USD,BBG000BT36X0,BBG001S5W465,,true,true,0.95,finnhub_directory
SLB,Slb NV,US,NYSE,true,resolved,matched US directory as SLB,US,XNYS,SLB,us,ordinary,US,USD,BBG000BT41Q8,BBG001S5W4C8,,true,true,0.95,finnhub_directory
SLDE,Slide Insurance Holdings Inc,US,NASDAQGS,true,resolved,matched US directory as SLDE,US,XNAS,SLDE,us,ordinary,US,USD,BBG013PZCC16,BBG013PZCC52,,true,true,0.95,finnhub_directory
SLF,Sun Life Financial Inc,US,NYSE,true,resolved,matched US directory as SLF,US,XNYS,SLF,us,ordinary,US,USD,BBG000LRMSB8,BBG001S7XWH6,,true,true,0.95,finnhub_directory
SLF,Sun Life Financial Inc,US,NYSE,true,resolved,matched US directory as SLF,US,OOTC,SUNFF,us,other,US,USD,,,,false,true,0.75,finnhub_directory
SLF,Sun Life Financial Inc,US,NYSE,true,resolved,matched US directory as SLF,US,OOTC,SLFIF,us,other,US,USD,,,,false,true,0.75,finnhub_directory
SLF,Sun Life Financial Inc,US,NYSE,true,resolved,matched US directory as SLF,US,OOTC,SLFQF,us,other,US,USD,,,,false,true,0.75,finnhub_directory
SMCI,Super Micro Computer Inc,US,NASDAQGS,true,resolved,matched US directory as SMCI,US,XNAS,SMCI,us,ordinary,US,USD,BBG000MYZDJ3,BBG001SQGH95,,true,true,0.95,finnhub_directory
SMSG.Y,Samsonite International SA ADR,US,OTCPK,true,resolved,resolved by name search to 1910HKD on X2,X2,,1910HKD,unknown,ordinary,,,BBG00JPWDGM6,BBG001V1H038,,true,false,0.7,openfigi
SMSG.Y,Samsonite International SA ADR,US,OTCPK,true,resolved,resolved by name search to 1910HKD on X2,US,OOTC,SMSOF,us,ordinary,US,USD,BBG002YG7031,BBG001V1H038,,false,true,0.7,finnhub_directory
SMSO.F,Samsonite Group S.A.,US,OTCPK,false,resolved,resolved by name search to SMSOF on US,US,XNYS,SMSOF,us,ordinary,US,USD,BBG002YG7031,BBG001V1H038,,true,true,0.7,finnhub_directory
SMSO.F,Samsonite Group S.A.,US,OTCPK,false,resolved,resolved by name search to SMSOF on US,US,OOTC,SMSGY,us,adr,US,USD,BBG021LWSMH4,BBG021LWSNN5,,false,true,0.7,finnhub_directory
SN,Sharkninja Inc,US,NYSE,true,resolved,matched US directory as SN,US,XNYS,SN,us,ordinary,US,USD,BBG01HN2K357,BBG01HN2K366,,true,true,0.95,finnhub_directory
SNA,Snap-On Inc,US,NYSE,true,resolved,matched US directory as SNA,US,XNYS,SNA,us,ordinary,US,USD,BBG000BT7JW9,BBG001S5W688,,true,true,0.95,finnhub_directory
SNDK,SanDisk Corporation,US,NASDAQGS,true,resolved,matched US directory as SNDK,US,XNAS,SNDK,us,ordinary,US,USD,BBG01R388JG1,BBG01R388JK6,,true,true,0.95,finnhub_directory
SNOW,Snowflake Inc,US,NYSE,true,resolved,matched US directory as SNOW,US,XNYS,SNOW,us,ordinary,US,USD,BBG007DHGNJ4,BBG007DHGNK2,,true,true,0.95,finnhub_directory
SNPS,Synopsys Inc,US,NASDAQGS,true,resolved,matched US directory as SNPS,US,XNAS,SNPS,us,ordinary,US,USD,BBG000BSFRF3,BBG001S5VTR8,,true,true,0.95,finnhub_directory
SNPT.F,Sunny Optical Technology Group Co Ltd,US,OTCPK,false,resolved,resolved by name search to SNPTF on US,US,XNYS,SNPTF,us,ordinary,US,USD,BBG00491K523,BBG001SKMWS7,,true,true,0.7,finnhub_directory
SO,Southern Company,US,NYSE,true,resolved,matched US directory as SO,US,XNYS,SO,us,ordinary,US,USD,BBG000BT9DW0,BBG001S5W777,,true,true,0.95,finnhub_directory
SOLV,Solventum Corp,US,NYSE,true,resolved,matched US directory as SOLV,US,XNYS,SOLV,us,ordinary,US,USD,BBG018YZH6T3,BBG018YZH6V0,,true,true,0.95,finnhub_directory
SON,Sonoco Products Company,US,NYSE,true,resolved,matched US directory as SON,US,XNYS,SON,us,ordinary,US,USD,BBG000D7HF89,BBG001S7M9F1,,true,true,0.95,finnhub_directory
SPG,Simon Property Group Inc,US,NYSE,true,resolved,matched US directory as SPG,US,XNYS,SPG,us,other,US,USD,BBG000BJ2D31,BBG001S77WM9,,true,true,0.95,finnhub_directory
SPGI,S&P Global Inc,US,NYSE,true,resolved,matched US directory as SPGI,US,XNYS,SPGI,us,ordinary,US,USD,BBG000BP1Q11,BBG001S5T5M8,,true,true,0.95,finnhub_directory
SPNT,Siriuspoint Ltd,US,NYSE,true,resolved,matched US directory as SPNT,US,XNYS,SPNT,us,ordinary,US,USD,BBG004TYNXX1,BBG004V14D01,,true,true,0.95,finnhub_directory
SPOT,Spotify Technology SA,US,NYSE,true,resolved,matched US directory as SPOT,US,XNYS,SPOT,us,ordinary,US,USD,BBG003T4VFC2,BBG003T4VFD1,,true,true,0.95,finnhub_directory
SPSC,SPS Commerce Inc,US,NASDAQGS,true,resolved,matched US directory as SPSC,US,XNAS,SPSC,us,ordinary,US,USD,BBG000PZGB75,BBG001T65R07,,true,true,0.95,finnhub_directory
SPXC,SPX Corp,US,NYSE,true,resolved,"likely renamed: catalogue says ""SPX Corp"", venue says ""SPX TECHNOLOGIES INC""",US,XNYS,SPXC,us,ordinary,US,USD,BBG000BTGCV5,BBG001S5W9N5,,true,true,0.6,finnhub_directory
SQN,Swissquote Group Holding SA,CH,SWX,false,resolved,,SW,XSWX,SQN,suffixed,ordinary,CH,CHF,BBG000BVVG99,BBG001SB8Q42,,true,false,0.95,openfigi
SQN,Swissquote Group Holding SA,CH,SWX,false,resolved,,US,OOTC,SWQGF,us,ordinary,US,USD,BBG000BXMKY8,BBG001SB8Q42,,false,true,0.9,finnhub_directory
SRAD,Sportradar Group AG,CH,NASDAQGS,true,resolved,matched US directory as SRAD,US,XNAS,SRAD,us,ordinary,US,USD,BBG0125CMRW3,BBG0125CMST5,,true,true,0.95,finnhub_directory
SRE,Sempra Energy,US,NYSE,true,resolved,"likely renamed: catalogue says ""Sempra Energy"", venue says ""SEMPRA""",US,XNYS,SRE,us,ordinary,US,USD,BBG000C2ZCH8,BBG001SBVZ73,,true,true,0.6,finnhub_directory
SREN,Swiss Re AG,CH,SWX,false,resolved,,SW,XSWX,SREN,suffixed,ordinary,CH,CHF,BBG001P1Z4F4,BBG001T53F25,,true,false,0.95,openfigi
SREN,Swiss Re AG,CH,SWX,false,resolved,,US,OOTC,SSREF,us,ordinary,US,USD,BBG002137KF9,BBG001T53F25,,false,true,0.9,finnhub_directory
SRPT,Sarepta Therapeutics Inc,US,NASDAQGS,true,resolved,matched US directory as SRPT,US,XNAS,SRPT,us,ordinary,US,USD,BBG000BCJ161,BBG001S6KJC6,,true,true,0.95,finnhub_directory
SSRG.F,SSR Mining Inc.,US,OTCPK,false,resolved,resolved by name search to SSRM on US,US,XNYS,SSRM,us,ordinary,US,USD,BBG000C0RWX9,BBG001S6JSX5,,true,true,0.7,finnhub_directory
SSRM,SSR Mining Inc,US,NASDAQGS,true,resolved,matched US directory as SSRM,US,XNAS,SSRM,us,ordinary,US,USD,BBG000C0RWX9,BBG001S6JSX5,,true,true,0.95,finnhub_directory
STE,STERIS plc,IE,NYSE,true,resolved,matched US directory as STE,US,XNYS,STE,us,ordinary,US,USD,BBG00MRHG523,BBG00MRHG532,,true,true,0.95,finnhub_directory
STLD,Steel Dynamics Inc,US,NASDAQGS,true,resolved,matched US directory as STLD,US,XNAS,STLD,us,ordinary,US,USD,BBG000HGYNZ9,BBG001S98JK5,,true,true,0.95,finnhub_directory
STN,Stantec Inc,CA,NYSE,true,resolved,matched US directory as STN,US,XNYS,STN,us,ordinary,US,USD,BBG000BNHRC5,BBG001S6JJQ3,,true,true,0.95,finnhub_directory
STNE,StoneCo Ltd,KY,NASDAQGS,true,resolved,matched US directory as STNE,US,XNAS,STNE,us,ordinary,US,USD,BBG00M4ZQDK0,BBG00M4ZQF98,,true,true,0.95,finnhub_directory
STRL,Sterling Construction Company Inc,US,NASDAQGS,true,resolved,"likely renamed: catalogue says ""Sterling Construction Company Inc"", venue says ""STERLING INFRASTRUCTURE INC""",US,XNYS,STRL,us,ordinary,US,USD,BBG000JD6TN5,BBG001SC9C40,,true,true,0.6,finnhub_directory
STT,State Street Corp,US,NYSE,true,resolved,matched US directory as STT,US,XNYS,STT,us,ordinary,US,USD,BBG000BKFBD7,BBG001S5RLD5,,true,true,0.95,finnhub_directory
STX,Seagate Technology PLC,SG,NASDAQGS,true,resolved,matched US directory as STX,US,XNAS,STX,us,ordinary,US,USD,BBG0113JGQF0,BBG0113JGQG9,,true,true,0.95,finnhub_directory
STZ,Constellation Brands Inc Class A,US,NYSE,true,resolved,matched US directory as STZ,US,XNYS,STZ,us,ordinary,US,USD,BBG000J1QLT0,BBG001SD31G5,,true,true,0.95,finnhub_directory
SUPA,Super Bank Indonesia Tbk Pt,US,IDX,false,resolved,,IJ,XIDX,SUPA,suffixed,ordinary,ID,IDR,BBG01YRMG3L9,BBG014R2L8X9,,true,false,0.95,openfigi
SW,Smurfit WestRock PLC,US,NYSE,true,resolved,matched US directory as SW,US,XNYS,SW,us,ordinary,US,USD,BBG01NK9ZXT4,BBG01NJC0037,,true,true,0.95,finnhub_directory
SWBI,Smith & Wesson Brands Inc,US,NASDAQGS,true,resolved,matched US directory as SWBI,US,XNAS,SWBI,us,ordinary,US,USD,BBG000BM0QL7,BBG001S6MNG1,,true,true,0.95,finnhub_directory
SWK,Stanley Black & Decker Inc,US,NYSE,true,resolved,matched US directory as SWK,US,XNYS,SWK,us,ordinary,US,USD,BBG000BTQR96,BBG001S5WHT1,,true,true,0.95,finnhub_directory
SWKS,Skyworks Solutions Inc,US,NASDAQGS,true,resolved,matched US directory as SWKS,US,XNAS,SWKS,us,ordinary,US,USD,BBG000KLB4Q1,BBG001SCYWS2,,true,true,0.95,finnhub_directory
SXI,Standex International Corporation,US,NYSE,true,resolved,matched US directory as SXI,US,XNYS,SXI,us,ordinary,US,USD,BBG000BTT5B8,BBG001S5WJ53,,true,true,0.95,finnhub_directory
SYF,Synchrony Financial,US,NYSE,true,resolved,matched US directory as SYF,US,XNYS,SYF,us,ordinary,US,USD,BBG00658F3P3,BBG00658F3Q2,,true,true,0.95,finnhub_directory
SYK,Stryker Corporation,US,NYSE,true,resolved,matched US directory as SYK,US,XNYS,SYK,us,ordinary,US,USD,BBG000DN7P92,BBG001S8FR03,,true,true,0.95,finnhub_directory
SYNSAM,Synsam AB,US,OM,false,resolved,,SS,XSTO,SYNSAM,suffixed,ordinary,SE,SEK,BBG012W5YCD9,BBG007GMWPV3,,true,false,0.95,openfigi
SYY,Sysco Corporation,US,NYSE,true,resolved,matched US directory as SYY,US,XNYS,SYY,us,ordinary,US,USD,BBG000BTVJ25,BBG001S5WJS8,,true,true,0.95,finnhub_directory
T,AT&T Inc,US,NYSE,true,resolved,matched US directory as T,US,XNYS,T,us,ordinary,US,USD,BBG000BSJK37,BBG001S5VWH2,,true,true,0.95,finnhub_directory
TAP,Molson Coors Brewing Co Class B,US,NYSE,true,resolved,matched US directory as TAP,US,XNYS,TAP,us,ordinary,US,USD,BBG000BS7KS3,BBG001S5VQ21,,true,true,0.95,finnhub_directory
TAP,Molson Coors Brewing Co Class B,US,NYSE,true,resolved,matched US directory as TAP,US,XNYS,TAP.A,us,ordinary,US,USD,BBG000KBCNV4,BBG001SK4MK7,,false,true,0.75,finnhub_directory
TBLA,Taboola,US,NASDAQGS,true,resolved,matched US directory as TBLA,US,XNAS,TBLA,us,ordinary,US,USD,BBG011MN6XD8,BBG011MN6XF6,,true,true,0.95,finnhub_directory
TDG,Transdigm Group Incorporated,US,NYSE,true,resolved,matched US directory as TDG,US,XNYS,TDG,us,ordinary,US,USD,BBG000L8CBX4,BBG001SPV1C1,,true,true,0.95,finnhub_directory
TDW,Tidewater Inc,US,NYSE,true,resolved,matched US directory as TDW,US,XNYS,TDW,us,ordinary,US,USD,BBG00HBQ35R8,BBG00HBQ36G8,,true,true,0.95,finnhub_directory
TDY,Teledyne Technologies Incorporated,US,NYSE,true,resolved,matched US directory as TDY,US,XNYS,TDY,us,ordinary,US,USD,BBG000BMT9T6,BBG001SDK336,,true,true,0.95,finnhub_directory
TECH,Bio-Techne Corp,US,NASDAQGS,true,resolved,matched US directory as TECH,US,XNAS,TECH,us,ordinary,US,USD,BBG000C15114,BBG001S66C28,,true,true,0.95,finnhub_directory
TEL,TE Connectivity Ltd,US,NYSE,true,resolved,matched US directory as TEL,US,XNYS,TEL,us,ordinary,US,USD,BBG01Q08MMR1,BBG01Q08MMX4,,true,true,0.95,finnhub_directory
TEM,Tempus AI Inc,US,NASDAQGS,true,resolved,matched US directory as TEM,US,XNAS,TEM,us,ordinary,US,USD,BBG01MZQYJF9,BBG01MZQYK84,,true,true,0.95,finnhub_directory
TER,Teradyne Inc,US,NASDAQGS,true,resolved,matched US directory as TER,US,XNAS,TER,us,ordinary,US,USD,BBG000BV4DR6,BBG001S5WMZ3,,true,true,0.95,finnhub_directory
TFC,Truist Financial Corp,US,NYSE,true,resolved,matched US directory as TFC,US,XNYS,TFC,us,ordinary,US,USD,BBG000BYYLS8,BBG001S5YYC0,,true,true,0.95,finnhub_directory
TFPM,Triple Flag Precious Metals Corp,CA,NYSE,true,resolved,matched US directory as TFPM,US,XNYS,TFPM,us,ordinary,US,USD,BBG012PP0X53,BBG00QRZMFT6,,true,true,0.95,finnhub_directory
TGB,Trekor Metals Ltd,US,NYSEAM,true,resolved,matched US directory as TGB,US,XASE,TGB,us,ordinary,US,USD,BBG000BCTV91,BBG001S60ML1,,true,true,0.95,finnhub_directory
TGLS,Tecnoglass Inc,US,NYSE,true,resolved,matched US directory as TGLS,US,XNYS,TGLS,us,ordinary,US,USD,BBG002Z3L4S8,BBG002Z3L765,,true,true,0.95,finnhub_directory
TGT,Target Corporation,US,NYSE,true,resolved,matched US directory as TGT,US,XNYS,TGT,us,ordinary,US,USD,BBG000H8TVT2,BBG001SC0K41,,true,true,0.95,finnhub_directory
TGT,Target Corporation,US,NYSE,true,resolved,matched US directory as TGT,US,OOTC,CBDY,us,ordinary,US,USD,BBG0080GKR59,BBG0080GKR68,,false,true,0.75,finnhub_directory
TGTX,TG Therapeutics Inc,US,NASDAQCM,true,resolved,matched US directory as TGTX,US,XNAS,TGTX,us,ordinary,US,USD,BBG000FVZQY1,BBG001S8NH06,,true,true,0.95,finnhub_directory
THRM,Gentherm Inc,US,NASDAQGS,true,resolved,matched US directory as THRM,US,XNAS,THRM,us,ordinary,US,USD,BBG000BQLM34,BBG001SF8XY5,,true,true,0.95,finnhub_directory
TJX,"The TJX Companies, Inc.",US,,true,resolved,matched US directory as TJX,US,XNYS,TJX,us,ordinary,US,USD,BBG000BV8DN6,BBG001S5WQ93,,true,true,0.95,finnhub_directory
TKO,TKO Group Holdings Inc,US,NYSE,true,resolved,matched US directory as TKO,US,XNYS,TKO,us,ordinary,US,USD,BBG01G9JKWV5,BBG01G9JKWW4,,true,true,0.95,finnhub_directory
TKOM.F,Tokio Marine Holdings Inc,US,OTCPK,false,resolved,resolved by name search to TKOMF on US,US,XNYS,TKOMF,us,ordinary,US,USD,BBG000MGSMK8,BBG001S5YXD1,,true,true,0.7,finnhub_directory
TKOM.F,Tokio Marine Holdings Inc,US,OTCPK,false,resolved,resolved by name search to TKOMF on US,US,OOTC,TKOMY,us,adr,US,USD,BBG000MGPXY2,BBG001SKCTK3,,false,true,0.7,finnhub_directory
TLN,Talen Energy Corp,US,NASDAQGS,true,resolved,matched US directory as TLN,US,XNAS,TLN,us,ordinary,US,USD,BBG01GWQVVD3,BBG01GWQVW78,,true,true,0.95,finnhub_directory
TLX,Talanx AG,AU,DB,true,resolved,,GR,XETR,TLX,suffixed,ordinary,DE,EUR,BBG000CRQVF3,BBG001SGJYW1,,true,false,0.95,openfigi
TLX,Talanx AG,AU,DB,true,resolved,,US,OOTC,TNXXF,us,ordinary,US,USD,BBG008KF28X0,BBG001SGJYW1,,false,true,0.9,finnhub_directory
TLX,Talanx AG,AU,DB,true,resolved,,US,OOTC,TLLXY,us,adr,US,USD,BBG009DFGM79,BBG009DFGN04,,false,true,0.75,finnhub_directory
TMDX,TransMedics Group Inc,US,NASDAQGM,true,resolved,matched US directory as TMDX,US,XNAS,TMDX,us,ordinary,US,USD,BBG00NZ6J685,BBG00NZ6J701,,true,true,0.95,finnhub_directory
TME,Tencent Music Entertainment Group,CN,NYSE,true,resolved,matched US directory as TME,US,XNYS,TME,us,adr,US,USD,BBG00LDC5RK5,BBG00M5B6BG3,,true,true,0.95,finnhub_directory
TMIC.F,Trend Micro Inc,US,OTCPK,false,resolved,resolved by name search to TMICF on US,US,XNYS,TMICF,us,ordinary,US,USD,BBG000H41QK1,BBG001SBXR88,,true,true,0.7,finnhub_directory
TMIC.F,Trend Micro Inc,US,OTCPK,false,resolved,resolved by name search to TMICF on US,US,OOTC,TMICY,us,adr,US,USD,BBG000BLVNT4,BBG001S8K8J9,,false,true,0.7,finnhub_directory
TMO,Thermo Fisher Scientific Inc,US,NYSE,true,resolved,matched US directory as TMO,US,XNYS,TMO,us,ordinary,US,USD,BBG000BVDLH9,BBG001S5WS08,,true,true,0.95,finnhub_directory
TMUS,T-Mobile US Inc,US,NASDAQGS,true,resolved,matched US directory as TMUS,US,XNAS,TMUS,us,ordinary,US,USD,BBG000NDV1D4,BBG001SKR9Y6,,true,true,0.95,finnhub_directory
TORX.F,Torex Gold Resources Inc,US,OTCPK,false,resolved,resolved by name search to TORXF on US,US,XNYS,TORXF,us,ordinary,US,USD,BBG000LNDDY5,BBG001S5W278,,true,true,0.7,finnhub_directory
TOST,Toast Inc,US,NYSE,true,resolved,matched US directory as TOST,US,XNYS,TOST,us,ordinary,US,USD,BBG00BTJVK94,BBG00BTJVKB1,,true,true,0.95,finnhub_directory
TPB,Turning Point Brands Inc,US,NYSE,true,resolved,matched US directory as TPB,US,XNYS,TPB,us,ordinary,US,USD,BBG000V76MQ6,BBG001T99T94,,true,true,0.95,finnhub_directory
TPC,Tutor Perini Corporation,US,NYSE,true,resolved,matched US directory as TPC,US,XNYS,TPC,us,ordinary,US,USD,BBG000BQXHV1,BBG001S5V297,,true,true,0.95,finnhub_directory
TPL,Texas Pacific Land Corp,US,NYSE,true,resolved,matched US directory as TPL,US,XNYS,TPL,us,ordinary,US,USD,BBG00YRJXKB1,BBG00YRJXKC0,,true,true,0.95,finnhub_directory
TPR,Tapestry Inc,US,NYSE,true,resolved,matched US directory as TPR,US,XNYS,TPR,us,ordinary,US,USD,BBG000BY29C7,BBG001SFH7D5,,true,true,0.95,finnhub_directory
TRGP,Targa Resources Inc,US,NYSE,true,resolved,matched US directory as TRGP,US,XNYS,TRGP,us,ordinary,US,USD,BBG0015XMW40,BBG001TC94B9,,true,true,0.95,finnhub_directory
TRI,Thomson Reuters Corp,CA,NYSE,true,resolved,matched US directory as TRI,US,XNAS,TRI,us,ordinary,US,USD,BBG000BBS9F6,BBG001S5WSW3,,true,true,0.95,finnhub_directory
TRI,Thomson Reuters Corp,CA,NYSE,true,resolved,matched US directory as TRI,US,OOTC,TMSOF,us,other,US,USD,,,,false,true,0.75,finnhub_directory
TRIP,Tripadvisor Inc,US,NASDAQGS,true,resolved,matched US directory as TRIP,US,XNAS,TRIP,us,ordinary,US,USD,BBG001M8HHB7,BBG001V10VR2,,true,true,0.95,finnhub_directory
TRMB,Trimble Inc,US,NASDAQGS,true,resolved,matched US directory as TRMB,US,XNAS,TRMB,us,ordinary,US,USD,BBG000BNPS52,BBG001S5SZP0,,true,true,0.95,finnhub_directory
TROW,T. Rowe Price Group Inc,US,NASDAQGS,true,resolved,matched US directory as TROW,US,XNAS,TROW,us,ordinary,US,USD,BBG000BVMPN3,BBG001S5WW18,,true,true,0.95,finnhub_directory
TRU,TransUnion,US,NYSE,true,resolved,matched US directory as TRU,US,XNYS,TRU,us,ordinary,US,USD,BBG002Q7J5Z1,BBG002Q7J607,,true,true,0.95,finnhub_directory
TRUP,Trupanion Inc,US,NASDAQGM,true,resolved,matched US directory as TRUP,US,XNAS,TRUP,us,ordinary,US,USD,BBG002BC7WC5,BBG002BC7WF2,,true,true,0.95,finnhub_directory
TRV,Travelers Companies,US,NYSE,true,resolved,matched US directory as TRV,US,XNYS,TRV,us,ordinary,US,USD,BBG000BJ81C1,BBG001S5R103,,true,true,0.95,finnhub_directory
TSCO,Tractor Supply Company,US,NASDAQGS,true,resolved,matched US directory as TSCO,US,XNAS,TSCO,us,ordinary,US,USD,BBG000BLXZN1,BBG001S7K017,,true,true,0.95,finnhub_directory
TSEM,Tower Semiconductor Ltd,US,NASDAQGS,true,resolved,matched US directory as TSEM,US,XNAS,TSEM,us,ordinary,US,USD,BBG000BH91G0,BBG001S68BK8,,true,true,0.95,finnhub_directory
TSLA,Tesla Inc,US,NASDAQGS,true,resolved,matched US directory as TSLA,US,XNAS,TSLA,us,ordinary,US,USD,BBG000N9MNX3,BBG001SQKGD7,,true,true,0.95,finnhub_directory
TSM,Taiwan Semiconductor Manufacturing,US,NYSE,true,resolved,matched US directory as TSM,US,XNYS,TSM,us,adr,US,USD,BBG000BD8ZK0,BBG001S5WWW4,,true,true,0.95,finnhub_directory
TSN,Tyson Foods Inc,US,NYSE,true,resolved,matched US directory as TSN,US,XNYS,TSN,us,ordinary,US,USD,BBG000DKCC19,BBG001S871D5,,true,true,0.95,finnhub_directory
TT,Trane Technologies plc,IE,NYSE,true,resolved,matched US directory as TT,US,XNYS,TT,us,ordinary,US,USD,BBG000BM6788,BBG001S5SBV6,,true,true,0.95,finnhub_directory
TTAM,Titan America SA,US,NYSE,true,resolved,matched US directory as TTAM,US,XNYS,TTAM,us,ordinary,US,USD,BBG01RR0G8G7,BBG01RR0G9C9,,true,true,0.95,finnhub_directory
TTD,The Trade Desk,US,NASDAQGM,true,resolved,matched US directory as TTD,US,XNAS,TTD,us,ordinary,US,USD,BBG00629NGT2,BBG00629NGW8,,true,true,0.95,finnhub_directory
TTE,TotalEnergies SE ADR,FR,NYSE,true,resolved,matched US directory as TTE,US,XNYS,TTE,us,ordinary,US,USD,BBG000JLVJ97,BBG001S67Y74,,true,true,0.95,finnhub_directory
TTEK,Tetra Tech Inc,US,NASDAQGS,true,resolved,matched US directory as TTEK,US,XNAS,TTEK,us,ordinary,US,USD,BBG000BYZ0Q5,BBG001S5YYH5,,true,true,0.95,finnhub_directory
TTEK,Tetra Tech Inc,US,NASDAQGS,true,resolved,matched US directory as TTEK,US,XNYS,TTI,us,ordinary,US,USD,BBG000BVRQD7,BBG001S5WXH9,,false,true,0.75,finnhub_directory
TTWO,Take-Two Interactive Software Inc,US,NASDAQGS,true,resolved,matched US directory as TTWO,US,XNAS,TTWO,us,ordinary,US,USD,BBG000BS1YV5,BBG001S9TN41,,true,true,0.95,finnhub_directory
TUI1,TUI AG,CH,SWX,false,resolved,,SW,XSWX,TUI1,suffixed,ordinary,CH,CHF,BBG006TLWYB6,BBG001S77WB1,,true,false,0.95,openfigi
TUI1,TUI AG,CH,SWX,false,resolved,,US,OOTC,TUIFF,us,ordinary,US,USD,BBG000BQP788,BBG001S77WB1,,false,true,0.9,finnhub_directory
TWLO,Twilio Inc,US,NYSE,true,resolved,matched US directory as TWLO,US,XNYS,TWLO,us,ordinary,US,USD,BBG0029ZX840,BBG0029ZX859,,true,true,0.95,finnhub_directory
TXN,Texas Instruments Incorporated,US,NASDAQGS,true,resolved,matched US directory as TXN,US,XNAS,TXN,us,ordinary,US,USD,BBG000BVV7G1,BBG001S5WYZ7,,true,true,0.95,finnhub_directory
TXRH,Texas Roadhouse Inc,US,NASDAQGS,true,resolved,matched US directory as TXRH,US,XNAS,TXRH,us,ordinary,US,USD,BBG000PSJMV7,BBG001SLR3C1,,true,true,0.95,finnhub_directory
TXT,Textron Inc,US,NYSE,true,resolved,matched US directory as TXT,US,XNYS,TXT,us,ordinary,US,USD,BBG000BVVQQ8,BBG001S5WZ39,,true,true,0.95,finnhub_directory
TYL,Tyler Technologies Inc,US,NYSE,true,resolved,matched US directory as TYL,US,XNYS,TYL,us,ordinary,US,USD,BBG000BVWZF9,BBG001S5WZB0,,true,true,0.95,finnhub_directory
UAL,"United Airlines Holdings, Inc.",US,,true,resolved,matched US directory as UAL,US,XNAS,UAL,us,ordinary,US,USD,BBG000M65M61,BBG001SQ87W0,,true,true,0.95,finnhub_directory
UBER,Uber Technologies Inc,US,,true,resolved,matched US directory as UBER,US,XNYS,UBER,us,ordinary,US,USD,BBG002B04MT8,BBG002B04MW4,,true,true,0.95,finnhub_directory
UDR,UDR Inc,US,NYSE,true,resolved,matched US directory as UDR,US,XNYS,UDR,us,other,US,USD,BBG000C41023,BBG001S6KCT3,,true,true,0.95,finnhub_directory
UFCS,United Fire Group Inc,US,NASDAQGS,true,resolved,matched US directory as UFCS,US,XNAS,UFCS,us,ordinary,US,USD,BBG000BVY6C4,BBG001S5X0J8,,true,true,0.95,finnhub_directory
UFPT,UFP Technologies Inc,US,NASDAQCM,true,resolved,matched US directory as UFPT,US,XNAS,UFPT,us,ordinary,US,USD,BBG000BJBZK3,BBG001S79DN8,,true,true,0.95,finnhub_directory
UHS,Universal Health Services Inc,US,NYSE,true,resolved,matched US directory as UHS,US,XNYS,UHS,us,ordinary,US,USD,BBG000CB8Q50,BBG001S6S976,,true,true,0.95,finnhub_directory
UI,Ubiquiti Networks Inc,US,NYSE,true,resolved,"likely renamed: catalogue says ""Ubiquiti Networks Inc"", venue says ""UBIQUITI INC""",US,XNYS,UI,us,ordinary,US,USD,BBG001R72SR9,BBG001T1WDF3,,true,true,0.6,finnhub_directory
ULS,UL Solutions Inc,US,NYSE,true,resolved,matched US directory as ULS,US,XNYS,ULS,us,ordinary,US,USD,BBG007N72M93,BBG007N72MB0,,true,true,0.95,finnhub_directory
ULTA,Ulta Beauty Inc,US,NASDAQGS,true,resolved,matched US directory as ULTA,US,XNAS,ULTA,us,ordinary,US,USD,BBG00FWQ4VD6,BBG00FWQ4W44,,true,true,0.95,finnhub_directory
UMC,United Microelectronics,TW,NYSE,true,resolved,matched US directory as UMC,US,XNYS,UMC,us,adr,US,USD,BBG000BR4TH1,BBG001SG1LP6,,true,true,0.95,finnhub_directory
UNH,Unitedhealth Group,US,NYSE,true,resolved,matched US directory as UNH,US,XNYS,UNH,us,ordinary,US,USD,BBG000CH5208,BBG001S6WCJ1,,true,true,0.95,finnhub_directory
UNP,Union Pacific Corporation,US,NYSE,true,resolved,matched US directory as UNP,US,XNYS,UNP,us,ordinary,US,USD,BBG000BW3299,BBG001S5X2M0,,true,true,0.95,finnhub_directory
UPS,United Parcel Service Inc,US,NYSE,true,resolved,matched US directory as UPS,US,XNYS,UPS,us,ordinary,US,USD,BBG000L9CV04,BBG001SDGSH1,,true,true,0.95,finnhub_directory
UPWK,Upwork Inc,US,NASDAQGS,true,resolved,matched US directory as UPWK,US,XNAS,UPWK,us,ordinary,US,USD,BBG00FBJ6390,BBG00FBJ63B7,,true,true,0.95,finnhub_directory
URBN,Urban Outfitters Inc,US,NASDAQGS,true,resolved,matched US directory as URBN,US,XNAS,URBN,us,ordinary,US,USD,BBG000BL79J3,BBG001S7H9K1,,true,true,0.95,finnhub_directory
URI,United Rentals Inc,US,NYSE,true,resolved,matched US directory as URI,US,XNYS,URI,us,ordinary,US,USD,BBG000BXMFC3,BBG001SBGZ25,,true,true,0.95,finnhub_directory
USB,U.S. Bancorp,US,NYSE,true,resolved,matched US directory as USB,US,XNYS,USB,us,ordinary,US,USD,BBG000FFDM15,BBG001S6T8C1,,true,true,0.95,finnhub_directory
USLM,United States Lime & Minerals Inc,US,NASDAQGS,true,resolved,matched US directory as USLM,US,XNAS,USLM,us,ordinary,US,USD,BBG000D7P047,BBG001S7MWH8,,true,true,0.95,finnhub_directory
USPH,US Physicalrapy Inc,US,NYSE,true,resolved,matched US directory as USPH,US,XNYS,USPH,us,ordinary,US,USD,BBG000CSRSG6,BBG001S71ZL9,,true,true,0.95,finnhub_directory
UTHR,United Therapeutics Corporation,US,NASDAQGS,true,resolved,matched US directory as UTHR,US,XNAS,UTHR,us,ordinary,US,USD,BBG000BV4XJ1,BBG001S8RV10,,true,true,0.95,finnhub_directory
UTI,Universal Technical Institute Inc,US,NYSE,true,resolved,matched US directory as UTI,US,XNYS,UTI,us,ordinary,US,USD,BBG000BJSMW1,BBG001SC4X67,,true,true,0.95,finnhub_directory
UVE,Universal Insurance Holdings Inc,US,NYSE,true,resolved,matched US directory as UVE,US,XNYS,UVE,us,ordinary,US,USD,BBG000B9YY14,BBG001S5QC19,,true,true,0.95,finnhub_directory
V,Visa Inc Class A,US,,true,resolved,matched US directory as V,US,XNYS,V,us,ordinary,US,USD,BBG000PSKYX7,BBG001SRCFY3,,true,true,0.95,finnhub_directory
VAL,Valaris Ltd,BM,NYSE,true,resolved,matched US directory as VAL,US,XNYS,VAL,us,ordinary,US,USD,BBG010JW9K49,BBG010JW9K58,,true,true,0.95,finnhub_directory
VALE,Vale SA ADR,US,NYSE,true,resolved,"likely renamed: catalogue says ""Vale SA ADR"", venue says ""VALE SA-SP ADR""",US,XNYS,VALE,us,adr,US,USD,BBG000BN5LG7,BBG001SB54S8,,true,true,0.6,finnhub_directory
VCEL,Vericel Corp Ord,US,NASDAQGM,true,resolved,matched US directory as VCEL,US,XNAS,VCEL,us,ordinary,US,USD,BBG000BDCM24,BBG001S6X9M3,,true,true,0.95,finnhub_directory
VCTR,Victory Capital Holdings Inc,US,NASDAQGS,true,resolved,matched US directory as VCTR,US,XNAS,VCTR,us,ordinary,US,USD,BBG0074JPF34,BBG0074JPDP5,,true,true,0.95,finnhub_directory
VCYT,Veracyte Inc,US,NASDAQGM,true,resolved,matched US directory as VCYT,US,XNAS,VCYT,us,ordinary,US,USD,BBG001J2M542,BBG001TSQWW0,,true,true,0.95,finnhub_directory
VEEV,Veeva Systems Inc Class A,US,NYSE,true,resolved,matched US directory as VEEV,US,XNYS,VEEV,us,ordinary,US,USD,BBG001CGB489,BBG001TX0CB4,,true,true,0.95,finnhub_directory
VICI,VICI Properties Inc,US,NYSE,true,resolved,matched US directory as VICI,US,XNYS,VICI,us,other,US,USD,BBG00HVVB499,BBG00HVVB4B6,,true,true,0.95,finnhub_directory
VIK,Viking Holdings Ltd,US,NYSE,true,resolved,matched US directory as VIK,US,XNYS,VIK,us,ordinary,US,USD,BBG004YZ9G29,BBG004YZ9G74,,true,true,0.95,finnhub_directory
VITL,Vital Farms Inc,US,NASDAQGM,true,resolved,matched US directory as VITL,US,XNAS,VITL,us,ordinary,US,USD,BBG006XWWBL6,BBG006XWWBM5,,true,true,0.95,finnhub_directory
VLO,Valero Energy Corporation,US,NYSE,true,resolved,matched US directory as VLO,US,XNYS,VLO,us,ordinary,US,USD,BBG000BBGGQ1,BBG001S5X8K9,,true,true,0.95,finnhub_directory
VLTO,Veralto Corp,US,NYSE,true,resolved,matched US directory as VLTO,US,XNYS,VLTO,us,ordinary,US,USD,BBG019Q32XJ9,BBG019Q32XK7,,true,true,0.95,finnhub_directory
VMC,Vulcan Materials Company,US,NYSE,true,resolved,matched US directory as VMC,US,XNYS,VMC,us,ordinary,US,USD,BBG000BWGYF8,BBG001S5X8R2,,true,true,0.95,finnhub_directory
VNOM,Viper Energy Inc,US,NASDAQGS,true,resolved,matched US directory as VNOM,US,XNAS,VNOM,us,ordinary,US,USD,BBG01VXTFCN2,BBG01VXTFCQ9,,true,true,0.95,finnhub_directory
VOYA,Voya Financial Inc,US,NYSE,true,resolved,matched US directory as VOYA,US,XNYS,VOYA,us,ordinary,US,USD,BBG000BCWKD6,BBG001S6QQP0,,true,true,0.95,finnhub_directory
VRSK,Verisk Analytics Inc,US,NASDAQGS,true,resolved,matched US directory as VRSK,US,XNAS,VRSK,us,ordinary,US,USD,BBG000BCZL41,BBG001SBRX64,,true,true,0.95,finnhub_directory
VRSN,VeriSign Inc,US,NASDAQGS,true,resolved,matched US directory as VRSN,US,XNAS,VRSN,us,ordinary,US,USD,BBG000BGKHZ3,BBG001S7BCF6,,true,true,0.95,finnhub_directory
VRT,Vertiv Holdings Co,US,NYSE,true,resolved,matched US directory as VRT,US,XNYS,VRT,us,ordinary,US,USD,BBG00L2B8KW8,BBG00L2B8LM7,,true,true,0.95,finnhub_directory
VRTX,Vertex Pharmaceuticals Inc,US,NASDAQGS,true,resolved,matched US directory as VRTX,US,XNAS,VRTX,us,ordinary,US,USD,BBG000C1S2X2,BBG001S68LJ8,,true,true,0.95,finnhub_directory
VSEC,VSE Corporation,US,NASDAQGS,true,resolved,matched US directory as VSEC,US,XNAS,VSEC,us,ordinary,US,USD,BBG000BWJYL8,BBG001S5X9Z1,,true,true,0.95,finnhub_directory
VSOG.F,"Vista Energy, S.A.B. de C.V.",US,OTCPK,false,resolved,resolved by name search to VSOGF on US,US,XNYS,VSOGF,us,ordinary,US,USD,BBG00YQ7GYT8,BBG00GW6D5V5,,true,true,0.7,finnhub_directory
VSOG.F,"Vista Energy, S.A.B. de C.V.",US,OTCPK,false,resolved,resolved by name search to VSOGF on US,US,XNYS,VIST,us,adr,US,USD,BBG00PMMBQS1,BBG00PMMBRR0,,false,true,0.7,finnhub_directory
VST,Vistra Energy Corp,US,NYSE,true,resolved,"likely renamed: catalogue says ""Vistra Energy Corp"", venue says ""VISTRA CORP""",US,XNYS,VST,us,ordinary,US,USD,BBG00DXDL6Q1,BBG00DXDL6R0,,true,true,0.6,finnhub_directory
VTOL,Bristow Group Inc,US,NYSE,true,resolved,matched US directory as VTOL,US,XNYS,VTOL,us,ordinary,US,USD,BBG001YH8PR9,BBG001YH8QJ6,,true,true,0.95,finnhub_directory
VTR,Ventas Inc,US,NYSE,true,resolved,matched US directory as VTR,US,XNYS,VTR,us,other,US,USD,BBG000FRVHB9,BBG001S9T7M6,,true,true,0.95,finnhub_directory
VTRS,Viatris Inc,US,NASDAQGS,true,resolved,matched US directory as VTRS,US,XNAS,VTRS,us,ordinary,US,USD,BBG00Y4RQNH4,BBG00Y52JV51,,true,true,0.95,finnhub_directory
VVV,Valvoline Inc,US,NYSE,true,resolved,matched US directory as VVV,US,XNYS,VVV,us,ordinary,US,USD,BBG003DNHV56,BBG003DNHV65,,true,true,0.95,finnhub_directory
VVX,V2X Inc,US,NYSE,true,resolved,matched US directory as VVX,US,XNYS,VVX,us,ordinary,US,USD,BBG005PG80K4,BBG005PG80L3,,true,true,0.95,finnhub_directory
VWSY.F,Vestas Wind Systems A/S,US,OTCPK,false,resolved,resolved by name search to VWSYF on US,US,XNYS,VWSYF,us,ordinary,US,USD,BBG000DWP792,BBG001S7TVH3,,true,true,0.7,finnhub_directory
VZ,Verizon Communications Inc,US,NYSE,true,resolved,matched US directory as VZ,US,XNYS,VZ,us,ordinary,US,USD,BBG000HS77T5,BBG001S67QY1,,true,true,0.95,finnhub_directory
VZN,VZ Holding AG,CH,SWX,false,resolved,,SW,XSWX,VZN,suffixed,ordinary,CH,CHF,BBG000CR3CG9,BBG001SM4MH7,,true,false,0.95,openfigi
VZN,VZ Holding AG,CH,SWX,false,resolved,,US,OOTC,VZHGF,us,other,US,USD,,,,false,true,0.75,finnhub_directory
WAB,Westinghouse Air Brake Technologies Corp,US,NYSE,true,resolved,matched US directory as WAB,US,XNYS,WAB,us,ordinary,US,USD,BBG000BDD940,BBG001S5XBT3,,true,true,0.95,finnhub_directory
WAT,Waters Corporation,US,NYSE,true,resolved,matched US directory as WAT,US,XNYS,WAT,us,ordinary,US,USD,BBG000FQRVM3,BBG001S8MDG9,,true,true,0.95,finnhub_directory
WAY,Waystar Holding Corp,US,NASDAQGS,true,resolved,matched US directory as WAY,US,XNAS,WAY,us,ordinary,US,USD,BBG01JRQSDB9,BBG01JRQSF60,,true,true,0.95,finnhub_directory
WBD,Warner Bros Discovery Inc,US,NASDAQGS,true,resolved,matched US directory as WBD,US,XNAS,WBD,us,ordinary,US,USD,BBG011386VF4,BBG011386VG3,,true,true,0.95,finnhub_directory
WCN,Waste Connections Inc,CA,NYSE,true,resolved,matched US directory as WCN,US,XNYS,WCN,us,ordinary,US,USD,BBG000FLHZZ2,BBG001SKJ4K1,,true,true,0.95,finnhub_directory
WCPR.F,Whitecap Resources Inc,US,OTCPK,false,resolved,resolved by name search to WCPRF on US,US,XNYS,WCPRF,us,ordinary,US,USD,BBG000H8MX06,BBG001SK52N7,,true,true,0.7,finnhub_directory
WDAY,Workday Inc,US,NASDAQGS,true,resolved,matched US directory as WDAY,US,XNAS,WDAY,us,ordinary,US,USD,BBG000VC0T95,BBG001T21KQ7,,true,true,0.95,finnhub_directory
WDC,Western Digital Corporation,US,NASDAQGS,true,resolved,matched US directory as WDC,US,XNAS,WDC,us,ordinary,US,USD,BBG000BWNFZ9,BBG001S5XD28,,true,true,0.95,finnhub_directory
WDFC,WD-40 Company,US,NASDAQGS,true,resolved,matched US directory as WDFC,US,XNAS,WDFC,us,ordinary,US,USD,BBG000BWNV93,BBG001S5XD46,,true,true,0.95,finnhub_directory
WEC,WEC Energy Group Inc,US,NYSE,true,resolved,matched US directory as WEC,US,XNYS,WEC,us,ordinary,US,USD,BBG000BWP7D9,BBG001S5XDC7,,true,true,0.95,finnhub_directory
WELL,Welltower Inc,US,NYSE,true,resolved,matched US directory as WELL,US,XNYS,WELL,us,other,US,USD,BBG000BKY1G5,BBG001S5RTQ4,,true,true,0.95,finnhub_directory
WES,Western Midstream Partners LP,US,NYSE,true,resolved,matched US directory as WES,US,XNYS,WES,us,other,US,USD,BBG003M3V230,BBG003M3V2V9,,true,true,0.95,finnhub_directory
WFC,Wells Fargo & Company,US,NYSE,true,resolved,matched US directory as WFC,US,XNYS,WFC,us,ordinary,US,USD,BBG000BWQFY7,BBG001S5XF23,,true,true,0.95,finnhub_directory
WFC,Wells Fargo & Company,US,NYSE,true,resolved,matched US directory as WFC,US,OOTC,WFCNP,us,other,US,USD,,,,false,true,0.75,finnhub_directory
WHD,Cactus Inc,US,NYSE,true,resolved,matched US directory as WHD,US,XNYS,WHD,us,ordinary,US,USD,BBG00JRH1P95,BBG00JRH1Q02,,true,true,0.95,finnhub_directory
WISE,Wise PLC,US,LSE,true,resolved,,LN,XLON,WISE,suffixed,ordinary,GB,GBP,BBG0222Z6FD9,BBG0222W3F49,,true,false,0.95,openfigi
WISE,Wise PLC,US,LSE,true,resolved,,US,XNAS,WSE,us,ordinary,US,USD,BBG0222W3F21,BBG0222W3F49,,false,true,0.9,finnhub_directory
WLDN,Willdan Group Inc,US,NASDAQGM,true,resolved,matched US directory as WLDN,US,XNAS,WLDN,us,ordinary,US,USD,BBG000Q1CKB8,BBG001SNM0H3,,true,true,0.95,finnhub_directory
WLHS.F,Wilh. Wilhelmsen Holding ASA,US,OTCPK,false,resolved,resolved by name search to WLHSF on US,US,XNYS,WLHSF,us,ordinary,US,USD,BBG000C1D8W6,BBG001S6H9Y8,,true,true,0.7,finnhub_directory
WLHS.F,Wilh. Wilhelmsen Holding ASA,US,OTCPK,false,resolved,resolved by name search to WLHSF on US,US,OOTC,WILWY,us,adr,US,USD,BBG0067M3P38,BBG0067M3PV7,,false,true,0.7,finnhub_directory
WM,Waste Management Inc,US,,true,resolved,matched US directory as WM,US,XNYS,WM,us,ordinary,US,USD,BBG000BWVSR1,BBG001S5XH47,,true,true,0.95,finnhub_directory
WMB,Williams Companies Inc,US,NYSE,true,resolved,matched US directory as WMB,US,XNYS,WMB,us,ordinary,US,USD,BBG000BWVCP8,BBG001S5XH10,,true,true,0.95,finnhub_directory
WMMV.F,Wal Mart de Mexico SAB de CV,US,OTCPK,false,resolved,resolved by name search to WMMVF on US,US,XNYS,WMMVF,us,ordinary,US,USD,BBG000BK6KY4,BBG001S7WV70,,true,true,0.7,finnhub_directory
WMT,Walmart Inc,US,,true,resolved,matched US directory as WMT,US,XNAS,WMT,us,ordinary,US,USD,BBG000BWXBC2,BBG001S5XH92,,true,true,0.95,finnhub_directory
WOSG,Watches Of Switzerland Group PLC,GB,LSE,false,resolved,,LN,XLON,WOSG,suffixed,ordinary,GB,GBP,BBG00P9H34Z7,BBG00P9H3520,,true,false,0.95,openfigi
WOSG,Watches Of Switzerland Group PLC,GB,LSE,false,resolved,,US,OOTC,WOSGF,us,ordinary,US,USD,BBG00ZXC0XK4,BBG00P9H3520,,false,true,0.9,finnhub_directory
WPM,Wheaton Precious Metals Corp,CA,,true,resolved,matched US directory as WPM,US,XNYS,WPM,us,ordinary,US,USD,BBG000PVRDL2,BBG001S6DSP0,,true,true,0.95,finnhub_directory
WRB,W. R. Berkley Corp,US,NYSE,true,resolved,matched US directory as WRB,US,XNYS,WRB,us,ordinary,US,USD,BBG000BD1HP2,BBG001S5P463,,true,true,0.95,finnhub_directory
WSE,Wise PLC,US,NASDAQGS,true,resolved,matched US directory as WSE,US,XNAS,WSE,us,ordinary,US,USD,BBG0222W3F21,BBG0222W3F49,,true,true,0.95,finnhub_directory
WSM,Williams-Sonoma Inc,US,NYSE,true,resolved,matched US directory as WSM,US,XNYS,WSM,us,ordinary,US,USD,BBG000FSMWC3,BBG001SBW7S1,,true,true,0.95,finnhub_directory
WST,West Pharmaceutical Services Inc,US,NYSE,true,resolved,matched US directory as WST,US,XNYS,WST,us,ordinary,US,USD,BBG000BX24N8,BBG001S5XK22,,true,true,0.95,finnhub_directory
WT,WisdomTree Investments Inc,US,NYSE,true,resolved,"likely renamed: catalogue says ""WisdomTree Investments Inc"", venue says ""WISDOMTREE INC""",US,XNYS,WT,us,ordinary,US,USD,BBG000KLDTJ2,BBG001SD2W32,,true,true,0.6,finnhub_directory
WTM,White Mountains Insurance Group Ltd,US,NYSE,true,resolved,matched US directory as WTM,US,XNYS,WTM,us,ordinary,US,USD,BBG000G7PNS8,BBG001SBLRT8,,true,true,0.95,finnhub_directory
WTS,Watts Water Technologies Inc,US,NYSE,true,resolved,matched US directory as WTS,US,XNYS,WTS,us,ordinary,US,USD,BBG000C4Z6C2,BBG001S6N6Y7,,true,true,0.95,finnhub_directory
WTW,Willis Towers Watson PLC,GB,NASDAQGS,true,resolved,matched US directory as WTW,US,XNAS,WTW,us,ordinary,US,USD,BBG000DB3KT1,BBG001SHY2Q9,,true,true,0.95,finnhub_directory
WWD,Woodward Inc,US,NASDAQGS,true,resolved,matched US directory as WWD,US,XNAS,WWD,us,ordinary,US,USD,BBG000BD53V2,BBG001S6YZC5,,true,true,0.95,finnhub_directory
WXIB.F,Wuxi Biologics (Cayman) ADR,US,OTCPK,false,resolved,resolved by name search to WXXWY on US,US,XNYS,WXXWY,us,adr,US,USD,BBG00HBQ0L96,BBG00HBQ0M03,,true,true,0.7,finnhub_directory
WXIB.F,Wuxi Biologics (Cayman) ADR,US,OTCPK,false,resolved,resolved by name search to WXXWY on US,US,OOTC,WXIBF,us,ordinary,US,USD,BBG00HW3DBG4,BBG00GTY47J8,,false,true,0.7,finnhub_directory
WXIBF,WuXi Biologics,US,OTCPK,false,resolved,matched US directory as WXIBF,US,OOTC,WXIBF,us,ordinary,US,USD,BBG00HW3DBG4,BBG00GTY47J8,,true,true,0.95,finnhub_directory
WXIBF,WuXi Biologics,US,OTCPK,false,resolved,matched US directory as WXIBF,US,OOTC,WXXWY,us,adr,US,USD,BBG00HBQ0L96,BBG00HBQ0M03,,false,true,0.75,finnhub_directory
WY,Weyerhaeuser Company,US,NYSE,true,resolved,matched US directory as WY,US,XNYS,WY,us,other,US,USD,BBG000BX3BL3,BBG001S5XL11,,true,true,0.95,finnhub_directory
WYNN,Wynn Resorts Limited,US,NASDAQGS,true,resolved,matched US directory as WYNN,US,XNAS,WYNN,us,ordinary,US,USD,BBG000LD9JQ8,BBG001SJZ2V8,,true,true,0.95,finnhub_directory
XEL,Xcel Energy Inc,US,NASDAQGS,true,resolved,matched US directory as XEL,US,XNAS,XEL,us,ordinary,US,USD,BBG000BCTQ65,BBG001S7F0X8,,true,true,0.95,finnhub_directory
XERS,Xeris Pharmaceuticals Inc,US,NASDAQGS,true,resolved,"likely renamed: catalogue says ""Xeris Pharmaceuticals Inc"", venue says ""XERIS BIOPHARMA HOLDINGS INC""",US,XNYS,XERS,us,ordinary,US,USD,BBG012V1MG52,BBG012V1MG61,,true,true,0.6,finnhub_directory
XIAC.F,Xiaomi Corp,US,OTCPK,false,resolved,resolved by name search to XIACF on US,US,XNYS,XIACF,us,ordinary,US,USD,BBG00LSL9WL3,BBG00KVR9RT1,,true,true,0.7,finnhub_directory
XOM,Exxon Mobil Corp,US,NYSE,true,resolved,matched US directory as XOM,US,XNYS,XOM,us,ordinary,US,USD,BBG023CY9MM1,BBG023CY9NL0,,true,true,0.95,finnhub_directory
XPEL,Xpel Inc,US,NASDAQCM,true,resolved,matched US directory as XPEL,US,XNAS,XPEL,us,ordinary,US,USD,BBG000R5XCX9,BBG001S6JQ87,,true,true,0.95,finnhub_directory
XPRO,Expro Group Holdings NV,US,NYSE,true,resolved,matched US directory as XPRO,US,XNYS,XPRO,us,ordinary,US,USD,BBG023LFV6F0,BBG023LFV7X8,,true,true,0.95,finnhub_directory
XYL,Xylem Inc,US,NYSE,true,resolved,matched US directory as XYL,US,XNYS,XYL,us,ordinary,US,USD,BBG001D8R5D0,BBG001V05C73,,true,true,0.95,finnhub_directory
XYZ,Block Inc,US,NYSE,true,resolved,matched US directory as XYZ,US,XNYS,XYZ,us,ordinary,US,USD,BBG0018SLC07,BBG001TFLWL5,,true,true,0.95,finnhub_directory
XZO,Exzeo Group Inc,US,NYSE,true,resolved,matched US directory as XZO,US,XNYS,XZO,us,ordinary,US,USD,BBG01XL8FHT0,BBG01227MF17,,true,true,0.95,finnhub_directory
YALA,Yalla Group Ltd,US,NYSE,true,resolved,matched US directory as YALA,US,XNYS,YALA,us,adr,US,USD,BBG00X71LSZ4,BBG00X71LTT9,,true,true,0.95,finnhub_directory
YELP,Yelp Inc,US,NYSE,true,resolved,matched US directory as YELP,US,XNYS,YELP,us,ordinary,US,USD,BBG000Q2HM09,BBG001T6C2W9,,true,true,0.95,finnhub_directory
YETI,YETI Holdings Inc,US,NYSE,true,resolved,matched US directory as YETI,US,XNYS,YETI,us,ordinary,US,USD,BBG00D8JC882,BBG00D8JC891,,true,true,0.95,finnhub_directory
YMM,Full Truck Alliance Co Ltd ADR,US,NYSE,true,resolved,matched US directory as YMM,US,XNYS,YMM,us,adr,US,USD,BBG01186DLS3,BBG01186DMM7,,true,true,0.95,finnhub_directory
YOU,Clear Secure Inc,US,NYSE,true,resolved,matched US directory as YOU,US,XNYS,YOU,us,ordinary,US,USD,BBG011C0FS40,BBG011C0FSZ6,,true,true,0.95,finnhub_directory
YPSN,Ypsomed Holding AG,CH,SWX,false,resolved,,SW,XSWX,YPSN,suffixed,ordinary,CH,CHF,BBG000BTC786,BBG001SC15W2,,true,false,0.95,openfigi
YPSN,Ypsomed Holding AG,CH,SWX,false,resolved,,US,OOTC,YPHDF,us,ordinary,US,USD,BBG000K11W93,BBG001SC15W2,,false,true,0.9,finnhub_directory
YUM,Yum! Brands Inc,US,NYSE,true,resolved,matched US directory as YUM,US,XNYS,YUM,us,ordinary,US,USD,BBG000BH3GZ2,BBG001S7JQ30,,true,true,0.95,finnhub_directory
YUMC,Yum China Holdings Inc,US,NYSE,true,resolved,matched US directory as YUMC,US,XNYS,YUMC,us,ordinary,US,USD,BBG00B8N0HG1,BBG00B8N0HH0,,true,true,0.95,finnhub_directory
ZBH,Zimmer Biomet Holdings Inc,US,NYSE,true,resolved,matched US directory as ZBH,US,XNYS,ZBH,us,ordinary,US,USD,BBG000BKPL53,BBG001S7DQJ9,,true,true,0.95,finnhub_directory
ZBRA,Zebra Technologies Corporation,US,NASDAQGS,true,resolved,matched US directory as ZBRA,US,XNAS,ZBRA,us,ordinary,US,USD,BBG000CC7LQ7,BBG001S6SX73,,true,true,0.95,finnhub_directory
ZGN,Ermenegildo Zegna NV,IT,NYSE,true,resolved,matched US directory as ZGN,US,XNYS,ZGN,us,ordinary,US,USD,BBG0018F35B8,BBG001TD5LN0,,true,true,0.95,finnhub_directory
ZIJM.F,Zijin Mining Group Co Ltd,US,OTCPK,false,resolved,resolved by name search to ZIJMF on US,US,XNYS,ZIJMF,us,ordinary,US,USD,BBG000GTVX47,BBG001SG9D58,,true,true,0.7,finnhub_directory
ZTS,Zoetis Inc,US,NYSE,true,resolved,matched US directory as ZTS,US,XNYS,ZTS,us,ordinary,US,USD,BBG0039320N9,BBG0039320P7,,true,true,0.95,finnhub_directory
ZURN,Zurich Insurance Group AG,CH,SWX,false,resolved,,SW,XSWX,ZURN,suffixed,ordinary,CH,CHF,BBG000DM6PM0,BBG001SCHTR9,,true,false,0.95,openfigi
ZURN,Zurich Insurance Group AG,CH,SWX,false,resolved,,US,OOTC,ZFSVF,us,ordinary,US,USD,BBG000D3M9D0,BBG001SCHTR9,,false,true,0.9,finnhub_directory
ZURN,Zurich Insurance Group AG,CH,SWX,false,resolved,,US,OOTC,ZURVY,us,adr,US,USD,BBG000D3MRR5,BBG001SG56C9,,false,true,0.75,finnhub_directory
ZWS,Zurn Water Solutions Corp,US,NYSE,true,resolved,matched US directory as ZWS,US,XNYS,ZWS,us,ordinary,US,USD,BBG000H8R0N8,BBG001T36GB5,,true,true,0.95,finnhub_directory